ORDEN #;PROVEEDOR;COMPRADOR;URGENCIA;DIAS QUE AGUANTA;CODIGO;DESCRIPCION;FAMILIA;UNIDAD;STOCK ACTUAL;EN CAMINO;CONSUMO MENSUAL;CANTIDAD A COMPRAR;PRECIO UNIT S/;IMPORTE S/
1;IVOM PLAST SAC;HNOLBERTO;1-SIN STOCK;0;10025093;"BOLSAS PE 28""X50"" X 2.2MM NAT C/FUELLE 2.5""";EMPAQUES y EMBALAJES;UND;0.0;0.0;16.63;24.95;0.6193;15.45
1;IVOM PLAST SAC;HNOLBERTO;1-SIN STOCK;0;10025300;"BOLSAS DE 27.5"" X 50"" X 2.2MM NAT CF 2.5";EMPAQUES y EMBALAJES;UND;0.0;0.0;16.63;24.95;0.6053;15.1
1;IVOM PLAST SAC;JCAMACHO;2-ESTA SEMANA;0;10021931;"BOLSA DE PE  29""X50""X 2.5 MICRAS DE PULGADA CON F/L  2.5""";EMPAQUES y EMBALAJES;UND;0.18;0.0;199.61;299.23;0.7069;211.51
1;IVOM PLAST SAC;JCAMACHO;2-ESTA SEMANA;0;10021929;"BOLSA DE PE  27""X50""X 2.5 MICRAS DE PULGADA CON F/L  2.5""";EMPAQUES y EMBALAJES;UND;23.45;0.0;2091.71;3114.11;0.6469;2014.63
1;IVOM PLAST SAC;JCAMACHO;2-ESTA SEMANA;1;10025431;"BOLSA 27.5"" X 42"" X 1.8MM R1 C/FUELLE LATERAL DE 2.5""";EMPAQUES y EMBALAJES;UND;106.0;0.0;5164.82;7641.23;0.356;2720.28
1;IVOM PLAST SAC;JCAMACHO;2-ESTA SEMANA;3;10023725;"BOLSA 34""X48""X1.5MM ALTA VIRGEN (MUESTRA)";EMPAQUES y EMBALAJES;UND;177.0;0.0;1921.21;2704.82;0.4713;1274.75
1;IVOM PLAST SAC;JCAMACHO;2-ESTA SEMANA;4;10025430;"BOLSA 27"" X 42"" X 1.8MM R1 C/FUELLE LATERAL DE 2.5""";EMPAQUES y EMBALAJES;UND;656.0;0.0;5065.02;6941.52;0.351;2436.48
1;IVOM PLAST SAC;JCAMACHO;3-EN 15 DIAS;8;10015064;"BOLSA 26"" X 50"" X 1.8 C/F 2.5"" EN R1";EMPAQUES y EMBALAJES;UND;604.0;0.0;2291.32;2832.98;0.39;1104.86
1;IVOM PLAST SAC;JCAMACHO;3-EN 15 DIAS;8;10004937;"BOLSA 28.5"" X 50"" X 1.8"" R1 C/FUELLE 2.5";EMPAQUES y EMBALAJES;UND;582.55;0.0;2195.67;2710.96;0.4323;1171.95
1;IVOM PLAST SAC;JCAMACHO;4-EN 30 DIAS;18;10015065;"BOLSA 28.5"" X 57"" X 1.8MM C/FUELLE EN R1";EMPAQUES y EMBALAJES;UND;557.06;0.0;964.76;890.08;0.4928;438.63
1;IVOM PLAST SAC;JCAMACHO;4-EN 30 DIAS;19;10004918;"BOLSAS PE 27.5"" X 50"" X 1.8 C/F 2.5";EMPAQUES y EMBALAJES;UND;5879.47;950.0;10861.92;9463.41;0.1415;1339.07
1;IVOM PLAST SAC;JCAMACHO;4-EN 30 DIAS;20;10004919;"BOLSAS DE P.E. 27"" X 40"" X 1.8 C/F 2.5""";EMPAQUES y EMBALAJES;UND;813.29;0.0;1239.22;1045.55;0.3721;389.02
1;IVOM PLAST SAC;JCAMACHO;4-EN 30 DIAS;20;10004826;LAMINAS SEPARADORA DE  45 cm x 55 cm.;EMPAQUES y EMBALAJES;KG;0.0;72.0;108.57;90.85;1.9;172.62
1;IVOM PLAST SAC;JCAMACHO;4-EN 30 DIAS;23;10004923;"BOLSAS DE P.E. 29.5"" X 50"" X 1.8 C/FUELLE 2.5";EMPAQUES y EMBALAJES;UND;3686.97;900.0;6154.54;4644.83;0.1516;704.16
1;IVOM PLAST SAC;JCAMACHO;4-EN 30 DIAS;24;10023667;BOLSAS DE P.E. 25.5x49x1.8MM;EMPAQUES y EMBALAJES;UND;1001.0;0.0;1264.17;895.26;0.4453;398.63
1;IVOM PLAST SAC;JCAMACHO;4-EN 30 DIAS;26;10021828;"BOLSA DE PE  29.5""X50""X 2.5 MICRAS DE PULGADA CON F/L  2.5""";EMPAQUES y EMBALAJES;UND;848.0;0.0;993.87;642.81;0.7267;467.11
1;IVOM PLAST SAC;JCAMACHO;4-EN 30 DIAS;28;10004916;"BOLSAS PE 27""X50"" X 1.8MM NAT C/FUELLE 2.5""";EMPAQUES y EMBALAJES;UND;3739.9;2150.0;6316.72;3585.17;0.1387;497.26
1;IVOM PLAST SAC;JCAMACHO;4-EN 30 DIAS;28;10004885;BOBINA DE PLASTICO R1 120CM ANCHO X 1.8;EMPAQUES y EMBALAJES;KG;265.1;112.2;403.15;227.42;5.6;1273.56
1;IVOM PLAST SAC;JCAMACHO;5-ALCANZA EL MES;31;10021829;"BOLSA DE PE 27.5""X50""X 2.5 MICRAS DE PULGADA CON F/L  2.5""";EMPAQUES y EMBALAJES;UND;5422.99;0.0;5356.11;2611.17;0.667;1741.78
1;IVOM PLAST SAC;JCAMACHO;5-ALCANZA EL MES;33;10023804;BOLSA A/D 25X45X1.8 SIN FUELLE;EMPAQUES y EMBALAJES;UND;237.0;0.0;220.4;93.6;0.402;37.62
1;IVOM PLAST SAC;JCAMACHO;5-ALCANZA EL MES;37;10015060;"BOLSAS DE  40"" X 29"" X 1.0 EN R1";EMPAQUES y EMBALAJES;UND;585.55;700.0;1043.78;280.12;0.197;55.18
1;IVOM PLAST SAC;JCAMACHO;5-ALCANZA EL MES;38;10005039;"BOLSAS 27"" X 50"" X 1.8M EN R1 C/FUELLE 2.5";EMPAQUES y EMBALAJES;UND;6262.84;1250.0;6063.05;1581.74;0.4099;648.35
1;IVOM PLAST SAC;JCAMACHO;5-ALCANZA EL MES;38;10023736;"BOLSA 26""X50""X1.8 ALTA DENSIDAD (SIN FUELLE)";EMPAQUES y EMBALAJES;UND;1984.02;0.0;1601.01;417.49;0.1338;55.86
1;IVOM PLAST SAC;JCAMACHO;5-ALCANZA EL MES;43;10014878;"BOLSAS DE 27"" X 40"" X 1.8 C/F 2.5"" EN R1";EMPAQUES y EMBALAJES;UND;392.54;600.0;698.62;55.39;0.3304;18.3
1;IVOM PLAST SAC;JCAMACHO;5-ALCANZA EL MES;45;10021930;"BOLSA DE PE  27""X40""X 2.5 MICRAS DE PULGADA CON F/L  2.5""";EMPAQUES y EMBALAJES;UND;676.0;0.0;461.59;16.39;0.5315;8.71
1;IVOM PLAST SAC;JCAMACHO;5-ALCANZA EL MES;45;10025199;LAMINA SEPARADOORA 50CM X 50CM X 1;EMPAQUES y EMBALAJES;KG;34.41;0.0;23.2;0.39;6.3688;2.51
1;IVOM PLAST SAC;JCAMACHO;5-ALCANZA EL MES;46;10025427;"BOLSA 27"" X 42"" X 1.8MM C/FUELLE LATERAL DE 2.5"" NATURAL";EMPAQUES y EMBALAJES;UND;1282.0;0.0;856.64;2.97;0.3861;1.15
2;CASTAÑEDA PALZA HENRY MARTIN;HNOLBERTO;1-SIN STOCK;0;10023287;DISCOS DE CARTON CON VALVULA Y LAINA INTERMEDIA DE ALUMINIO  47.6MM TROQ. MOZO;COMPLEMENTO PT;UND;0.0;0.0;24909.24;37363.85;0.3178;11873.3
2;CASTAÑEDA PALZA HENRY MARTIN;JVILELA;1-SIN STOCK;0;10024936;LAINA DE ALUMINIO LIFE PARA SELLADO POR INDUCCION EASY PEEL 1 PESTAÑA 83.5 MM;COMPLEMENTO PT;UND;0.0;0.0;9398.14;14097.21;0.1982;2794.35
2;CASTAÑEDA PALZA HENRY MARTIN;HNOLBERTO;1-SIN STOCK;0;10026871;LAINA DE ALUMINIO LIFE P/POTE HANNA PARA SELLADO POR INDUCCION EASY PEEL PESTAÑA 84 MM;COMPLEMENTO PT;UND;0.0;0.0;4990.16;7485.25;0.1862;1393.98
2;CASTAÑEDA PALZA HENRY MARTIN;HNOLBERTO;1-SIN STOCK;0;10025264;LAINAS DE ALUMINIO A SELLADO POR INDUCCION SIN RESPALDO 60MM IMPRESION FITOVOL;COMPLEMENTO PT;UND;0.0;0.0;2160.32;3240.49;0.1268;410.88
2;CASTAÑEDA PALZA HENRY MARTIN;HNOLBERTO;1-SIN STOCK;0;10025997;LAINA DE ALUMINIO SIN IMPRESION DIAMETRO 47.4MM ESPESOR 0.32MM;COMPLEMENTO PT;UND;0.0;0.0;2827.76;4241.64;0.0946;401.12
2;CASTAÑEDA PALZA HENRY MARTIN;JVILELA;1-SIN STOCK;0;10025320;LAINA DE ALUMINIO PARA SELLADO POR INDUCCION 47.80MM ESPESOR 0.32 LOGO TAPITA;COMPLEMENTO PT;UND;0.0;0.0;1663.39;2495.08;0.0983;245.15
2;CASTAÑEDA PALZA HENRY MARTIN;HNOLBERTO;1-SIN STOCK;0;10026753;LAINA DE ALUMINIO C/IMPRESION NOVAGRO-AG DIAMETRO 47.8MM;COMPLEMENTO PT;UND;0.0;0.0;1247.54;1871.31;0.0961;179.77
2;CASTAÑEDA PALZA HENRY MARTIN;HNOLBERTO;1-SIN STOCK;0;10023600;LAINAS DE ALUMINIO IMPRESION ITAM  DIAMETRO 36.20MM;COMPLEMENTO PT;UND;0.0;0.0;831.69;1247.54;0.0976;121.77
2;CASTAÑEDA PALZA HENRY MARTIN;HNOLBERTO;1-SIN STOCK;0;10026196;LAINA DE ALUMINIO CON IMPRESION CANDEAGRO DIAMETRO 47.8MM;COMPLEMENTO PT;UND;0.0;0.0;831.69;1247.54;0.0943;117.65
2;CASTAÑEDA PALZA HENRY MARTIN;HNOLBERTO;1-SIN STOCK;0;10025902;LAINA DE ALUMINIO SIN IMPRESION P/TAPA PRECINTO B36 35.80 MM Y FRASCO ITALIANO- TROQUELADOS MOZO;COMPLEMENTO PT;UND;0.0;0.0;831.69;1247.54;0.0674;84.03
2;CASTAÑEDA PALZA HENRY MARTIN;HNOLBERTO;1-SIN STOCK;0;10027352;LAINAS DE ALUMINIO IMPRESION FOLSVITA DIAMETRO  47.80MM;COMPLEMENTO PT;UND;0.0;0.0;415.85;623.77;0.0937;58.47
2;CASTAÑEDA PALZA HENRY MARTIN;HNOLBERTO;3-EN 15 DIAS;13;10025960;LAINA DE ALUMINIO SIN IMPRESION P/TAPA B38 DIAM 37.00MM - (ESP. 0.32);COMPLEMENTO PT;UND;5286.0;0.0;12059.56;12803.34;0.0705;902.33
3;DISTRIBUIDORA Y MATIZADOS VELSA ST S.A.C;HEBER;1-SIN STOCK;0;10010752;PINTURA ESMALTE;SUMINISTROS;GL;0.0;0.0;8.73;13.1;33.8983;444.03
3;DISTRIBUIDORA Y MATIZADOS VELSA ST S.A.C;HEBER;1-SIN STOCK;0;10005323;PINTURA ALTO TRAFICO;SUMINISTROS;UND;0.0;0.0;5.07;7.61;41.5254;316.01
3;DISTRIBUIDORA Y MATIZADOS VELSA ST S.A.C;JCAMACHO;1-SIN STOCK;0;10004486;PINTURA LATEX;SUMINISTROS;UND;0.0;0.0;2.25;3.37;22.8814;77.06
3;DISTRIBUIDORA Y MATIZADOS VELSA ST S.A.C;JCAMACHO;1-SIN STOCK;0;10014456;DISOLVENTE;REPUESTOS;UND;0.0;0.0;2.0;2.99;35.5932;106.57
3;DISTRIBUIDORA Y MATIZADOS VELSA ST S.A.C;JCAMACHO;1-SIN STOCK;0;10014646;"BROCHAS TUMI 3""";SUMINISTROS;UND;0.0;0.0;2.25;3.37;9.322;31.4
3;DISTRIBUIDORA Y MATIZADOS VELSA ST S.A.C;JCAMACHO;1-SIN STOCK;0;10005425;EXTENSION;SUMINISTROS;UND;0.0;0.0;0.92;1.37;15.2542;20.93
3;DISTRIBUIDORA Y MATIZADOS VELSA ST S.A.C;JCAMACHO;1-SIN STOCK;0;10010721;TEROKAL;SUMINISTROS;UND;0.0;0.0;0.58;0.87;18.6441;16.28
3;DISTRIBUIDORA Y MATIZADOS VELSA ST S.A.C;RFIGUEREDO;1-SIN STOCK;0;10008596;ESMALTE GLOSS COLOR NEGRO;SUMINISTROS;UND;0.0;0.0;0.33;0.5;55.0847;27.49
3;DISTRIBUIDORA Y MATIZADOS VELSA ST S.A.C;JCAMACHO;1-SIN STOCK;0;10026113;PINTURA PARA TRÁFICO AMARILLO - PTM 2020;SUMINISTROS;GL;0.0;0.0;0.25;0.37;41.5254;15.53
3;DISTRIBUIDORA Y MATIZADOS VELSA ST S.A.C;JCAMACHO;1-SIN STOCK;0;10007682;"BROCHA 1""";SUMINISTROS;UND;0.0;0.0;0.92;1.37;2.9661;4.07
3;DISTRIBUIDORA Y MATIZADOS VELSA ST S.A.C;JCAMACHO;1-SIN STOCK;0;10008135;"BROCHA 2""";SUMINISTROS;UND;0.0;0.0;0.75;1.12;5.9322;6.66
3;DISTRIBUIDORA Y MATIZADOS VELSA ST S.A.C;JCAMACHO;1-SIN STOCK;0;10026636;MASILLA AUTOMOTRIZ PIROXILINA;SUMINISTROS;UND;0.0;0.0;0.08;0.12;63.5593;7.94
3;DISTRIBUIDORA Y MATIZADOS VELSA ST S.A.C;RFIGUEREDO;1-SIN STOCK;0;10026112;ANTICORROSIVO KITOX MAESTRO GRIS AMT - 7315;SUMINISTROS;GL;0.0;0.0;0.08;0.12;38.1356;4.77
3;DISTRIBUIDORA Y MATIZADOS VELSA ST S.A.C;RFIGUEREDO;1-SIN STOCK;0;10025984;THINNER ACRILICO REFORZADO AC-350;SUMINISTROS;UND;0.0;0.0;0.17;0.25;15.2542;3.81
3;DISTRIBUIDORA Y MATIZADOS VELSA ST S.A.C;RFIGUEREDO;1-SIN STOCK;0;10014647;RODILLOS TORO BLANCO;SUMINISTROS;UND;0.0;0.0;0.17;0.25;7.6271;1.91
3;DISTRIBUIDORA Y MATIZADOS VELSA ST S.A.C;HEBER;2-ESTA SEMANA;3;10004489;PINTURA EPOXICA;SUMINISTROS;UND;0.0;1.0;11.0;15.5;203.3898;3152.34
3;DISTRIBUIDORA Y MATIZADOS VELSA ST S.A.C;JCAMACHO;2-ESTA SEMANA;4;10004488;PINTURA SPRAY;SUMINISTROS;UND;1.0;0.0;6.82;9.23;5.9322;54.75
3;DISTRIBUIDORA Y MATIZADOS VELSA ST S.A.C;JCAMACHO;2-ESTA SEMANA;7;10008773;PINTURA SUPER GLOSS;SUMINISTROS;UND;0.0;2.0;9.17;11.75;55.0847;647.47
3;DISTRIBUIDORA Y MATIZADOS VELSA ST S.A.C;JCAMACHO;5-ALCANZA EL MES;41;10010800;"RODILLO DE 9"" PARA PINTURA";SUMINISTROS;UND;3.0;0.0;2.25;0.37;15.2542;5.61
4;DISTRIBUIDORA DAMAFI E.I.R.L.;JCAMACHO;1-SIN STOCK;0;10008702;SACAGRASA PARA LIMPIEZA DE MAQUINAS;SUMINISTROS;GL;0.0;0.0;25.37;38.05;18.64;709.25
4;DISTRIBUIDORA DAMAFI E.I.R.L.;JCAMACHO;1-SIN STOCK;0;10023144;GUANTE ANTICORTE HYFLEX 11-727;SUMINISTROS;UND;0.0;0.0;14.14;21.21;15.25;323.42
4;DISTRIBUIDORA DAMAFI E.I.R.L.;JCAMACHO;1-SIN STOCK;0;10005061;GUANTES DE HILO TEJIDO DE 90 GRAMOS;SUMINISTROS;PAR;0.0;0.0;49.9;74.85;3.64;272.46
4;DISTRIBUIDORA DAMAFI E.I.R.L.;JCAMACHO;1-SIN STOCK;0;10013813;ZAPATO SEGURIDAD IND. T:41;SUMINISTROS;PAR;0.0;0.0;2.66;3.99;26.27;104.87
4;DISTRIBUIDORA DAMAFI E.I.R.L.;JCAMACHO;1-SIN STOCK;0;10010821;"PIEDRA P/RECTIFICADORA 12"" X 1 1/2"" X 5"" (304.8 X 38.10X 127 )GRANO 46 MARCA NORTON";SUMINISTROS;UND;0.0;0.0;0.5;0.75;237.35;177.78
4;DISTRIBUIDORA DAMAFI E.I.R.L.;JCAMACHO;1-SIN STOCK;0;10010114;BALANZA;SUMINISTROS;UND;0.0;0.0;0.25;0.37;62.7119;23.45
4;DISTRIBUIDORA DAMAFI E.I.R.L.;RFIGUEREDO;1-SIN STOCK;0;10003914;PASTA PARA PULIR MOLD POLISH MARCA SLIDE;MATERIALES AUXILIARES;UND;0.0;0.0;0.25;0.37;432.2;161.64
4;DISTRIBUIDORA DAMAFI E.I.R.L.;JCAMACHO;1-SIN STOCK;0;10016867;SELLO MECANICO;REPUESTOS;UND;0.0;0.0;0.42;0.62;6.78;4.23
4;DISTRIBUIDORA DAMAFI E.I.R.L.;JCAMACHO;1-SIN STOCK;0;10005060;GUANTES DE HILO 70GR LIVIANO;SUMINISTROS;PAR;0.0;0.0;25.45;38.17;3.39;129.41
4;DISTRIBUIDORA DAMAFI E.I.R.L.;JCAMACHO;1-SIN STOCK;0;10005070;LETREROS;MATERIALES AUXILIARES;UND;0.0;0.0;11.23;16.84;3.22;54.23
4;DISTRIBUIDORA DAMAFI E.I.R.L.;JCAMACHO;1-SIN STOCK;0;10011207;SEÑALES EN CELTEX;SUMINISTROS;UND;0.0;0.0;7.57;11.35;4.83;54.83
4;DISTRIBUIDORA DAMAFI E.I.R.L.;HNOLBERTO;1-SIN STOCK;0;10010652;ANGULO;SUMINISTROS;UND;0.0;0.0;5.32;7.98;2.29;18.28
4;DISTRIBUIDORA DAMAFI E.I.R.L.;JCAMACHO;1-SIN STOCK;0;10013420;LIMPIA CONTACTO ELECTRICO/ELECTRONICO CRC3130;REPUESTOS;UND;0.0;0.0;2.08;3.12;27.97;87.24
4;DISTRIBUIDORA DAMAFI E.I.R.L.;JCAMACHO;1-SIN STOCK;0;10014788;MANGA KEVLAR AMARILLO;SUMINISTROS;PAR;0.0;0.0;2.5;3.74;18.64;69.77
4;DISTRIBUIDORA DAMAFI E.I.R.L.;JCAMACHO;1-SIN STOCK;0;10008979;CINTILLO DE  400 M.M - BOLSA X 100 UNIDADES;MATERIALES AUXILIARES;PQT;0.0;0.0;6.49;9.73;8.64;84.08
4;DISTRIBUIDORA DAMAFI E.I.R.L.;JCAMACHO;1-SIN STOCK;0;10003968;CONECTOR CODO 1/2 XM10;REPUESTOS;UND;0.0;0.0;6.57;9.86;6.36;62.68
4;DISTRIBUIDORA DAMAFI E.I.R.L.;HNOLBERTO;1-SIN STOCK;0;10008428;SOLDADURA INOX. 29/9 X 1/8;SUMINISTROS;UND;0.0;0.0;0.33;0.5;140.68;70.2
4;DISTRIBUIDORA DAMAFI E.I.R.L.;JCAMACHO;1-SIN STOCK;0;10004541;CONECTOR NEUMATICO RECTO  M10 X 1/2 NPT;REPUESTOS;UND;0.0;0.0;6.9;10.36;5.93;61.41
4;DISTRIBUIDORA DAMAFI E.I.R.L.;JCAMACHO;1-SIN STOCK;0;10004834;CANDADO 60MM BRONC. FORTE;SUMINISTROS;UND;0.0;0.0;1.08;1.62;38.5;62.45
4;DISTRIBUIDORA DAMAFI E.I.R.L.;HNOLBERTO;1-SIN STOCK;0;10011974;CARTUCHO 6001 PACK X 2- 3M- TRABAJOS DE PINTURA;SUMINISTROS;PAR;0.0;0.0;1.0;1.5;31.36;46.95
4;DISTRIBUIDORA DAMAFI E.I.R.L.;HNOLBERTO;1-SIN STOCK;0;10022766;PLANCHA DE ACRÍLICO TRANSPARENTE 4mm;SUMINISTROS;UND;0.0;0.0;0.25;0.37;13.56;5.07
4;DISTRIBUIDORA DAMAFI E.I.R.L.;JCAMACHO;1-SIN STOCK;0;10008800;SILICONA ROJA EN TUBO - ALTA TEMPERATURA 650  FAHRENHEIT;SUMINISTROS;UND;0.0;0.0;1.66;2.5;22.03;54.96
4;DISTRIBUIDORA DAMAFI E.I.R.L.;JCAMACHO;1-SIN STOCK;0;10008534;LOCTITE 271  ROJO;SUMINISTROS;UND;0.0;0.0;0.58;0.87;62.71;54.75
4;DISTRIBUIDORA DAMAFI E.I.R.L.;JCAMACHO;1-SIN STOCK;0;10016588;FAJA B-80;REPUESTOS;UND;0.0;0.0;0.75;1.12;20.34;22.84
4;DISTRIBUIDORA DAMAFI E.I.R.L.;JCAMACHO;1-SIN STOCK;0;10011435;BOBINA DE BOLSAS  12 X 17;EMPAQUES y EMBALAJES;UND;0.0;0.0;3.08;4.62;5.51;25.43
4;DISTRIBUIDORA DAMAFI E.I.R.L.;HNOLBERTO;1-SIN STOCK;0;10010459;CHAPA;SUMINISTROS;UND;0.0;0.0;0.67;1.0;6.78;6.77
4;DISTRIBUIDORA DAMAFI E.I.R.L.;JCAMACHO;1-SIN STOCK;0;10008142;ESCOBA PLASTICA GRANDE AZUL;SUMINISTROS;UND;0.0;0.0;2.41;3.62;11.44;41.39
4;DISTRIBUIDORA DAMAFI E.I.R.L.;RFIGUEREDO;1-SIN STOCK;0;10008141;ESCOBA PLASTICA GRANDE ROJO;SUMINISTROS;UND;0.0;0.0;2.75;4.12;8.31;34.21
4;DISTRIBUIDORA DAMAFI E.I.R.L.;RFIGUEREDO;1-SIN STOCK;0;10017585;SUPER GRASA SLIDE;SUMINISTROS;UND;0.0;0.0;0.5;0.75;60.17;45.07
4;DISTRIBUIDORA DAMAFI E.I.R.L.;JCAMACHO;1-SIN STOCK;0;10004523;PULSADOR LUMINOSO COLOR VERDE 22mm C/LED 220VAC CAMSCO;REPUESTOS;UND;0.0;0.0;0.67;1.0;16.95;16.92
4;DISTRIBUIDORA DAMAFI E.I.R.L.;HNOLBERTO;1-SIN STOCK;0;10003830;FAJA PARA MOTOR B74;REPUESTOS;UND;0.0;0.0;1.25;1.87;17.8;33.3
4;DISTRIBUIDORA DAMAFI E.I.R.L.;JCAMACHO;1-SIN STOCK;0;10007238;LINTERNA  RECARGABLE;SUMINISTROS;UND;0.0;0.0;0.58;0.87;20.34;17.76
4;DISTRIBUIDORA DAMAFI E.I.R.L.;JCAMACHO;1-SIN STOCK;0;10016868;"LLAVE FRANCESA 12""";SUMINISTROS;UND;0.0;0.0;0.42;0.62;6.78;4.23
4;DISTRIBUIDORA DAMAFI E.I.R.L.;JCAMACHO;1-SIN STOCK;0;10004654;SOLDADURA CITODUR 600 DE 1/8;SUMINISTROS;KG;0.0;0.0;0.42;0.62;45.76;28.55
4;DISTRIBUIDORA DAMAFI E.I.R.L.;JCAMACHO;1-SIN STOCK;0;10026633;LLAVE TERMICA DE 25 AMPERIOS;REPUESTOS;UND;0.0;0.0;0.17;0.25;45.76;11.44
4;DISTRIBUIDORA DAMAFI E.I.R.L.;RFIGUEREDO;1-SIN STOCK;0;10011341;ESCUADRA DE COMBINACION;SUMINISTROS;UND;0.0;0.0;0.17;0.25;19.49;4.87
4;DISTRIBUIDORA DAMAFI E.I.R.L.;JCAMACHO;1-SIN STOCK;0;10023308;PERNO SOCKET M24 X 75;REPUESTOS;UND;0.0;0.0;1.0;1.5;18.26;27.34
4;DISTRIBUIDORA DAMAFI E.I.R.L.;RFIGUEREDO;1-SIN STOCK;0;10004436;PERNO SOCKET M20 X 90;REPUESTOS;UND;0.0;0.0;1.5;2.25;11.02;24.75
4;DISTRIBUIDORA DAMAFI E.I.R.L.;JCAMACHO;1-SIN STOCK;0;10004136;JUEGO DE LLAVE ALLEN EN MM;SUMINISTROS;UND;0.0;0.0;0.5;0.75;25.42;19.04
4;DISTRIBUIDORA DAMAFI E.I.R.L.;JCAMACHO;1-SIN STOCK;0;10004655;SOLDADURA SUPERCITO 7018  DE 1/8;SUMINISTROS;KG;0.0;0.0;1.0;1.5;16.95;25.37
4;DISTRIBUIDORA DAMAFI E.I.R.L.;HNOLBERTO;1-SIN STOCK;0;10014725;LUPA CUENTA HILOS  30 X;SUMINISTROS;UND;0.0;0.0;0.33;0.5;10.17;5.07
4;DISTRIBUIDORA DAMAFI E.I.R.L.;JCAMACHO;1-SIN STOCK;0;10011363;CADENA;REPUESTOS;UND;0.0;0.0;0.17;0.25;17.63;4.41
4;DISTRIBUIDORA DAMAFI E.I.R.L.;JCAMACHO;1-SIN STOCK;0;10005450;MEMORIA USB 32GB;SUMINISTROS;UND;0.0;0.0;0.5;0.75;16.95;12.7
4;DISTRIBUIDORA DAMAFI E.I.R.L.;RFIGUEREDO;1-SIN STOCK;0;10003727;ABRAZADERA ACERADA 12 - 22;SUMINISTROS;UND;0.0;0.0;4.16;6.24;2.37;14.78
4;DISTRIBUIDORA DAMAFI E.I.R.L.;RFIGUEREDO;1-SIN STOCK;0;10003992;CONECTOR CODO DE 1/2-16;REPUESTOS;UND;0.0;0.0;0.83;1.25;17.85;22.28
4;DISTRIBUIDORA DAMAFI E.I.R.L.;JCAMACHO;1-SIN STOCK;0;10024339;MOUSE CON CABLE;SUMINISTROS;UND;0.0;0.0;0.83;1.25;12.71;15.86
4;DISTRIBUIDORA DAMAFI E.I.R.L.;JCAMACHO;1-SIN STOCK;0;10008103;VARILLA DE BRONCE DE 3/8;SUMINISTROS;UND;0.0;0.0;0.33;0.5;15.25;7.61
4;DISTRIBUIDORA DAMAFI E.I.R.L.;RFIGUEREDO;1-SIN STOCK;0;10003764;"GARRUCHA DE ""2";REPUESTOS;UND;0.0;0.0;0.33;0.5;8.47;4.23
4;DISTRIBUIDORA DAMAFI E.I.R.L.;JCAMACHO;1-SIN STOCK;0;10007339;MANGUERA PARA ASPERSOR;SUMINISTROS;MT;0.0;0.0;0.75;1.12;20.34;22.84
4;DISTRIBUIDORA DAMAFI E.I.R.L.;JCAMACHO;1-SIN STOCK;0;10020956;BOLSAS  ZIPLOCK;SUMINISTROS;PQT;0.0;0.0;0.75;1.12;0.2119;0.24
4;DISTRIBUIDORA DAMAFI E.I.R.L.;HNOLBERTO;1-SIN STOCK;0;10005163;PLUMON P/PIZARRA JUMBO 123;SUMINISTROS;UND;0.0;0.0;7.49;11.23;1.19;13.36
4;DISTRIBUIDORA DAMAFI E.I.R.L.;JCAMACHO;1-SIN STOCK;0;10007666;PULVERIZADOR O ROCIADOR;SUMINISTROS;UND;0.0;0.0;1.75;2.62;2.12;5.55
4;DISTRIBUIDORA DAMAFI E.I.R.L.;JCAMACHO;1-SIN STOCK;0;10014445;SIKAFLEX;REPUESTOS;UND;0.0;0.0;0.42;0.62;21.19;13.22
4;DISTRIBUIDORA DAMAFI E.I.R.L.;RFIGUEREDO;1-SIN STOCK;0;10017356;PERNO SOCKET;REPUESTOS;UND;0.0;0.0;2.16;3.24;1.27;4.12
4;DISTRIBUIDORA DAMAFI E.I.R.L.;JCAMACHO;1-SIN STOCK;0;10016528;CARGADOR UNIVERSAL PARA CELULARES;GASTOS ADMINISTRATIVOS;UND;0.0;0.0;0.67;1.0;9.32;9.3
4;DISTRIBUIDORA DAMAFI E.I.R.L.;JCAMACHO;1-SIN STOCK;0;10023598;BATERIA RECARGABLE  DE LITHIUM ML1220 3V CON PINES PARA SOLDAR;REPUESTOS;UND;0.0;0.0;0.83;1.25;16.1;20.09
4;DISTRIBUIDORA DAMAFI E.I.R.L.;JCAMACHO;1-SIN STOCK;0;10011506;CANASTILLA;REPUESTOS;UND;0.0;0.0;1.0;1.5;12.71;19.03
4;DISTRIBUIDORA DAMAFI E.I.R.L.;HNOLBERTO;1-SIN STOCK;0;10007845;"LLAVE STEELSON DE 14"" STANLEY";SUMINISTROS;UND;0.0;0.0;0.17;0.25;70.34;17.59
4;DISTRIBUIDORA DAMAFI E.I.R.L.;JCAMACHO;1-SIN STOCK;0;10008538;PAQUETE DE  VASO DESCARTABLE N°6 X 50 UND;MATERIALES AUXILIARES;PQT;0.0;0.0;25.53;38.3;0.0339;1.3
4;DISTRIBUIDORA DAMAFI E.I.R.L.;HNOLBERTO;1-SIN STOCK;0;10021800;Adaptador usb a red TP-Link / USB - 10/100/1000;SUMINISTROS;UND;0.0;0.0;0.17;0.25;35.17;8.79
4;DISTRIBUIDORA DAMAFI E.I.R.L.;JCAMACHO;1-SIN STOCK;0;10025073;"PERNO DE ANCLAJE 5/8 X 3 1/2"" LARGO";REPUESTOS;UND;0.0;0.0;1.16;1.75;2.12;3.7
4;DISTRIBUIDORA DAMAFI E.I.R.L.;RFIGUEREDO;1-SIN STOCK;0;10025584;CINTA SCOTH TRANSPARENTE 19 MM X 32.9 M (36 YD);SUMINISTROS;UND;0.0;0.0;0.58;0.87;18.64;16.27
4;DISTRIBUIDORA DAMAFI E.I.R.L.;RFIGUEREDO;1-SIN STOCK;0;10020750;FILTRO DE ACERO INOX TIPO MALLA PARA SISTEMA DE REFRIGERACION;REPUESTOS;UND;0.0;0.0;0.83;1.25;12.71;15.86
4;DISTRIBUIDORA DAMAFI E.I.R.L.;HNOLBERTO;1-SIN STOCK;0;10013905;GUANTE TEJIDO KEVLAR / TWARON GALGA 7 - USO  CORTE Y CALOR;SUMINISTROS;UND;0.0;0.0;0.17;0.25;62.71;15.68
4;DISTRIBUIDORA DAMAFI E.I.R.L.;RFIGUEREDO;1-SIN STOCK;0;10008801;PLANTILLA DE LETRAS;SUMINISTROS;UND;0.0;0.0;0.17;0.25;8.47;2.12
4;DISTRIBUIDORA DAMAFI E.I.R.L.;RFIGUEREDO;1-SIN STOCK;0;10011940;JUEGO DE NUMEROS;SUMINISTROS;UND;0.0;0.0;0.17;0.25;16.1;4.03
4;DISTRIBUIDORA DAMAFI E.I.R.L.;JCAMACHO;1-SIN STOCK;0;10026708;CABLE CELULAR GENERICO USB Tipo C a USB-A;SUMINISTROS;UND;0.0;0.0;0.5;0.75;8.47;6.34
4;DISTRIBUIDORA DAMAFI E.I.R.L.;JCAMACHO;1-SIN STOCK;0;10004150;LLAVE ALLEN 12 MM;SUMINISTROS;UND;0.0;0.0;0.17;0.25;24.58;6.14
4;DISTRIBUIDORA DAMAFI E.I.R.L.;JCAMACHO;1-SIN STOCK;0;10025181;KILO DE SOLDADURA SELLOCOR 6011 1/8;SUMINISTROS;KG;0.0;0.0;0.46;0.69;16.95;11.63
4;DISTRIBUIDORA DAMAFI E.I.R.L.;JCAMACHO;1-SIN STOCK;0;10017331;"ABRAZADERA 2""";REPUESTOS;UND;0.0;0.0;3.33;4.99;1.27;6.34
4;DISTRIBUIDORA DAMAFI E.I.R.L.;JCAMACHO;1-SIN STOCK;0;10018344;GUANTES DE BADANA REFORZADO;SUMINISTROS;PAR;0.0;0.0;1.58;2.37;5.08;12.04
4;DISTRIBUIDORA DAMAFI E.I.R.L.;RFIGUEREDO;1-SIN STOCK;0;10026210;CHEMA CLEAN MULTIUSO;SUMINISTROS;LT;0.0;0.0;0.33;0.5;23.73;11.84
4;DISTRIBUIDORA DAMAFI E.I.R.L.;RFIGUEREDO;1-SIN STOCK;0;10009864;BARNIZ AISLANTE TRANSPARENTE;SUMINISTROS;UND;0.0;0.0;0.17;0.25;46.61;11.65
4;DISTRIBUIDORA DAMAFI E.I.R.L.;RFIGUEREDO;1-SIN STOCK;0;10010510;DISCO CORTE 7X1/16X7/8;SUMINISTROS;UND;0.0;0.0;1.25;1.87;5.42;10.14
4;DISTRIBUIDORA DAMAFI E.I.R.L.;RFIGUEREDO;1-SIN STOCK;0;10016961;"LLAVE STILLSON DE 14"" STANLEY";SUMINISTROS;UND;0.0;0.0;0.08;0.12;71.19;8.9
4;DISTRIBUIDORA DAMAFI E.I.R.L.;JCAMACHO;1-SIN STOCK;0;10016529;CASE PARA CELULARES;GASTOS ADMINISTRATIVOS;UND;0.0;0.0;0.42;0.62;16.95;10.58
4;DISTRIBUIDORA DAMAFI E.I.R.L.;JCAMACHO;1-SIN STOCK;0;10024338;TECLADO PARA PC;SUMINISTROS;UND;0.0;0.0;0.17;0.25;42.37;10.59
4;DISTRIBUIDORA DAMAFI E.I.R.L.;JCAMACHO;1-SIN STOCK;0;10004135;"UNION UNIVERSAL 1""";REPUESTOS;UND;0.0;0.0;0.42;0.62;9.32;5.82
4;DISTRIBUIDORA DAMAFI E.I.R.L.;JCAMACHO;1-SIN STOCK;0;10023711;SOCKET LED PARA VALVULA HIDRAULICA DE 110 VAC;REPUESTOS;UND;0.0;0.0;0.83;1.25;8.47;10.57
4;DISTRIBUIDORA DAMAFI E.I.R.L.;JCAMACHO;1-SIN STOCK;0;10027002;"VARILLAS ANGULO 1 1/2"" X 1 1/2"" X 3MM GROSOR";SUMINISTROS;UND;0.0;0.0;0.17;0.25;42.37;10.59
4;DISTRIBUIDORA DAMAFI E.I.R.L.;JCAMACHO;1-SIN STOCK;0;10024396;PEGAMENTO PARA PVC ALTA PRESION OATEY AZUL 946mL;REPUESTOS;UND;0.0;0.0;0.25;0.37;15.25;5.7
4;DISTRIBUIDORA DAMAFI E.I.R.L.;JCAMACHO;1-SIN STOCK;0;10012363;RODAJE 6204 2RS/C3;REPUESTOS;UND;0.0;0.0;0.33;0.5;18.64;9.3
4;DISTRIBUIDORA DAMAFI E.I.R.L.;RFIGUEREDO;1-SIN STOCK;0;10024126;REJILLA PARA DESAGUE;SUMINISTROS;UND;0.0;0.0;0.25;0.37;11.02;4.12
4;DISTRIBUIDORA DAMAFI E.I.R.L.;JCAMACHO;1-SIN STOCK;0;10005442;BANDEJA PORTAPAPEL 3 PISOS ARTESCO PREMI;SUMINISTROS;UND;0.0;0.0;0.17;0.25;29.66;7.42
4;DISTRIBUIDORA DAMAFI E.I.R.L.;JCAMACHO;1-SIN STOCK;0;10026869;PRISIONERO M10 X 15;SUMINISTROS;UND;0.0;0.0;4.49;6.74;0.85;5.73
4;DISTRIBUIDORA DAMAFI E.I.R.L.;JCAMACHO;1-SIN STOCK;0;10014666;MANUBRIO;REPUESTOS;UND;0.0;0.0;0.25;0.37;22.03;8.24
4;DISTRIBUIDORA DAMAFI E.I.R.L.;RFIGUEREDO;1-SIN STOCK;0;10004528;PULSADOR TRIPLE PARA EMPOTRAR BTICINO;REPUESTOS;UND;0.0;0.0;0.08;0.12;63.56;7.95
4;DISTRIBUIDORA DAMAFI E.I.R.L.;RFIGUEREDO;1-SIN STOCK;0;10008750;REGLA DE METAL;SUMINISTROS;UND;0.0;0.0;0.25;0.37;11.86;4.44
4;DISTRIBUIDORA DAMAFI E.I.R.L.;RFIGUEREDO;1-SIN STOCK;0;10012632;PERCHERO;SUMINISTROS;UND;0.0;0.0;1.75;2.62;1.5409;4.04
4;DISTRIBUIDORA DAMAFI E.I.R.L.;JCAMACHO;1-SIN STOCK;0;10025139;FOCO LED REDONDO DE 50 W;REPUESTOS;UND;0.0;0.0;0.25;0.37;10.17;3.8
4;DISTRIBUIDORA DAMAFI E.I.R.L.;JCAMACHO;1-SIN STOCK;0;10021164;CUCHILLA PARA CUTTER;SUMINISTROS;UND;0.0;0.0;2.66;3.99;0.508;2.03
4;DISTRIBUIDORA DAMAFI E.I.R.L.;HNOLBERTO;1-SIN STOCK;0;10004420;PERNO SOCKET M16X180;REPUESTOS;UND;0.0;0.0;0.33;0.5;14.41;7.19
4;DISTRIBUIDORA DAMAFI E.I.R.L.;RFIGUEREDO;1-SIN STOCK;0;10014308;DESTORNILLADOR PERILLERO;SUMINISTROS;UND;0.0;0.0;0.17;0.25;15.25;3.81
4;DISTRIBUIDORA DAMAFI E.I.R.L.;RFIGUEREDO;1-SIN STOCK;0;10004378;PERNO SOCKET M20 X 120;REPUESTOS;UND;0.0;0.0;0.33;0.5;13.56;6.77
4;DISTRIBUIDORA DAMAFI E.I.R.L.;RFIGUEREDO;1-SIN STOCK;0;10008795;ALAMBRE NEGRO N° 16;SUMINISTROS;KG;0.0;0.0;0.42;0.62;5.93;3.7
4;DISTRIBUIDORA DAMAFI E.I.R.L.;JCAMACHO;1-SIN STOCK;0;10024972;FAJA B 66 DE MARCA OPTIBEL;REPUESTOS;UND;0.0;0.0;0.25;0.37;16.95;6.34
4;DISTRIBUIDORA DAMAFI E.I.R.L.;JCAMACHO;1-SIN STOCK;0;10026962;SILICONA LÍQUIDA VISTONY WHITE 300 ML;SUMINISTROS;UND;0.0;0.0;0.17;0.25;25.42;6.36
4;DISTRIBUIDORA DAMAFI E.I.R.L.;JCAMACHO;1-SIN STOCK;0;10005334;KIT DE TECLADO Y MOUSE INALAMBRICO GENIU;SUMINISTROS;UND;0.0;0.0;0.08;0.12;50.0;6.25
4;DISTRIBUIDORA DAMAFI E.I.R.L.;RFIGUEREDO;1-SIN STOCK;0;10004382;PERNO SOCKET 3/4 X 3;REPUESTOS;UND;0.0;0.0;0.83;1.25;4.75;5.93
4;DISTRIBUIDORA DAMAFI E.I.R.L.;JCAMACHO;1-SIN STOCK;0;10012847;PERNO SOCKET M20 X 180;REPUESTOS;UND;0.0;0.0;0.17;0.25;23.73;5.93
4;DISTRIBUIDORA DAMAFI E.I.R.L.;RFIGUEREDO;1-SIN STOCK;0;10013791;LLAVE ALLEN 17MM;SUMINISTROS;UND;0.0;0.0;0.08;0.12;30.51;3.81
4;DISTRIBUIDORA DAMAFI E.I.R.L.;RFIGUEREDO;1-SIN STOCK;0;10008745;"ALICATE DE PRESION CURVO DE 7""";SUMINISTROS;UND;0.0;0.0;0.08;0.12;40.25;5.03
4;DISTRIBUIDORA DAMAFI E.I.R.L.;JCAMACHO;1-SIN STOCK;0;10004074;FAJA A-74;REPUESTOS;UND;0.0;0.0;0.25;0.37;14.41;5.39
4;DISTRIBUIDORA DAMAFI E.I.R.L.;RFIGUEREDO;1-SIN STOCK;0;10008579;LLAVE DE BOCA 16 - 17MM;SUMINISTROS;UND;0.0;0.0;0.25;0.37;13.56;5.07
4;DISTRIBUIDORA DAMAFI E.I.R.L.;HNOLBERTO;1-SIN STOCK;0;10026692;Audifonos Inalambricos Bluetooth;SUMINISTROS;UND;0.0;0.0;0.08;0.12;40.68;5.08
4;DISTRIBUIDORA DAMAFI E.I.R.L.;JCAMACHO;1-SIN STOCK;0;10013416;LLAVE ALLEN 8MM;SUMINISTROS;UND;0.0;0.0;0.25;0.37;10.17;3.8
4;DISTRIBUIDORA DAMAFI E.I.R.L.;RFIGUEREDO;1-SIN STOCK;0;10004002;PUNTA;SUMINISTROS;UND;0.0;0.0;0.25;0.37;5.08;1.9
4;DISTRIBUIDORA DAMAFI E.I.R.L.;RFIGUEREDO;1-SIN STOCK;0;10005217;PAPEL LUSTRE;GASTOS ADMINISTRATIVOS;PLG;0.0;0.0;3.41;5.12;0.59;3.02
4;DISTRIBUIDORA DAMAFI E.I.R.L.;JCAMACHO;1-SIN STOCK;0;10003757;"ALICATE UNIVERSAL 8""";SUMINISTROS;UND;0.0;0.0;0.08;0.12;36.44;4.55
4;DISTRIBUIDORA DAMAFI E.I.R.L.;JCAMACHO;1-SIN STOCK;0;10005501;TECLADO USB GENIUS;SUMINISTROS;UND;0.0;0.0;0.08;0.12;33.9;4.24
4;DISTRIBUIDORA DAMAFI E.I.R.L.;JCAMACHO;1-SIN STOCK;0;10020814;ASERRIN;SUMINISTROS;UND;0.0;0.0;0.17;0.25;11.02;2.75
4;DISTRIBUIDORA DAMAFI E.I.R.L.;HNOLBERTO;1-SIN STOCK;0;10005495;SEPARADORES DE CARTULINA, COLORES;GASTOS ADMINISTRATIVOS;PQT;0.0;0.0;0.17;0.25;12.29;3.07
4;DISTRIBUIDORA DAMAFI E.I.R.L.;JCAMACHO;1-SIN STOCK;0;10008148;ESPARRAGO ZINCADO M-5 X 100 MT;MATERIALES AUXILIARES;UND;0.0;0.0;0.25;0.37;11.02;4.12
4;DISTRIBUIDORA DAMAFI E.I.R.L.;RFIGUEREDO;1-SIN STOCK;0;10004651;SILICONA PLOMA;SUMINISTROS;UND;0.0;0.0;0.08;0.12;7.63;0.95
4;DISTRIBUIDORA DAMAFI E.I.R.L.;RFIGUEREDO;1-SIN STOCK;0;10003754;ALICATE DE CORTE AISLADO 6Ø;SUMINISTROS;UND;0.0;0.0;0.08;0.12;28.81;3.6
4;DISTRIBUIDORA DAMAFI E.I.R.L.;JCAMACHO;1-SIN STOCK;0;10026961;ORING DE NITRILO 2-327;REPUESTOS;UND;0.0;0.0;0.83;1.25;2.88;3.59
4;DISTRIBUIDORA DAMAFI E.I.R.L.;RFIGUEREDO;1-SIN STOCK;0;10011362;LIMA MEDIA CAÑA;SUMINISTROS;UND;0.0;0.0;0.08;0.12;10.17;1.27
4;DISTRIBUIDORA DAMAFI E.I.R.L.;JCAMACHO;1-SIN STOCK;0;10027003;PERNO TIRAFON 5/8;SUMINISTROS;UND;0.0;0.0;1.0;1.5;2.2;3.29
4;DISTRIBUIDORA DAMAFI E.I.R.L.;HNOLBERTO;1-SIN STOCK;0;10005267;ENGRAPADOR METALICO ARTESCO M-527 P/20 H;SUMINISTROS;UND;0.0;0.0;0.17;0.25;11.86;2.96
4;DISTRIBUIDORA DAMAFI E.I.R.L.;JCAMACHO;1-SIN STOCK;0;10017002;ARANDELA A PRESION M24;REPUESTOS;UND;0.0;0.0;1.0;1.5;0.85;1.27
4;DISTRIBUIDORA DAMAFI E.I.R.L.;RFIGUEREDO;1-SIN STOCK;0;10024506;ESCOBILLA DE BRONCE DE 4 x 20(CHICO);SUMINISTROS;UND;0.0;0.0;0.17;0.25;12.71;3.18
4;DISTRIBUIDORA DAMAFI E.I.R.L.;RFIGUEREDO;1-SIN STOCK;0;10017296;MASCARILLAS KN95;SUMINISTROS;UND;0.0;0.0;1.66;2.5;1.1;2.74
4;DISTRIBUIDORA DAMAFI E.I.R.L.;RFIGUEREDO;1-SIN STOCK;0;10005224;CALCULADORA ESCRITORIO CASIO MX-12B 12 DIGITOS;SUMINISTROS;UND;0.0;0.0;0.08;0.12;21.19;2.65
4;DISTRIBUIDORA DAMAFI E.I.R.L.;RFIGUEREDO;1-SIN STOCK;0;10022392;CASE Y MICA DE VIDRIO;SUMINISTROS;UND;0.0;0.0;0.08;0.12;16.95;2.12
4;DISTRIBUIDORA DAMAFI E.I.R.L.;JCAMACHO;1-SIN STOCK;0;10020289;SOGA DE NYLON DE 3/8;MATERIALES AUXILIARES;MT;0.0;0.0;0.67;1.0;2.54;2.53
4;DISTRIBUIDORA DAMAFI E.I.R.L.;JCAMACHO;1-SIN STOCK;0;10004521;PULSADOR COLOR ROJO Y VERDE;SUMINISTROS;UND;0.0;0.0;0.25;0.37;6.5;2.43
4;DISTRIBUIDORA DAMAFI E.I.R.L.;RFIGUEREDO;1-SIN STOCK;0;10010985;FUENTE DE 12 VDC 3A;REPUESTOS;UND;0.0;0.0;0.08;0.12;18.64;2.33
4;DISTRIBUIDORA DAMAFI E.I.R.L.;JCAMACHO;1-SIN STOCK;0;10016520;PERNO HEXAGONAL M20 X 50;REPUESTOS;UND;0.0;0.0;0.33;0.5;4.66;2.33
4;DISTRIBUIDORA DAMAFI E.I.R.L.;JCAMACHO;1-SIN STOCK;0;10027440;"LLAVE DE BOLA DE 1"" PVC";SUMINISTROS;UND;0.0;0.0;0.08;0.12;18.64;2.33
4;DISTRIBUIDORA DAMAFI E.I.R.L.;JCAMACHO;1-SIN STOCK;0;10004035;DESARMADOR DADO 7MM;SUMINISTROS;UND;0.0;0.0;0.08;0.12;16.95;2.12
4;DISTRIBUIDORA DAMAFI E.I.R.L.;JCAMACHO;1-SIN STOCK;0;10007617;LLAVE ALLEN 5MM;SUMINISTROS;UND;0.0;0.0;0.25;0.37;5.08;1.9
4;DISTRIBUIDORA DAMAFI E.I.R.L.;RFIGUEREDO;1-SIN STOCK;0;10014291;PRISIONERO M6 X 20;REPUESTOS;UND;0.0;0.0;0.83;1.25;1.1;1.37
4;DISTRIBUIDORA DAMAFI E.I.R.L.;JCAMACHO;1-SIN STOCK;0;10006560;SOLDADURA CELLOCORD   5/32;SUMINISTROS;UND;0.0;0.0;0.08;0.12;16.95;2.12
4;DISTRIBUIDORA DAMAFI E.I.R.L.;JCAMACHO;1-SIN STOCK;0;10015281;LLAVE ALLEN 3MM;SUMINISTROS;UND;0.0;0.0;0.25;0.37;3.39;1.27
4;DISTRIBUIDORA DAMAFI E.I.R.L.;JCAMACHO;1-SIN STOCK;0;10024872;PEGAMENTO SUPER GLUE;SUMINISTROS;UND;0.0;0.0;1.08;1.62;0.7058;1.14
4;DISTRIBUIDORA DAMAFI E.I.R.L.;RFIGUEREDO;1-SIN STOCK;0;10025447;TAPETE ANTIESTÁTICO (ESD MAT);REPUESTOS;UND;0.0;0.0;0.08;0.12;16.95;2.12
4;DISTRIBUIDORA DAMAFI E.I.R.L.;RFIGUEREDO;1-SIN STOCK;0;10021197;PERNO HEXAGONAL M 20 X 80 MM;REPUESTOS;UND;0.0;0.0;0.33;0.5;3.98;1.99
4;DISTRIBUIDORA DAMAFI E.I.R.L.;RFIGUEREDO;1-SIN STOCK;0;10014615;ORDENADOR DE PLASTICO PARA REPUESTOS;SUMINISTROS;UND;0.0;0.0;0.08;0.12;5.93;0.74
4;DISTRIBUIDORA DAMAFI E.I.R.L.;JCAMACHO;1-SIN STOCK;0;10018370;"VALVULA ESFERICA DE 1""";REPUESTOS;UND;0.0;0.0;0.08;0.12;15.25;1.91
4;DISTRIBUIDORA DAMAFI E.I.R.L.;JCAMACHO;1-SIN STOCK;0;10026743;Wincha Básica Stanley Modelo STHT33989840 de 5 m Amarilla;SUMINISTROS;UND;0.0;0.0;0.08;0.12;14.41;1.8
4;DISTRIBUIDORA DAMAFI E.I.R.L.;JCAMACHO;1-SIN STOCK;0;10022859;REDUCCION DE PVC;REPUESTOS;UND;0.0;0.0;0.17;0.25;3.98;0.99
4;DISTRIBUIDORA DAMAFI E.I.R.L.;HNOLBERTO;1-SIN STOCK;0;10003949;ESPARRAGOS M14;REPUESTOS;UND;0.0;0.0;0.08;0.12;13.56;1.7
4;DISTRIBUIDORA DAMAFI E.I.R.L.;JCAMACHO;1-SIN STOCK;0;10005195;TIJERA PREMIUM 8 1/4 PLASTOMETAL;SUMINISTROS;UND;0.0;0.0;0.17;0.25;6.78;1.7
4;DISTRIBUIDORA DAMAFI E.I.R.L.;HNOLBERTO;1-SIN STOCK;0;10026749;PLANTILLA ORTOPEDICA;SUMINISTROS;PAR;0.0;0.0;0.08;0.12;13.56;1.7
4;DISTRIBUIDORA DAMAFI E.I.R.L.;RFIGUEREDO;1-SIN STOCK;0;10005282;VINIFILE PRESENTACI¢N T/A4 X 100 HJS;SUMINISTROS;UND;0.0;0.0;0.08;0.12;13.14;1.64
4;DISTRIBUIDORA DAMAFI E.I.R.L.;RFIGUEREDO;1-SIN STOCK;0;10003741;PASTA NOVARUMDUM;SUMINISTROS;UND;0.0;0.0;0.08;0.12;13.56;1.7
4;DISTRIBUIDORA DAMAFI E.I.R.L.;RFIGUEREDO;1-SIN STOCK;0;10008341;CODOS 3/4 X 90;REPUESTOS;UND;0.0;0.0;0.08;0.12;12.72;1.59
4;DISTRIBUIDORA DAMAFI E.I.R.L.;JCAMACHO;1-SIN STOCK;0;10019252;PRISIONERO  1/4 X 1/2;REPUESTOS;UND;0.0;0.0;1.0;1.5;1.02;1.53
4;DISTRIBUIDORA DAMAFI E.I.R.L.;HNOLBERTO;1-SIN STOCK;0;10011200;PERFORADOR;SUMINISTROS;UND;0.0;0.0;0.08;0.12;11.86;1.48
4;DISTRIBUIDORA DAMAFI E.I.R.L.;RFIGUEREDO;1-SIN STOCK;0;10003999;CONECTOR NEUMATICO RECTO M12 X 3/8 NPT;REPUESTOS;UND;0.0;0.0;0.08;0.12;7.16;0.9
4;DISTRIBUIDORA DAMAFI E.I.R.L.;JCAMACHO;1-SIN STOCK;0;10019474;"NIPLE DE PVC DE  1"" X 1""";REPUESTOS;UND;0.0;0.0;0.17;0.25;3.39;0.85
4;DISTRIBUIDORA DAMAFI E.I.R.L.;JCAMACHO;1-SIN STOCK;0;10025450;PAÑO MICRO FIBRA PARA LIMPIEZA;SUMINISTROS;MT;0.0;0.0;0.08;0.12;5.93;0.74
4;DISTRIBUIDORA DAMAFI E.I.R.L.;JCAMACHO;1-SIN STOCK;0;10010033;PERNO HEXAGONAL 1/2 X 2 1/2;REPUESTOS;UND;0.0;0.0;0.5;0.75;0.81;0.61
4;DISTRIBUIDORA DAMAFI E.I.R.L.;HNOLBERTO;1-SIN STOCK;0;10016469;CINTA DE DOBLE CONTACTO  3M;REPUESTOS;UND;0.0;0.0;0.08;0.12;5.08;0.64
4;DISTRIBUIDORA DAMAFI E.I.R.L.;HNOLBERTO;1-SIN STOCK;0;10005288;ESPONJERO N.10 PLASTICO REDONDO;SUMINISTROS;UND;0.0;0.0;0.08;0.12;3.39;0.42
4;DISTRIBUIDORA DAMAFI E.I.R.L.;JCAMACHO;1-SIN STOCK;0;10011179;ESPEJO;MATERIALES AUXILIARES;UND;0.0;0.0;0.17;0.25;1.69;0.42
4;DISTRIBUIDORA DAMAFI E.I.R.L.;RFIGUEREDO;1-SIN STOCK;0;10023392;CINTA METRICA;SUMINISTROS;UND;0.0;0.0;0.08;0.12;2.54;0.32
4;DISTRIBUIDORA DAMAFI E.I.R.L.;JCAMACHO;2-ESTA SEMANA;3;10007851;LIJA PARA FIERRO N° 100;MATERIALES AUXILIARES;UND;2.0;0.0;17.8;24.7;1.27;31.37
4;DISTRIBUIDORA DAMAFI E.I.R.L.;JCAMACHO;2-ESTA SEMANA;7;10007846;"DISCO DE PULIR 4 1/2""";SUMINISTROS;UND;3.0;0.0;13.47;17.21;5.51;94.83
4;DISTRIBUIDORA DAMAFI E.I.R.L.;JCAMACHO;3-EN 15 DIAS;8;10024667;"PINZA DE CORTE DE 5"" (PRODUCCIÓN)";SUMINISTROS;UND;1.0;0.0;3.66;4.49;12.71;57.06
4;DISTRIBUIDORA DAMAFI E.I.R.L.;JCAMACHO;3-EN 15 DIAS;9;10008975;CINTILLO DE 300 M.M  - BOLSA X 100 UNIDADES;MATERIALES AUXILIARES;PQT;2.0;0.0;6.65;7.98;5.93;47.32
4;DISTRIBUIDORA DAMAFI E.I.R.L.;JCAMACHO;3-EN 15 DIAS;10;10013708;CUCHILLA DE CORTE;SUMINISTROS;UND;8.0;0.0;25.45;30.18;2.29;69.1
4;DISTRIBUIDORA DAMAFI E.I.R.L.;JCAMACHO;3-EN 15 DIAS;10;10005123;ZAPATO DE SEGURIDAD INDUSTRIAL;SUMINISTROS;PAR;0.0;3.0;9.48;11.22;24.58;275.84
4;DISTRIBUIDORA DAMAFI E.I.R.L.;JCAMACHO;3-EN 15 DIAS;10;10003900;"TEFLON BLANCO 1/2 """;SUMINISTROS;UND;6.0;2.0;24.04;28.05;0.68;19.08
4;DISTRIBUIDORA DAMAFI E.I.R.L.;JCAMACHO;4-EN 30 DIAS;15;10006184;"SIERRA STARRED REDSTRIPE AMARILLA12""x300MM";SUMINISTROS;UND;8.0;0.0;15.8;15.7;3.9;61.24
4;DISTRIBUIDORA DAMAFI E.I.R.L.;JCAMACHO;4-EN 30 DIAS;17;10014406;ALGODON;SUMINISTROS;PQT;5.0;0.0;8.98;8.47;1.27;10.76
4;DISTRIBUIDORA DAMAFI E.I.R.L.;JCAMACHO;4-EN 30 DIAS;19;10005062;GUANTE DE LATEX;SUMINISTROS;UND;100.0;0.0;158.02;137.03;0.1271;17.42
4;DISTRIBUIDORA DAMAFI E.I.R.L.;JCAMACHO;4-EN 30 DIAS;21;10003899;"CINTA MASKING TAPE 1 1/2""";EMPAQUES y EMBALAJES;UND;22.0;0.0;32.19;26.28;1.27;33.38
4;DISTRIBUIDORA DAMAFI E.I.R.L.;JCAMACHO;4-EN 30 DIAS;21;10008209;FAJA B -66;REPUESTOS;UND;4.0;0.0;5.82;4.73;16.1;76.2
4;DISTRIBUIDORA DAMAFI E.I.R.L.;JCAMACHO;4-EN 30 DIAS;23;10007877;LOCTITE 495 USA 28.3;SUMINISTROS;UND;1.0;0.0;1.33;1.0;61.86;61.61
4;DISTRIBUIDORA DAMAFI E.I.R.L.;RFIGUEREDO;4-EN 30 DIAS;23;10021693;PERNO HEXAGONAL M16 X 40;REPUESTOS;UND;1.0;0.0;1.33;1.0;2.03;2.02
4;DISTRIBUIDORA DAMAFI E.I.R.L.;JCAMACHO;4-EN 30 DIAS;23;10015295;PRISIONERO;REPUESTOS;UND;1.0;0.0;1.33;1.0;0.76;0.76
4;DISTRIBUIDORA DAMAFI E.I.R.L.;JCAMACHO;4-EN 30 DIAS;23;10007853;LIJA PARA AGUA N°400;MATERIALES AUXILIARES;UND;19.0;0.0;24.95;18.43;0.93;17.14
4;DISTRIBUIDORA DAMAFI E.I.R.L.;JCAMACHO;4-EN 30 DIAS;24;10007830;LIJA PARA FIERROS # 180 ASA;MATERIALES AUXILIARES;UND;53.0;0.0;68.2;49.3;1.36;67.05
4;DISTRIBUIDORA DAMAFI E.I.R.L.;JCAMACHO;4-EN 30 DIAS;28;10008978;LIJA AGUA 220;MATERIALES AUXILIARES;UND;51.0;0.0;55.56;32.34;0.85;27.49
4;DISTRIBUIDORA DAMAFI E.I.R.L.;JCAMACHO;4-EN 30 DIAS;28;10013904;SOPORTE;SUMINISTROS;UND;0.0;2.0;2.16;1.24;1.2227;1.52
4;DISTRIBUIDORA DAMAFI E.I.R.L.;JCAMACHO;4-EN 30 DIAS;30;10003753;PILA DURACELL AAA;SUMINISTROS;UND;12.0;0.0;12.31;6.46;2.29;14.8
4;DISTRIBUIDORA DAMAFI E.I.R.L.;JCAMACHO;5-ALCANZA EL MES;32;10009900;LIJA DE AGUA #1000;MATERIALES AUXILIARES;UND;54.0;0.0;50.73;22.1;0.97;21.44
4;DISTRIBUIDORA DAMAFI E.I.R.L.;JCAMACHO;5-ALCANZA EL MES;33;10007306;TERMINAL DE COBRE ESTAÑO TIPO T70-10;REPUESTOS;UND;34.0;0.0;31.6;13.41;3.05;40.89
4;DISTRIBUIDORA DAMAFI E.I.R.L.;JCAMACHO;5-ALCANZA EL MES;33;10004146;LINTERNA  PARA CASCO  MANOS LIBRE RECARGABLE;SUMINISTROS;UND;1.0;0.0;0.92;0.37;24.58;9.14
4;DISTRIBUIDORA DAMAFI E.I.R.L.;JCAMACHO;5-ALCANZA EL MES;34;10026044;ESPONJA PARA LAVAVAJILLA;SUMINISTROS;UND;3.0;0.0;2.66;0.99;1.27;1.26
4;DISTRIBUIDORA DAMAFI E.I.R.L.;JCAMACHO;5-ALCANZA EL MES;35;10007826;ESCOBILLA DE FIERRO 4X 14;SUMINISTROS;UND;3.0;0.0;2.58;0.87;5.08;4.4
4;DISTRIBUIDORA DAMAFI E.I.R.L.;JCAMACHO;5-ALCANZA EL MES;36;10005167;FOLDER DE PLASTICO A4;SUMINISTROS;UND;4.0;0.0;3.41;1.11;4.24;4.73
4;DISTRIBUIDORA DAMAFI E.I.R.L.;JCAMACHO;5-ALCANZA EL MES;36;10007894;LIJA DE FIERRO # 80;MATERIALES AUXILIARES;UND;16.0;0.0;13.56;4.33;1.36;5.9
4;DISTRIBUIDORA DAMAFI E.I.R.L.;JCAMACHO;5-ALCANZA EL MES;36;10005000;RAFIA DE COLORES H1;EMPAQUES y EMBALAJES;UND;2.87;0.0;2.41;0.74;12.71;9.46
4;DISTRIBUIDORA DAMAFI E.I.R.L.;RFIGUEREDO;5-ALCANZA EL MES;37;10004417;PERNO SOCKET M16X100;REPUESTOS;UND;1.0;0.0;0.83;0.25;3.5014;0.87
4;DISTRIBUIDORA DAMAFI E.I.R.L.;HNOLBERTO;5-ALCANZA EL MES;37;10013334;FAJA PARA MOTOR B70;REPUESTOS;UND;2.0;0.0;1.66;0.49;18.64;9.23
4;DISTRIBUIDORA DAMAFI E.I.R.L.;JCAMACHO;5-ALCANZA EL MES;39;10016981;CONECTOR NEUMATICO  RECTO M6 X 1/8 NPT;REPUESTOS;UND;5.0;0.0;3.91;0.86;3.31;2.86
4;DISTRIBUIDORA DAMAFI E.I.R.L.;JCAMACHO;5-ALCANZA EL MES;41;10004799;"VALVULA DE ESCAPE RAPIDO 1/2"" NPT";REPUESTOS;UND;1.0;0.0;0.75;0.12;75.42;9.28
4;DISTRIBUIDORA DAMAFI E.I.R.L.;JCAMACHO;5-ALCANZA EL MES;41;10007850;LIJA PARA FIERRO  N°120;MATERIALES AUXILIARES;UND;28.0;0.0;20.79;3.19;1.36;4.34
4;DISTRIBUIDORA DAMAFI E.I.R.L.;JCAMACHO;5-ALCANZA EL MES;44;10003898;CINTA AISLANTE COLOR NEGRO;REPUESTOS;UND;9.0;0.0;6.24;0.36;3.52;1.26
5;IMPORT TOOLS E. RICHARD S.A.C.;JCAMACHO;1-SIN STOCK;0;10011290;PLACA CARBURADA APKT11T308-APM YBS303;SUMINISTROS;CJA;0.0;0.0;9.73;14.6;18.3588;267.97
5;IMPORT TOOLS E. RICHARD S.A.C.;JCAMACHO;1-SIN STOCK;0;10018393;PLACA CARB P/FRESAR ZOHX1203-GM-YBG252;SUMINISTROS;UND;0.0;0.0;2.5;3.74;53.6752;200.91
5;IMPORT TOOLS E. RICHARD S.A.C.;JCAMACHO;1-SIN STOCK;0;10017284;FRESA CARB ESFERICA  GM-2B-R5.0;SUMINISTROS;UND;0.0;0.0;0.83;1.25;103.9411;129.72
5;IMPORT TOOLS E. RICHARD S.A.C.;JCAMACHO;1-SIN STOCK;0;10017242;FRESA CARB PLANA 4C  GM-4E-D3.0S;SUMINISTROS;UND;0.0;0.0;1.08;1.62;30.0019;48.66
5;IMPORT TOOLS E. RICHARD S.A.C.;JCAMACHO;1-SIN STOCK;0;10013797;PLACA CARB P/TORNEAR WNMG080408-XM YBC-203;SUMINISTROS;UND;0.0;0.0;4.16;6.24;17.8575;111.4
5;IMPORT TOOLS E. RICHARD S.A.C.;JCAMACHO;1-SIN STOCK;0;10019928;PLACA CARB P/TRONZADO ZPFD0302-MG YB9320 - ZCC;SUMINISTROS;CJA;0.0;0.0;0.33;0.5;26.3035;13.13
5;IMPORT TOOLS E. RICHARD S.A.C.;JCAMACHO;1-SIN STOCK;0;10019755;FRESA CARBURADA PLANA 4C HMX-4E-D12.0;SUMINISTROS;UND;0.0;0.0;0.33;0.5;199.4806;99.54
5;IMPORT TOOLS E. RICHARD S.A.C.;JCAMACHO;1-SIN STOCK;0;10020927;FRESA CARBURADA PLANA 4C HMX-4E-D2.0;SUMINISTROS;UND;0.0;0.0;1.25;1.87;51.3099;96.0
5;IMPORT TOOLS E. RICHARD S.A.C.;JCAMACHO;1-SIN STOCK;0;10017277;FRESA CARB PLANA 4C  GM-4E-D8.0;SUMINISTROS;UND;0.0;0.0;1.16;1.75;53.7497;93.9
5;IMPORT TOOLS E. RICHARD S.A.C.;JCAMACHO;1-SIN STOCK;0;10019925;PLACA CARB P/RANURADO ZTFD0303-MM YB9320 - ZCC;SUMINISTROS;CJA;0.0;0.0;1.08;1.62;31.7066;51.43
5;IMPORT TOOLS E. RICHARD S.A.C.;JCAMACHO;1-SIN STOCK;0;10015074;FRESA CARB ESFERICA LARGA HMX-2BL-R4.0;SUMINISTROS;UND;0.0;0.0;0.42;0.62;154.5179;96.42
5;IMPORT TOOLS E. RICHARD S.A.C.;JCAMACHO;1-SIN STOCK;0;10019748;FRESA CARBURADA PLANA 4C UM-4E-D10.0;SUMINISTROS;UND;0.0;0.0;0.33;0.5;171.3313;85.49
5;IMPORT TOOLS E. RICHARD S.A.C.;JCAMACHO;1-SIN STOCK;0;10017283;FRESA CARB ESFERICA  GM-2B-R4.0;SUMINISTROS;UND;0.0;0.0;0.83;1.25;65.3643;81.57
5;IMPORT TOOLS E. RICHARD S.A.C.;JCAMACHO;1-SIN STOCK;0;10020873;FRESA ESFERICA PM-2BC10- R 0.25- M05 -ZCC;SUMINISTROS;UND;0.0;0.0;1.0;1.5;50.1158;75.02
5;IMPORT TOOLS E. RICHARD S.A.C.;RFIGUEREDO;1-SIN STOCK;0;10025739;PORTA P/FRESAR-RANUR/ACABADO AEM90-AP11-D17-C16-L150-Z02;SUMINISTROS;UND;0.0;0.0;0.25;0.37;270.5273;101.18
5;IMPORT TOOLS E. RICHARD S.A.C.;JCAMACHO;1-SIN STOCK;0;10017278;FRESA CARB PLANA 4C  GM-4E-D10.0;SUMINISTROS;UND;0.0;0.0;0.58;0.87;88.1139;76.92
5;IMPORT TOOLS E. RICHARD S.A.C.;RFIGUEREDO;1-SIN STOCK;0;10025741;PORTA P/FRESAR-RANUR/ACABADO AEM90-AP11-D26-C25-L150-Z03;SUMINISTROS;UND;0.0;0.0;0.25;0.37;357.8112;133.82
5;IMPORT TOOLS E. RICHARD S.A.C.;JCAMACHO;1-SIN STOCK;0;10019926;PLACA CARB P/TORNEAR VNMG160404-XF YBC-203;SUMINISTROS;UND;0.0;0.0;2.5;3.74;16.0317;60.01
5;IMPORT TOOLS E. RICHARD S.A.C.;HNOLBERTO;1-SIN STOCK;0;10014996;BROCA PORTA INSERTOS ZTD03-220-XP25-SP07-02;SUMINISTROS;UND;0.0;0.0;0.08;0.12;675.1141;84.39
5;IMPORT TOOLS E. RICHARD S.A.C.;JCAMACHO;1-SIN STOCK;0;10019749;FRESA CARBURADA PLANA 4C UM-4E-D12.0;SUMINISTROS;UND;0.0;0.0;0.17;0.25;283.2743;70.82
5;IMPORT TOOLS E. RICHARD S.A.C.;JCAMACHO;1-SIN STOCK;0;10023201;PLACA DE TRONZAR ZTGD0404-MG YBG202;SUMINISTROS;UND;0.0;0.0;0.92;1.37;24.8548;34.1
5;IMPORT TOOLS E. RICHARD S.A.C.;RFIGUEREDO;1-SIN STOCK;0;10025740;PORTA P/FRESAR-RANUR/ACABADO AEM90-AP11-D21-C20-L150-Z03;SUMINISTROS;UND;0.0;0.0;0.25;0.37;277.3096;103.71
5;IMPORT TOOLS E. RICHARD S.A.C.;JCAMACHO;1-SIN STOCK;0;10027256;PORTA P/FRESAR-RANURA/ACABAD EMP01-026-G25-AP11-03(35/250);SUMINISTROS;UND;0.0;0.0;0.08;0.12;469.4456;58.68
5;IMPORT TOOLS E. RICHARD S.A.C.;JCAMACHO;1-SIN STOCK;0;10027255;PORTA P/FRESAR-PLANEA/ESCUADRA EMP02-050-A22-AP11-06 - ZCC;SUMINISTROS;UND;0.0;0.0;0.08;0.12;457.9401;57.24
5;IMPORT TOOLS E. RICHARD S.A.C.;JCAMACHO;1-SIN STOCK;0;10026188;FRESA CARBURADA PLANA D 0.3;SUMINISTROS;UND;0.0;0.0;0.92;1.37;35.7239;49.01
5;IMPORT TOOLS E. RICHARD S.A.C.;JCAMACHO;1-SIN STOCK;0;10017281;FRESA CARB ESFERICA  GM-2B-R3.0;SUMINISTROS;UND;0.0;0.0;0.75;1.12;41.9875;47.15
5;IMPORT TOOLS E. RICHARD S.A.C.;JCAMACHO;1-SIN STOCK;0;10017282;FRESA CARB ESFERICA  GM-2B-R1.5;SUMINISTROS;UND;0.0;0.0;0.83;1.25;25.2563;31.52
5;IMPORT TOOLS E. RICHARD S.A.C.;JCAMACHO;1-SIN STOCK;0;10014855;PLACA CARB P/ BROCA SPGT07T308-PM YBG-205;SUMINISTROS;CJA;0.0;0.0;0.17;0.25;174.114;43.53
5;IMPORT TOOLS E. RICHARD S.A.C.;JCAMACHO;1-SIN STOCK;0;10023052;FRESA CARBURADA PLANA D0.5mm;SUMINISTROS;UND;0.0;0.0;0.92;1.37;30.5242;41.88
5;IMPORT TOOLS E. RICHARD S.A.C.;JCAMACHO;1-SIN STOCK;0;10019754;FRESA CARBURADA PLANA 4C HMX-4E-D10.0;SUMINISTROS;UND;0.0;0.0;0.17;0.25;154.913;38.73
5;IMPORT TOOLS E. RICHARD S.A.C.;HNOLBERTO;1-SIN STOCK;0;10019218;PLACA CARBURADA P/TORNEAR VNMG160404-MP MC6025 MITSUBISHI;SUMINISTROS;CJA;0.0;0.0;0.92;1.37;16.6552;22.85
5;IMPORT TOOLS E. RICHARD S.A.C.;JCAMACHO;1-SIN STOCK;0;10020812;FRESA CARBURADA PLANA LARGA 4C HMX-4E-D10.0 x 100 mm;SUMINISTROS;UND;0.0;0.0;0.17;0.25;178.3643;44.59
5;IMPORT TOOLS E. RICHARD S.A.C.;HNOLBERTO;1-SIN STOCK;0;10018570;PLACA CARB P/TORNEAR WNMG080404- MA VP15TF;SUMINISTROS;UND;0.0;0.0;0.92;1.37;16.6805;22.89
5;IMPORT TOOLS E. RICHARD S.A.C.;JCAMACHO;1-SIN STOCK;0;10024429;FRESA CARBURADA DE DIAMETRO 12 EXTRA LARGA PM-4EX-D12-G  ZCC;SUMINISTROS;UND;0.0;0.0;0.08;0.12;250.164;31.27
5;IMPORT TOOLS E. RICHARD S.A.C.;RFIGUEREDO;1-SIN STOCK;0;10023004;FRESA ESFERICA DE R6.0 MM;SUMINISTROS;UND;0.0;0.0;0.17;0.25;159.9126;39.98
5;IMPORT TOOLS E. RICHARD S.A.C.;HNOLBERTO;1-SIN STOCK;0;10013279;FRESA ESFERICA DE 12MM;SUMINISTROS;UND;0.0;0.0;0.17;0.25;155.2158;38.8
5;IMPORT TOOLS E. RICHARD S.A.C.;RFIGUEREDO;1-SIN STOCK;0;10020811;FRESA CARBURADA PLANA LARGA 4C HMX-4E-D8.0 x 100mm;SUMINISTROS;UND;0.0;0.0;0.17;0.25;146.9866;36.75
5;IMPORT TOOLS E. RICHARD S.A.C.;JCAMACHO;1-SIN STOCK;0;10022928;PLACA CARBURADA P/TORNEAR YB9320 CCMT060204-AHF CCMT2(1.5)1-AHF;SUMINISTROS;UND;0.0;0.0;1.66;2.5;10.795;26.93
5;IMPORT TOOLS E. RICHARD S.A.C.;JCAMACHO;1-SIN STOCK;0;10018394;CONO PORTA FRESA BT40-FMB22-100L;SUMINISTROS;UND;0.0;0.0;0.08;0.12;281.8512;35.23
5;IMPORT TOOLS E. RICHARD S.A.C.;JCAMACHO;1-SIN STOCK;0;10021478;PLACA CARB P/FRESAR ZCC SEET120308PER-APR-YB9320;SUMINISTROS;UND;0.0;0.0;0.83;1.25;26.2564;32.77
5;IMPORT TOOLS E. RICHARD S.A.C.;JCAMACHO;1-SIN STOCK;0;10013280;FRESA CARBURADA DE 4MM;SUMINISTROS;UND;0.0;0.0;0.58;0.87;32.0303;27.96
5;IMPORT TOOLS E. RICHARD S.A.C.;JCAMACHO;1-SIN STOCK;0;10020928;FRESA CARBURADA PLANA 4C HMX-4E-D1.5;SUMINISTROS;UND;0.0;0.0;0.17;0.25;55.9728;13.99
5;IMPORT TOOLS E. RICHARD S.A.C.;RFIGUEREDO;1-SIN STOCK;0;10021060;FRESA CARBURADA DE DIAMETRO 8 EXTRA LARGA PM-4EX-D8-G  ZCC;SUMINISTROS;UND;0.0;0.0;0.17;0.25;115.0522;28.76
5;IMPORT TOOLS E. RICHARD S.A.C.;JCAMACHO;1-SIN STOCK;0;10022465;FRESA CARBURADA PLANA 4C HMX-4E-D3.0;SUMINISTROS;UND;0.0;0.0;0.42;0.62;37.1629;23.19
5;IMPORT TOOLS E. RICHARD S.A.C.;JCAMACHO;1-SIN STOCK;0;10025076;PLACA CARBURADA TNMG160408 EM-TT5080 MARCA TAEGUTEC;SUMINISTROS;UND;0.0;0.0;0.83;1.25;20.2569;25.28
5;IMPORT TOOLS E. RICHARD S.A.C.;RFIGUEREDO;1-SIN STOCK;0;10020874;FRESA ESFERICA PM-2BC10- R 0.3- M08 - ZCC;SUMINISTROS;UND;0.0;0.0;0.25;0.37;66.2626;24.78
5;IMPORT TOOLS E. RICHARD S.A.C.;RFIGUEREDO;1-SIN STOCK;0;10020810;FRESA CARBURADA PLANA LARGA 4C HMX-4E-D6.0 x 100 mm;SUMINISTROS;UND;0.0;0.0;0.25;0.37;59.0703;22.09
5;IMPORT TOOLS E. RICHARD S.A.C.;RFIGUEREDO;1-SIN STOCK;0;10013937;FRESA CARBURADA DE 14MM;SUMINISTROS;UND;0.0;0.0;0.08;0.12;175.1383;21.89
5;IMPORT TOOLS E. RICHARD S.A.C.;JCAMACHO;1-SIN STOCK;0;10017252;PLACA CARB P/FRESAR APKT11T308-APF YB9320;SUMINISTROS;UND;0.0;0.0;0.83;1.25;15.622;19.5
5;IMPORT TOOLS E. RICHARD S.A.C.;JCAMACHO;1-SIN STOCK;0;10026945;FRESA CARB ESFERICA  GM-2B-R2.5;SUMINISTROS;UND;0.0;0.0;0.25;0.37;55.847;20.89
5;IMPORT TOOLS E. RICHARD S.A.C.;JCAMACHO;1-SIN STOCK;0;10015283;FRESA CARB ESFERICA LARGA HM-2BL-R2.0;SUMINISTROS;UND;0.0;0.0;0.33;0.5;40.7959;20.36
5;IMPORT TOOLS E. RICHARD S.A.C.;RFIGUEREDO;1-SIN STOCK;0;10019972;PLACA CARB P/TORNEAR- CCMT09T308-MP MC6025;SUMINISTROS;CJA;0.0;0.0;0.08;0.12;163.6264;20.45
5;IMPORT TOOLS E. RICHARD S.A.C.;JCAMACHO;1-SIN STOCK;0;10019751;FRESA CARBURADA PLANA 4C HMX-4E-D5.0;SUMINISTROS;UND;0.0;0.0;0.17;0.25;74.804;18.7
5;IMPORT TOOLS E. RICHARD S.A.C.;RFIGUEREDO;1-SIN STOCK;0;10024661;YB6315 P05-P20 DCMT11T304-AMF - ZCC;SUMINISTROS;UND;0.0;0.0;0.83;1.25;14.4326;18.01
5;IMPORT TOOLS E. RICHARD S.A.C.;JCAMACHO;1-SIN STOCK;0;10019744;PLACA CARBURADA PARA BROCA SPGT050204-PM YBG-205-ZCC-CT;SUMINISTROS;CJA;0.0;0.0;0.08;0.12;138.9498;17.37
5;IMPORT TOOLS E. RICHARD S.A.C.;RFIGUEREDO;1-SIN STOCK;0;10021044;FRESA CARBURADA- GM-4R-D8.0R0.5- ZCC;SUMINISTROS;UND;0.0;0.0;0.17;0.25;64.9386;16.23
5;IMPORT TOOLS E. RICHARD S.A.C.;HNOLBERTO;1-SIN STOCK;0;10019931;PORTA P/TORNEAR INTERIOR S16M-SDUCR07;SUMINISTROS;UND;0.0;0.0;0.08;0.12;118.7095;14.84
5;IMPORT TOOLS E. RICHARD S.A.C.;HNOLBERTO;1-SIN STOCK;0;10025357;PORTA P/TORNEAR ROSCAD INTERIOR SNR0016M16 - ZCC;SUMINISTROS;UND;0.0;0.0;0.08;0.12;116.8466;14.61
5;IMPORT TOOLS E. RICHARD S.A.C.;RFIGUEREDO;1-SIN STOCK;0;10024966;PORTA PARA TORNEAR C06J-SWUBR06 VRW;SUMINISTROS;UND;0.0;0.0;0.08;0.12;107.0948;13.39
5;IMPORT TOOLS E. RICHARD S.A.C.;RFIGUEREDO;1-SIN STOCK;0;10019966;LAMA  PARA TRONZAR QEFS32N;SUMINISTROS;UND;0.0;0.0;0.08;0.12;104.3616;13.05
5;IMPORT TOOLS E. RICHARD S.A.C.;RBENITES;1-SIN STOCK;0;10021041;PORTA DE CILINDRADO EXTERIOR SVJR2020K16;SUMINISTROS;UND;0.0;0.0;0.08;0.12;92.9146;11.61
5;IMPORT TOOLS E. RICHARD S.A.C.;RFIGUEREDO;1-SIN STOCK;0;10021012;FRESA CARBURADA- GM-4R-D6.0R1.0 -ZCC;SUMINISTROS;UND;0.0;0.0;0.17;0.25;33.72;8.43
5;IMPORT TOOLS E. RICHARD S.A.C.;JCAMACHO;1-SIN STOCK;0;10026947;REPUESTO LLAVE WT07IP;SUMINISTROS;UND;0.0;0.0;0.25;0.37;25.4233;9.51
5;IMPORT TOOLS E. RICHARD S.A.C.;RFIGUEREDO;1-SIN STOCK;0;10020875;FRESA ESFERICA PM-2BC10- R 0.4- M08 - ZCC;SUMINISTROS;UND;0.0;0.0;0.17;0.25;32.975;8.24
5;IMPORT TOOLS E. RICHARD S.A.C.;RFIGUEREDO;1-SIN STOCK;0;10023051;FRESA CARBURADA PLANA D0.4mm;SUMINISTROS;UND;0.0;0.0;0.17;0.25;32.2972;8.07
5;IMPORT TOOLS E. RICHARD S.A.C.;JCAMACHO;1-SIN STOCK;0;10026682;FRESA CARBURADA PLANA 4C GM-4E-D2.5 (MARCA ZC);SUMINISTROS;UND;0.0;0.0;0.08;0.12;48.0353;6.0
5;IMPORT TOOLS E. RICHARD S.A.C.;RFIGUEREDO;1-SIN STOCK;0;10013277;FRESA ESFERICA DE 5MM;SUMINISTROS;UND;0.0;0.0;0.08;0.12;43.1889;5.4
5;IMPORT TOOLS E. RICHARD S.A.C.;RFIGUEREDO;1-SIN STOCK;0;10022464;FRESA CARBURADA PLANA 4C HMX-4E-D2.5;SUMINISTROS;UND;0.0;0.0;0.08;0.12;30.0108;3.75
5;IMPORT TOOLS E. RICHARD S.A.C.;JCAMACHO;4-EN 30 DIAS;28;10019750;FRESA CARBURADA PLANA 4C HMX-4E-D4.0;SUMINISTROS;UND;0.0;1.0;1.08;0.62;35.623;22.16
5;IMPORT TOOLS E. RICHARD S.A.C.;JCAMACHO;4-EN 30 DIAS;28;10019746;FRESA CARBURADA PLANA 4C GM-4E D4.0;SUMINISTROS;UND;0.0;1.0;1.08;0.62;31.9827;19.89
5;IMPORT TOOLS E. RICHARD S.A.C.;JCAMACHO;5-ALCANZA EL MES;31;10019747;FRESA CARBURADA PLANA 4C GM-4E D5.0;SUMINISTROS;UND;0.0;1.0;1.0;0.5;31.9827;15.9
5;IMPORT TOOLS E. RICHARD S.A.C.;JCAMACHO;5-ALCANZA EL MES;32;10017276;FRESA CARB PLANA 4C  GM-4E-D6.0;SUMINISTROS;UND;0.0;2.0;1.91;0.87;31.9827;27.79
5;IMPORT TOOLS E. RICHARD S.A.C.;JCAMACHO;5-ALCANZA EL MES;37;10017279;FRESA CARB PLANA 4C  GM-4E-D12.0;SUMINISTROS;UND;0.0;1.0;0.83;0.25;112.6933;27.95
6;LUBRICANTES PREMIUM S.A.C.;JCAMACHO;2-ESTA SEMANA;1;10003736;ACEITE HD 68;SUMINISTROS;GL;2.09;0.0;68.61;100.83;31.5637;3182.69
7;CHINCHAY LUCA FRANCISCO DONATILO;JCAMACHO;1-SIN STOCK;0;10011588;JUEGO DE BROCA EN MILIMETROS;SUMINISTROS;JGO;0.0;0.0;0.17;0.25;745.76;186.44
7;CHINCHAY LUCA FRANCISCO DONATILO;RFIGUEREDO;1-SIN STOCK;0;10008294;"VALVULA CHECK 3""";REPUESTOS;UND;0.0;0.0;0.25;0.37;555.09;207.6
7;CHINCHAY LUCA FRANCISCO DONATILO;JCAMACHO;1-SIN STOCK;0;10024479;LAMINA DE CAUCHO ESPESOR 2MM;SUMINISTROS;MT;0.0;0.0;0.17;0.25;27.12;6.78
7;CHINCHAY LUCA FRANCISCO DONATILO;JCAMACHO;1-SIN STOCK;0;10027279;IMPULSOR DE BOMBA CENTRIFUGA MARCA PEDROLLO MODELO: F 65 / 160A;REPUESTOS;UND;0.0;0.0;0.08;0.12;1483.0508;185.38
7;CHINCHAY LUCA FRANCISCO DONATILO;JCAMACHO;1-SIN STOCK;0;10009007;PLANCHA ACRILICO TRANSPARENTE ESPESOR 5mm;SUMINISTROS;UND;0.0;0.0;0.42;0.62;216.1;134.85
7;CHINCHAY LUCA FRANCISCO DONATILO;RFIGUEREDO;1-SIN STOCK;0;10013571;BOMBA CENTRIFUGA 1HP CON IMPULSOR DE ACERO MODELO CH12-60 / 075 EPLI;REPUESTOS;UND;0.0;0.0;0.08;0.12;1254.24;156.78
7;CHINCHAY LUCA FRANCISCO DONATILO;RFIGUEREDO;1-SIN STOCK;0;10006638;VENTILADOR;GASTOS ADMINISTRATIVOS;UND;0.0;0.0;0.58;0.87;29.66;25.89
7;CHINCHAY LUCA FRANCISCO DONATILO;RFIGUEREDO;1-SIN STOCK;0;10026377;VACUOMTRO CPS VG200 DIGITAL.;REPUESTOS;UND;0.0;0.0;0.08;0.12;894.07;111.76
7;CHINCHAY LUCA FRANCISCO DONATILO;RFIGUEREDO;1-SIN STOCK;0;10008657;REGULADOR DE PRESION;REPUESTOS;UND;0.0;0.0;0.17;0.25;372.88;93.22
7;CHINCHAY LUCA FRANCISCO DONATILO;RFIGUEREDO;1-SIN STOCK;0;10025969;PLANCHA GALVANIZADO 0.5X1200X2400;SUMINISTROS;UND;0.0;0.0;0.83;1.25;72.04;89.91
7;CHINCHAY LUCA FRANCISCO DONATILO;JCAMACHO;1-SIN STOCK;0;10016839;ACEITE MINERAL 160P MARCA DANFOSS 2 LITROS;REPUESTOS;UND;0.0;0.0;0.25;0.37;233.0508;87.16
7;CHINCHAY LUCA FRANCISCO DONATILO;RFIGUEREDO;1-SIN STOCK;0;10024651;KIT EXTRACTOR DE RODAMIENTOS HIDRAULICO;REPUESTOS;UND;0.0;0.0;0.08;0.12;593.22;74.15
7;CHINCHAY LUCA FRANCISCO DONATILO;RFIGUEREDO;1-SIN STOCK;0;10020310;"VALVULA DE PIE 2 1/2"" BRONCE";REPUESTOS;UND;0.0;0.0;0.17;0.25;326.27;81.57
7;CHINCHAY LUCA FRANCISCO DONATILO;RFIGUEREDO;1-SIN STOCK;0;10009926;LOGO PROGRAMABLE ZELIO;REPUESTOS;UND;0.0;0.0;0.08;0.12;610.17;76.27
7;CHINCHAY LUCA FRANCISCO DONATILO;JCAMACHO;1-SIN STOCK;0;10023136;LLAVE P/ URINARIO 1/2;SUMINISTROS;UND;0.0;0.0;0.42;0.62;55.09;34.38
7;CHINCHAY LUCA FRANCISCO DONATILO;RFIGUEREDO;1-SIN STOCK;0;10026117;BROCA DE 8.5MM;SUMINISTROS;UND;0.0;0.0;0.5;0.75;50.85;38.09
7;CHINCHAY LUCA FRANCISCO DONATILO;HNOLBERTO;1-SIN STOCK;0;10018502;BARRA INOX.;REPUESTOS;UND;0.0;0.0;0.5;0.75;80.51;60.3
7;CHINCHAY LUCA FRANCISCO DONATILO;JCAMACHO;1-SIN STOCK;0;10021430;BROCA DE 10.5MM;SUMINISTROS;UND;0.0;0.0;0.33;0.5;63.56;31.72
7;CHINCHAY LUCA FRANCISCO DONATILO;RFIGUEREDO;1-SIN STOCK;0;10017786;VIGA H;REPUESTOS;UND;0.0;0.0;0.08;0.12;449.15;56.14
7;CHINCHAY LUCA FRANCISCO DONATILO;JCAMACHO;1-SIN STOCK;0;10020212;BROCA EXTRA LARGA DE 16MM X 250MM;SUMINISTROS;UND;0.0;0.0;0.17;0.25;186.4407;46.61
7;CHINCHAY LUCA FRANCISCO DONATILO;JCAMACHO;1-SIN STOCK;0;10027353;PALANCA DE MACHO N°6;SUMINISTROS;UND;0.0;0.0;0.08;0.12;444.9237;55.62
7;CHINCHAY LUCA FRANCISCO DONATILO;JCAMACHO;1-SIN STOCK;0;10011062;CARBONES;SUMINISTROS;UND;0.0;0.0;0.33;0.5;38.14;19.03
7;CHINCHAY LUCA FRANCISCO DONATILO;RFIGUEREDO;1-SIN STOCK;0;10010743;FILTRO SEPARADOR;SUMINISTROS;UND;0.0;0.0;0.08;0.12;389.83;48.73
7;CHINCHAY LUCA FRANCISCO DONATILO;JCAMACHO;1-SIN STOCK;0;10027244;AMPERIMETRO DIGITAL TOKY DLW8-IRC18AACT;REPUESTOS;UND;0.0;0.0;0.08;0.12;364.4068;45.55
7;CHINCHAY LUCA FRANCISCO DONATILO;RFIGUEREDO;1-SIN STOCK;0;10014667;DIAMANTE PARA RECTIFICAR PIEDRA VERTEX;SUMINISTROS;UND;0.0;0.0;0.17;0.25;88.99;22.25
7;CHINCHAY LUCA FRANCISCO DONATILO;JCAMACHO;1-SIN STOCK;0;10004646;"TORNILLO DE BANCO DE 8""";SUMINISTROS;UND;0.0;0.0;0.08;0.12;351.6949;43.96
7;CHINCHAY LUCA FRANCISCO DONATILO;JCAMACHO;1-SIN STOCK;0;10025579;CORREA O FAJA CIRCULAR DE POLIURETANO DIAMETRO 6mm COLOR VERDE;REPUESTOS;MT;0.0;0.0;0.92;1.37;15.26;20.94
7;CHINCHAY LUCA FRANCISCO DONATILO;RFIGUEREDO;1-SIN STOCK;0;10009735;"TUBO DE 3"" PESADO";MATERIALES AUXILIARES;UND;0.0;0.0;0.08;0.12;330.51;41.31
7;CHINCHAY LUCA FRANCISCO DONATILO;RFIGUEREDO;1-SIN STOCK;0;10018497;TERRAJA;REPUESTOS;UND;0.0;0.0;0.17;0.25;59.32;14.83
7;CHINCHAY LUCA FRANCISCO DONATILO;RFIGUEREDO;1-SIN STOCK;0;10015539;BROCA DE 8.33MM;SUMINISTROS;UND;0.0;0.0;0.08;0.12;313.56;39.2
7;CHINCHAY LUCA FRANCISCO DONATILO;HNOLBERTO;1-SIN STOCK;0;10006255;"JEBE DE 2"" PARA PORTON 20M";SUMINISTROS;UND;0.0;0.0;0.17;0.25;88.16;22.04
7;CHINCHAY LUCA FRANCISCO DONATILO;RFIGUEREDO;1-SIN STOCK;0;10017620;JUEGO DE MACHO M14 X 1.5;SUMINISTROS;UND;0.0;0.0;0.08;0.12;281.78;35.22
7;CHINCHAY LUCA FRANCISCO DONATILO;JCAMACHO;1-SIN STOCK;0;10015882;BROCA PARA CENTRAR DE 8MM;SUMINISTROS;UND;0.0;0.0;0.25;0.37;93.2203;34.86
7;CHINCHAY LUCA FRANCISCO DONATILO;HNOLBERTO;1-SIN STOCK;0;10010048;ROTULA GE 40 E S;REPUESTOS;UND;0.0;0.0;0.17;0.25;76.27;19.07
7;CHINCHAY LUCA FRANCISCO DONATILO;JCAMACHO;1-SIN STOCK;0;10025688;CORREA O FAJA CIRCULAR DE POLIURETANO DIAMETRO 5mm COLOR VERDE;REPUESTOS;MT;0.0;0.0;0.83;1.25;11.87;14.81
7;CHINCHAY LUCA FRANCISCO DONATILO;RFIGUEREDO;1-SIN STOCK;0;10004498;VALVULA DE PIE C/ CHECK;REPUESTOS;UND;0.0;0.0;0.08;0.12;245.76;30.72
7;CHINCHAY LUCA FRANCISCO DONATILO;RFIGUEREDO;1-SIN STOCK;0;10026619;PALANCA DE MACHO N°4;SUMINISTROS;UND;0.0;0.0;0.08;0.12;245.76;30.72
7;CHINCHAY LUCA FRANCISCO DONATILO;RFIGUEREDO;1-SIN STOCK;0;10024915;ESTUCHE DE LIMATONES DIAMANTADOS;SUMINISTROS;UND;0.0;0.0;0.17;0.25;93.22;23.3
7;CHINCHAY LUCA FRANCISCO DONATILO;RFIGUEREDO;1-SIN STOCK;0;10023743;SOPORTE EN  L;MATERIALES AUXILIARES;UND;0.0;0.0;0.17;0.25;118.64;29.66
7;CHINCHAY LUCA FRANCISCO DONATILO;JCAMACHO;1-SIN STOCK;0;10019647;BROCA EXTRA LARGA DE 12MM X 250MM;SUMINISTROS;UND;0.0;0.0;0.08;0.12;216.1;27.01
7;CHINCHAY LUCA FRANCISCO DONATILO;RFIGUEREDO;1-SIN STOCK;0;10025687;CORREA O FAJA CIRCULAR DE POLIURETANO DIAMETRO 8mm COLOR VERDE;REPUESTOS;MT;0.0;0.0;0.83;1.25;21.19;26.45
7;CHINCHAY LUCA FRANCISCO DONATILO;RFIGUEREDO;1-SIN STOCK;0;10013709;BAQUELITA;SUMINISTROS;UND;0.0;0.0;0.08;0.12;173.73;21.72
7;CHINCHAY LUCA FRANCISCO DONATILO;RFIGUEREDO;1-SIN STOCK;0;10026190;PERFIL GUIA 5MMX20MM;REPUESTOS;MT;0.0;0.0;0.83;1.25;20.34;25.38
7;CHINCHAY LUCA FRANCISCO DONATILO;RFIGUEREDO;1-SIN STOCK;0;10026376;PINZA AMPERIMETRICA  MARCA VALUE MODELO CM87C  600A;SUMINISTROS;UND;0.0;0.0;0.08;0.12;203.39;25.42
7;CHINCHAY LUCA FRANCISCO DONATILO;RFIGUEREDO;1-SIN STOCK;0;10026379;JUEGO DE ABOCARDADOR;REPUESTOS;UND;0.0;0.0;0.08;0.12;199.15;24.89
7;CHINCHAY LUCA FRANCISCO DONATILO;RFIGUEREDO;1-SIN STOCK;0;10026378;EXTRACTOR DE NUCLEO / EXTRACTOR DE PICHINA;REPUESTOS;UND;0.0;0.0;0.17;0.25;93.22;23.3
7;CHINCHAY LUCA FRANCISCO DONATILO;JCAMACHO;1-SIN STOCK;0;10027314;"PERFIL DE FIERRO EN T DE 1 1/2 X 1 1/2 X 1 1/2""   ESPESOR 3/16""";SUMINISTROS;UND;0.0;0.0;0.08;0.12;165.26;20.66
7;CHINCHAY LUCA FRANCISCO DONATILO;HNOLBERTO;1-SIN STOCK;0;10025507;RESORTE  Ø EXTERNO 19mm  PASO 8mm LONGITUD 60mm ESPESOR 1.5mm.;REPUESTOS;UND;0.0;0.0;0.83;1.25;15.26;19.04
7;CHINCHAY LUCA FRANCISCO DONATILO;JCAMACHO;1-SIN STOCK;0;10008895;"PERNO AUTOPERFORANTE 8 X 3/4"" CABEZA EXAGONAL CON ARANDELA";REPUESTOS;UND;0.0;0.0;83.17;124.75;0.12;14.97
7;CHINCHAY LUCA FRANCISCO DONATILO;JCAMACHO;1-SIN STOCK;0;10023629;BROCA DE 4MM;SUMINISTROS;UND;0.0;0.0;0.42;0.62;16.95;10.58
7;CHINCHAY LUCA FRANCISCO DONATILO;RFIGUEREDO;1-SIN STOCK;0;10025604;BARRA ROSCADA M10X1mt. Hierro negro;REPUESTOS;UND;0.0;0.0;0.42;0.62;21.19;13.22
7;CHINCHAY LUCA FRANCISCO DONATILO;RFIGUEREDO;1-SIN STOCK;0;10026421;FUENTE DE ALIMENTACION SITCHING  ENTRADA 220VAC SALIDA 5 VDC 20A;REPUESTOS;UND;0.0;0.0;0.08;0.12;131.36;16.42
7;CHINCHAY LUCA FRANCISCO DONATILO;RFIGUEREDO;1-SIN STOCK;0;10026345;"TEE MECANICA ROSCADA DE 4"" X 1""";REPUESTOS;UND;0.0;0.0;0.25;0.37;42.37;15.85
7;CHINCHAY LUCA FRANCISCO DONATILO;RFIGUEREDO;1-SIN STOCK;0;10026460;CONTROL UNIVERSAL PARA AIRE ACONDICIONADO 6000 IN1;REPUESTOS;UND;0.0;0.0;0.17;0.25;59.32;14.83
7;CHINCHAY LUCA FRANCISCO DONATILO;RFIGUEREDO;1-SIN STOCK;0;10004151;LLAVE ALLEN 14 MM;SUMINISTROS;UND;0.0;0.0;0.08;0.12;114.41;14.3
7;CHINCHAY LUCA FRANCISCO DONATILO;HNOLBERTO;1-SIN STOCK;0;10014162;JUEGO DE MACHO 5/16;SUMINISTROS;JGO;0.0;0.0;0.08;0.12;114.41;14.3
7;CHINCHAY LUCA FRANCISCO DONATILO;JCAMACHO;1-SIN STOCK;0;10015537;BROCA DE 4.2MM;SUMINISTROS;UND;0.0;0.0;0.33;0.5;21.19;10.57
7;CHINCHAY LUCA FRANCISCO DONATILO;RFIGUEREDO;1-SIN STOCK;0;10011408;FAJA PARA AFILADORA;REPUESTOS;UND;0.0;0.0;0.08;0.12;105.93;13.24
7;CHINCHAY LUCA FRANCISCO DONATILO;RFIGUEREDO;1-SIN STOCK;0;10026380;"EXPANDIDOR TIPO ALICATE DE 1/4""  A 7/8""";SUMINISTROS;UND;0.0;0.0;0.08;0.12;105.93;13.24
7;CHINCHAY LUCA FRANCISCO DONATILO;JCAMACHO;1-SIN STOCK;0;10007539;"MARCADORES PARA CABLE LETRAS ""XY"" (+) (-)";SUMINISTROS;UND;0.0;0.0;0.17;0.25;46.61;11.65
7;CHINCHAY LUCA FRANCISCO DONATILO;HNOLBERTO;1-SIN STOCK;0;10026726;FAN RELAY 6 TERMINALES 90-380 EVERWELL;SUMINISTROS;UND;0.0;0.0;0.17;0.25;50.8551;12.71
7;CHINCHAY LUCA FRANCISCO DONATILO;RFIGUEREDO;1-SIN STOCK;0;10026366;"VALVULA DE CONTROL DE FLUJO DE 1/4""";REPUESTOS;UND;0.0;0.0;0.17;0.25;46.61;11.65
7;CHINCHAY LUCA FRANCISCO DONATILO;RFIGUEREDO;1-SIN STOCK;0;10007900;JUEGO DE MACHO 1/4;SUMINISTROS;JGO;0.0;0.0;0.08;0.12;88.99;11.12
7;CHINCHAY LUCA FRANCISCO DONATILO;HNOLBERTO;1-SIN STOCK;0;10024845;BORNES  PARA BATERIA DE CARRO;REPUESTOS;UND;0.0;0.0;0.08;0.12;7.63;0.95
7;CHINCHAY LUCA FRANCISCO DONATILO;RFIGUEREDO;1-SIN STOCK;0;10003777;JUEGO DE LIMA PARA JOYERO;SUMINISTROS;UND;0.0;0.0;0.08;0.12;80.51;10.06
7;CHINCHAY LUCA FRANCISCO DONATILO;RFIGUEREDO;1-SIN STOCK;0;10008779;BROCA 13.5 MM DORMER;SUMINISTROS;UND;0.0;0.0;0.08;0.12;80.51;10.06
7;CHINCHAY LUCA FRANCISCO DONATILO;RFIGUEREDO;1-SIN STOCK;0;10015621;MACHO;SUMINISTROS;JGO;0.0;0.0;0.08;0.12;76.27;9.53
7;CHINCHAY LUCA FRANCISCO DONATILO;RFIGUEREDO;1-SIN STOCK;0;10015233;BROCA DE CENTRAR DE 2MM;SUMINISTROS;UND;0.0;0.0;0.08;0.12;67.8;8.47
7;CHINCHAY LUCA FRANCISCO DONATILO;RFIGUEREDO;1-SIN STOCK;0;10025544;TAPA DE JEBE REDONDO  DIAMETRO INTERNO 38 MM;REPUESTOS;UND;0.0;0.0;1.25;1.87;4.24;7.93
7;CHINCHAY LUCA FRANCISCO DONATILO;JCAMACHO;1-SIN STOCK;0;10011438;BORNERA;REPUESTOS;UND;0.0;0.0;0.58;0.87;6.78;5.92
7;CHINCHAY LUCA FRANCISCO DONATILO;JCAMACHO;1-SIN STOCK;0;10025443;LLAVE TIPO Y;REPUESTOS;UND;0.0;0.0;0.17;0.25;25.42;6.36
7;CHINCHAY LUCA FRANCISCO DONATILO;RFIGUEREDO;1-SIN STOCK;0;10008445;"LLAVE ALLEN 1/2""";SUMINISTROS;UND;0.0;0.0;0.08;0.12;38.14;4.77
7;CHINCHAY LUCA FRANCISCO DONATILO;RFIGUEREDO;1-SIN STOCK;0;10026381;"EXPANDIDOR DE GOLPE DE 1/4"" A 7/8""";SUMINISTROS;UND;0.0;0.0;0.08;0.12;38.14;4.77
7;CHINCHAY LUCA FRANCISCO DONATILO;RFIGUEREDO;1-SIN STOCK;0;10023387;LLAVE ALLEN 3.5MM;SUMINISTROS;UND;0.0;0.0;0.17;0.25;16.95;4.24
7;CHINCHAY LUCA FRANCISCO DONATILO;RFIGUEREDO;1-SIN STOCK;0;10015536;BROCA DE 3.3MM;SUMINISTROS;UND;0.0;0.0;0.17;0.25;12.71;3.18
7;CHINCHAY LUCA FRANCISCO DONATILO;RFIGUEREDO;1-SIN STOCK;0;10011816;PIEDRA PARA ASENTAR;SUMINISTROS;UND;0.0;0.0;0.08;0.12;16.95;2.12
7;CHINCHAY LUCA FRANCISCO DONATILO;JCAMACHO;1-SIN STOCK;0;10015587;PERNO HEXAGONAL;REPUESTOS;UND;0.0;0.0;0.67;1.0;2.54;2.53
7;CHINCHAY LUCA FRANCISCO DONATILO;RFIGUEREDO;1-SIN STOCK;0;10026382;CORTADOR DE TUBO PEQUEÑO MARCA VALUE;SUMINISTROS;UND;0.0;0.0;0.08;0.12;21.19;2.65
7;CHINCHAY LUCA FRANCISCO DONATILO;HNOLBERTO;1-SIN STOCK;0;10018586;CONECTOR METALICO;REPUESTOS;UND;0.0;0.0;0.17;0.25;8.48;2.12
7;CHINCHAY LUCA FRANCISCO DONATILO;RFIGUEREDO;1-SIN STOCK;0;10008152;REDUCTOR DE COBRE;REPUESTOS;UND;0.0;0.0;0.17;0.25;6.78;1.7
7;CHINCHAY LUCA FRANCISCO DONATILO;JCAMACHO;1-SIN STOCK;0;10004742;TUERCA DE FIJACION;REPUESTOS;UND;0.0;0.0;0.08;0.12;9.33;1.17
7;CHINCHAY LUCA FRANCISCO DONATILO;JCAMACHO;4-EN 30 DIAS;19;10011383;SOLDADURA DE PLATA;SUMINISTROS;UND;0.0;5.0;8.15;7.23;16.95;122.48
8;ALFA ELECTRIC SOLUTION S.A.C.;HNOLBERTO;1-SIN STOCK;0;10027202;SENSOR OPTICO DIFUSO MARCA OMRON MODELO E3Z-LS61;REPUESTOS;UND;0.0;0.0;0.17;0.25;1240.0;310.0
8;ALFA ELECTRIC SOLUTION S.A.C.;HNOLBERTO;1-SIN STOCK;0;10003875;CABLE VULCANIZADO;REPUESTOS;MT;0.0;0.0;4.74;7.11;5.9;41.95
8;ALFA ELECTRIC SOLUTION S.A.C.;RFIGUEREDO;1-SIN STOCK;0;10019585;POTENCIOMETRO DE PRECISION  10K MULTIVUELTA;REPUESTOS;UND;0.0;0.0;0.17;0.25;123.5;30.88
8;ALFA ELECTRIC SOLUTION S.A.C.;JCAMACHO;1-SIN STOCK;0;10005072;LUCES DE EMERGENCIADE 2X 20 W;SUMINISTROS;UND;0.0;0.0;0.25;0.37;370.0;138.38
8;ALFA ELECTRIC SOLUTION S.A.C.;RFIGUEREDO;1-SIN STOCK;0;10007473;CABLE TW #14;REPUESTOS;UND;0.0;0.0;0.25;0.37;365.0;136.51
8;ALFA ELECTRIC SOLUTION S.A.C.;JCAMACHO;1-SIN STOCK;0;10007598;CONTROLADOR DE TEMPERATURA MOD.TZN4H -24;SUMINISTROS;UND;0.0;0.0;0.17;0.25;514.0;128.5
8;ALFA ELECTRIC SOLUTION S.A.C.;HNOLBERTO;1-SIN STOCK;0;10027203;SENSOR FOTOELECTRICO  MARCA OMRON MODELO E3Z-R61;REPUESTOS;UND;0.0;0.0;0.08;0.12;905.0;113.12
8;ALFA ELECTRIC SOLUTION S.A.C.;RFIGUEREDO;1-SIN STOCK;0;10019529;CABLE VULCANIZADO DE 4 X 16 AWG MARCA INDECO;REPUESTOS;RLL;0.0;0.0;0.08;0.12;586.0;73.25
8;ALFA ELECTRIC SOLUTION S.A.C.;JCAMACHO;1-SIN STOCK;0;10017198;GUARDAMOTOR 9-14 AMP SCHNEIDER;REPUESTOS;UND;0.0;0.0;0.25;0.37;237.0;88.64
8;ALFA ELECTRIC SOLUTION S.A.C.;JCAMACHO;1-SIN STOCK;0;10020313;"TUBO PVC 2-1/2"" SAP";SUMINISTROS;MT;0.0;0.0;5.07;7.61;11.0;83.71
8;ALFA ELECTRIC SOLUTION S.A.C.;JCAMACHO;1-SIN STOCK;0;10020231;FINAL DE CARRERA;REPUESTOS;UND;0.0;0.0;0.5;0.75;33.0;24.72
8;ALFA ELECTRIC SOLUTION S.A.C.;JCAMACHO;1-SIN STOCK;0;10027110;CONTROL DE TEMPERATURA TZN4M-14S;SUMINISTROS;UND;0.0;0.0;0.08;0.12;589.0;73.62
8;ALFA ELECTRIC SOLUTION S.A.C.;JCAMACHO;1-SIN STOCK;0;10017667;BATERIA P/LUZ DE EMERGENCIA MOD. 9808 - OPALUX MAR001;SUMINISTROS;UND;0.0;0.0;0.58;0.87;75.0;65.47
8;ALFA ELECTRIC SOLUTION S.A.C.;JCAMACHO;1-SIN STOCK;0;10008778;"LLAVE STILLSON DE 36"" STANLEY";SUMINISTROS;UND;0.0;0.0;0.08;0.12;460.0;57.5
8;ALFA ELECTRIC SOLUTION S.A.C.;RFIGUEREDO;1-SIN STOCK;0;10004869;ROLLO DE CABLE VULCANIZADO 4 X 12 AWG - INDECO;REPUESTOS;UND;0.0;0.0;0.08;0.12;15.5;1.94
8;ALFA ELECTRIC SOLUTION S.A.C.;RFIGUEREDO;1-SIN STOCK;0;10022052;CABLE SILICONADO CON FORRO DE FIBRA DE VIDRIO Nº14 AWG;REPUESTOS;RLL;0.0;0.0;0.08;0.12;365.0;45.62
8;ALFA ELECTRIC SOLUTION S.A.C.;JCAMACHO;1-SIN STOCK;0;10007198;CABLE VULCANIZADO 3 X 14 MARCA INDECO;REPUESTOS;RLL;0.0;0.0;0.08;0.12;360.0;45.0
8;ALFA ELECTRIC SOLUTION S.A.C.;RFIGUEREDO;1-SIN STOCK;0;10008641;SELECTOR 2POSICIONES TELEMANIQUE C/ENCLAVAMIENTO-2CONTACTOR N.O;REPUESTOS;UND;0.0;0.0;0.25;0.37;120.0;44.88
8;ALFA ELECTRIC SOLUTION S.A.C.;JCAMACHO;1-SIN STOCK;0;10017666;SIKABUM;GASTOS ADMINISTRATIVOS;UND;0.0;0.0;0.5;0.75;38.0;28.46
8;ALFA ELECTRIC SOLUTION S.A.C.;RFIGUEREDO;1-SIN STOCK;0;10011573;ARRANCADOR DIRECTO;REPUESTOS;UND;0.0;0.0;0.08;0.12;335.0;41.88
8;ALFA ELECTRIC SOLUTION S.A.C.;JCAMACHO;1-SIN STOCK;0;10007183;LLAVE SELECTORA DE 02 POSICIONES 0-I;SUMINISTROS;UND;0.0;0.0;0.25;0.37;88.0;32.91
8;ALFA ELECTRIC SOLUTION S.A.C.;RFIGUEREDO;1-SIN STOCK;0;10007089;LLAVE  TERMOMAGNETICA DE 3X80 AMP MARA SCHNEIDER;SUMINISTROS;UND;0.0;0.0;0.08;0.12;250.0;31.25
8;ALFA ELECTRIC SOLUTION S.A.C.;RFIGUEREDO;1-SIN STOCK;0;10026630;"TUBO CONDUIT EMT DE 1/2""";SUMINISTROS;UND;0.0;0.0;2.08;3.12;10.0;31.19
8;ALFA ELECTRIC SOLUTION S.A.C.;RFIGUEREDO;1-SIN STOCK;0;10007097;TEMPORIZADOR ANALOGICO ATNB/ 24-240;SUMINISTROS;UND;0.0;0.0;0.17;0.25;120.0;30.0
8;ALFA ELECTRIC SOLUTION S.A.C.;RFIGUEREDO;1-SIN STOCK;0;10019584;PERILLA DE PRECISION  PARA POTENCIOMETRO CON CONTADOR DE VUELTAS MODELO G-15-1-11;REPUESTOS;UND;0.0;0.0;0.17;0.25;120.0;30.0
8;ALFA ELECTRIC SOLUTION S.A.C.;HNOLBERTO;1-SIN STOCK;0;10027204;CONECTOR INDUSTRIAL DE 16 PINES HEMBRA Y MACHO;REPUESTOS;UND;0.0;0.0;0.08;0.12;240.0;30.0
8;ALFA ELECTRIC SOLUTION S.A.C.;RFIGUEREDO;1-SIN STOCK;0;10024559;CONECTOR DE AUDIO XLR MACHO Y HEMBRA;REPUESTOS;UND;0.0;0.0;1.0;1.5;18.0;26.95
8;ALFA ELECTRIC SOLUTION S.A.C.;RFIGUEREDO;1-SIN STOCK;0;10007461;FLOURECENTE  LED STA 12 14.5 W PHILLIPS;SUMINISTROS;UND;0.0;0.0;0.33;0.5;52.0;25.95
8;ALFA ELECTRIC SOLUTION S.A.C.;RFIGUEREDO;1-SIN STOCK;0;10015921;RELE TERMICO 5.5 - 8 AMP SCHNEIDER;REPUESTOS;UND;0.0;0.0;0.08;0.12;195.0;24.38
8;ALFA ELECTRIC SOLUTION S.A.C.;HNOLBERTO;1-SIN STOCK;0;10006634;TOMACORRIENTE DOBLE  P/ INSTALACION EMPOTRADA C/TOMA A TIERRA, TICINO;REPUESTOS;UND;0.0;0.0;0.67;1.0;23.0;22.95
8;ALFA ELECTRIC SOLUTION S.A.C.;JCAMACHO;1-SIN STOCK;0;10011267;RELE TERMICO LRD14;REPUESTOS;UND;0.0;0.0;0.08;0.12;182.0;22.75
8;ALFA ELECTRIC SOLUTION S.A.C.;RFIGUEREDO;1-SIN STOCK;0;10025888;CABLE DE CORRIENTE COLOR AMARILLO NRO 14;SUMINISTROS;UND;0.0;0.0;0.08;0.12;179.0;22.38
8;ALFA ELECTRIC SOLUTION S.A.C.;RFIGUEREDO;1-SIN STOCK;0;10006621;FLUORECENTE;REPUESTOS;UND;0.0;0.0;0.67;1.0;19.0;18.96
8;ALFA ELECTRIC SOLUTION S.A.C.;RFIGUEREDO;1-SIN STOCK;0;10007506;CANALETA RANURADA PVC 60 X 60;SUMINISTROS;UND;0.0;0.0;0.42;0.62;30.0;18.72
8;ALFA ELECTRIC SOLUTION S.A.C.;RFIGUEREDO;1-SIN STOCK;0;10011683;PRESOSTATO;REPUESTOS;UND;0.0;0.0;0.08;0.12;58.0;7.25
8;ALFA ELECTRIC SOLUTION S.A.C.;RFIGUEREDO;1-SIN STOCK;0;10004625;ROLLO DE CABLE GPT #16 C/NEGRO;REPUESTOS;RLL;0.0;0.0;0.08;0.12;148.0;18.5
8;ALFA ELECTRIC SOLUTION S.A.C.;HNOLBERTO;1-SIN STOCK;0;10016544;ROUTER INALAMBRICO 450Mbps;GASTOS ADMINISTRATIVOS;UND;0.0;0.0;0.08;0.12;145.0;18.12
8;ALFA ELECTRIC SOLUTION S.A.C.;HNOLBERTO;1-SIN STOCK;0;10025440;MULTIMETRO DIGITAL UT33A+;REPUESTOS;UND;0.0;0.0;0.08;0.12;145.0;18.12
8;ALFA ELECTRIC SOLUTION S.A.C.;JCAMACHO;1-SIN STOCK;0;10003717;"ABRAZADERA 1/2""";SUMINISTROS;UND;0.0;0.0;15.8;23.7;0.4;9.48
8;ALFA ELECTRIC SOLUTION S.A.C.;HNOLBERTO;1-SIN STOCK;0;10027205;CONECTOR INDUSTRIAL DE 6 PINES EMBRA Y MACHO;REPUESTOS;UND;0.0;0.0;0.08;0.12;142.0;17.75
8;ALFA ELECTRIC SOLUTION S.A.C.;RFIGUEREDO;1-SIN STOCK;0;10010349;CABLE A TIERRA #14 AWG;REPUESTOS;UND;0.0;0.0;0.08;0.12;62.4;7.8
8;ALFA ELECTRIC SOLUTION S.A.C.;HNOLBERTO;1-SIN STOCK;0;10017420;CAJA DE PASO 10X10;REPUESTOS;UND;0.0;0.0;0.58;0.87;5.0;4.37
8;ALFA ELECTRIC SOLUTION S.A.C.;RFIGUEREDO;1-SIN STOCK;0;10018094;INTERRUPTOR TERMOMAGNETICO TIPO RIEL DIN 3 X 32 A SCHNEIDER ELECTRIC;REPUESTOS;UND;0.0;0.0;0.08;0.12;130.0;16.25
8;ALFA ELECTRIC SOLUTION S.A.C.;JCAMACHO;1-SIN STOCK;0;10018446;TERMINAL SOBREMOLDEADO  COLOR NEGRO;REPUESTOS;UND;0.0;0.0;83.58;125.38;0.08;10.03
8;ALFA ELECTRIC SOLUTION S.A.C.;JCAMACHO;1-SIN STOCK;0;10008827;CAJA DE PASO METALICA 20x20;SUMINISTROS;UND;0.0;0.0;0.25;0.37;43.0;16.08
8;ALFA ELECTRIC SOLUTION S.A.C.;RFIGUEREDO;1-SIN STOCK;0;10004716;TERMINAL AISLADO TIPO OJAL  DE 6MM PARA CABLE 10-12 COLOR AMARILLO;SUMINISTROS;UND;0.0;0.0;33.27;49.9;0.26;12.97
8;ALFA ELECTRIC SOLUTION S.A.C.;RFIGUEREDO;1-SIN STOCK;0;10007099;RIEL DIN;REPUESTOS;MT;0.0;0.0;0.75;1.12;14.0;15.72
8;ALFA ELECTRIC SOLUTION S.A.C.;RFIGUEREDO;1-SIN STOCK;0;10013919;PEDAL SWITCH MODELO SFMS-1;REPUESTOS;UND;0.0;0.0;0.08;0.12;126.0;15.75
8;ALFA ELECTRIC SOLUTION S.A.C.;RFIGUEREDO;1-SIN STOCK;0;10018445;TERMINAL MANGUITO COLOR GRIS;REPUESTOS;UND;0.0;0.0;141.39;212.08;0.06;12.72
8;ALFA ELECTRIC SOLUTION S.A.C.;JCAMACHO;1-SIN STOCK;0;10018623;CAJA METALICA DE PASO;REPUESTOS;UND;0.0;0.0;0.42;0.62;10.0;6.24
8;ALFA ELECTRIC SOLUTION S.A.C.;RFIGUEREDO;1-SIN STOCK;0;10013985;TERMINAL SOBREMOLDEADO TUBULAR N°20 COLOR BLANCO;REPUESTOS;UND;0.0;0.0;199.61;299.41;0.05;14.97
8;ALFA ELECTRIC SOLUTION S.A.C.;JCAMACHO;1-SIN STOCK;0;10010900;CAÑERIA;SUMINISTROS;UND;0.0;0.0;0.08;0.12;109.0;13.62
8;ALFA ELECTRIC SOLUTION S.A.C.;RFIGUEREDO;1-SIN STOCK;0;10004663;TABLERO ELECTRICO;REPUESTOS;UND;0.0;0.0;0.08;0.12;105.0;13.12
8;ALFA ELECTRIC SOLUTION S.A.C.;JCAMACHO;1-SIN STOCK;0;10004031;CURVA;SUMINISTROS;UND;0.0;0.0;1.0;1.5;4.5;6.74
8;ALFA ELECTRIC SOLUTION S.A.C.;JCAMACHO;1-SIN STOCK;0;10020670;TABLERO ELECTRICO ADOSADO 30 X 20 X 15CM;REPUESTOS;UND;0.0;0.0;0.08;0.12;90.0;11.25
8;ALFA ELECTRIC SOLUTION S.A.C.;JCAMACHO;1-SIN STOCK;0;10010539;TARUGOS 3/8;SUMINISTROS;UND;0.0;0.0;12.47;18.71;0.2;3.74
8;ALFA ELECTRIC SOLUTION S.A.C.;HNOLBERTO;1-SIN STOCK;0;10022051;CABLE VULCANIZADO 2 X 14 AWG;REPUESTOS;RLL;0.0;0.0;0.08;0.12;88.5;11.06
8;ALFA ELECTRIC SOLUTION S.A.C.;RFIGUEREDO;1-SIN STOCK;0;10025889;CANALETA DE 10X20mm color blanco;SUMINISTROS;UND;0.0;0.0;0.67;1.0;10.0;9.98
8;ALFA ELECTRIC SOLUTION S.A.C.;JCAMACHO;1-SIN STOCK;0;10025605;REGLETA DE BORNERA DE PVC DE 6A;REPUESTOS;UND;0.0;0.0;1.33;2.0;5.0;9.98
8;ALFA ELECTRIC SOLUTION S.A.C.;JCAMACHO;1-SIN STOCK;0;10018429;SOLDADURA MAX PRO;SUMINISTROS;UND;0.0;0.0;0.25;0.37;28.0;10.47
8;ALFA ELECTRIC SOLUTION S.A.C.;RFIGUEREDO;1-SIN STOCK;0;10025520;BORNERA DE 4mm2 PARA TIERRA TIPO RIEL DIN;REPUESTOS;UND;0.0;0.0;2.08;3.12;3.0;9.36
8;ALFA ELECTRIC SOLUTION S.A.C.;HNOLBERTO;1-SIN STOCK;0;10003920;CODO 3/4 X 3/4;REPUESTOS;UND;0.0;0.0;0.83;1.25;2.6;3.24
8;ALFA ELECTRIC SOLUTION S.A.C.;RFIGUEREDO;1-SIN STOCK;0;10007688;TERMINAL SOBREMOLDEADO TUBULAR N°18 COLOR AMARILLO;REPUESTOS;UND;0.0;0.0;99.8;149.71;0.05;7.49
8;ALFA ELECTRIC SOLUTION S.A.C.;RFIGUEREDO;1-SIN STOCK;0;10025578;BARRA A TIERRA PARA TABLERO ELECTRICO;REPUESTOS;UND;0.0;0.0;0.58;0.87;10.0;8.73
8;ALFA ELECTRIC SOLUTION S.A.C.;JCAMACHO;1-SIN STOCK;0;10027236;ALICATE PELA CABLE STANLEY;SUMINISTROS;UND;0.0;0.0;0.08;0.12;70.0;8.75
8;ALFA ELECTRIC SOLUTION S.A.C.;JCAMACHO;1-SIN STOCK;0;10027234;PRENSA TERMINALES C/RATCHET  HURRICANE HT-236E2 PARA TERMINAL SOBREMOLDEADO;SUMINISTROS;UND;0.0;0.0;0.08;0.12;65.0;8.12
8;ALFA ELECTRIC SOLUTION S.A.C.;HNOLBERTO;1-SIN STOCK;0;10010351;"ABRAZADERA DE TUBO 3/4""";SUMINISTROS;UND;0.0;0.0;3.33;4.99;1.5;7.49
8;ALFA ELECTRIC SOLUTION S.A.C.;HNOLBERTO;1-SIN STOCK;0;10018285;CODO PVC 1/2 X 90 -C/ROSCA GFTCO004;SUMINISTROS;UND;0.0;0.0;4.99;7.49;1.0;7.49
8;ALFA ELECTRIC SOLUTION S.A.C.;RFIGUEREDO;1-SIN STOCK;0;10026634;"CURVAS CONDUIT DE 1/2""";REPUESTOS;UND;0.0;0.0;2.5;3.74;2.0;7.49
8;ALFA ELECTRIC SOLUTION S.A.C.;JCAMACHO;1-SIN STOCK;0;10027235;PRENSA TERMINALES C/RATCHET  HURRICANE HT-236H;SUMINISTROS;UND;0.0;0.0;0.08;0.12;59.0;7.38
8;ALFA ELECTRIC SOLUTION S.A.C.;JCAMACHO;1-SIN STOCK;0;10019498;"ESCOBILLA DE FIERRO CIRCULAR DE 7""";REPUESTOS;UND;0.0;0.0;0.17;0.25;26.5;6.62
8;ALFA ELECTRIC SOLUTION S.A.C.;JCAMACHO;1-SIN STOCK;0;10018236;ALICATE SEEGER INTERIOR;REPUESTOS;UND;0.0;0.0;0.08;0.12;50.0;6.25
8;ALFA ELECTRIC SOLUTION S.A.C.;JCAMACHO;1-SIN STOCK;0;10027232;JUEGO DE ALICATE PARA SEGURO SEEGER;SUMINISTROS;UND;0.0;0.0;0.08;0.12;45.5;5.69
8;ALFA ELECTRIC SOLUTION S.A.C.;HNOLBERTO;1-SIN STOCK;0;10025435;JUEGO DE PUNTAS PARA DESARMADOR + EXTENSION TRUPER;SUMINISTROS;UND;0.0;0.0;0.08;0.12;45.0;5.62
8;ALFA ELECTRIC SOLUTION S.A.C.;RFIGUEREDO;1-SIN STOCK;0;10026635;"UNION CONDUIT DE 1/2""";REPUESTOS;UND;0.0;0.0;2.5;3.74;1.5;5.61
8;ALFA ELECTRIC SOLUTION S.A.C.;RFIGUEREDO;1-SIN STOCK;0;10019548;CANALETA RANURADA DE 80 X 60 MM;REPUESTOS;UND;0.0;0.0;0.08;0.12;41.0;5.12
8;ALFA ELECTRIC SOLUTION S.A.C.;JCAMACHO;1-SIN STOCK;0;10027397;CAJA  PARA LLAVE TERMICA DE 2 POLOS DE PVC;REPUESTOS;UND;0.0;0.0;0.17;0.25;20.0;5.0
8;ALFA ELECTRIC SOLUTION S.A.C.;HNOLBERTO;1-SIN STOCK;0;10025436;PINZAS DE PUNTAS (FINA Y ANTIESTATICAS);SUMINISTROS;JGO;0.0;0.0;0.08;0.12;36.4;4.55
8;ALFA ELECTRIC SOLUTION S.A.C.;JCAMACHO;1-SIN STOCK;0;10014257;INTERRUPTOR;REPUESTOS;UND;0.0;0.0;0.17;0.25;5.0;1.25
8;ALFA ELECTRIC SOLUTION S.A.C.;RFIGUEREDO;1-SIN STOCK;0;10026027;SENSOR DE MOVIMIENTO MINI 8MTS 360° IP20 SERIES  ST-05M OPALUX;SUMINISTROS;UND;0.0;0.0;0.08;0.12;35.0;4.38
8;ALFA ELECTRIC SOLUTION S.A.C.;RFIGUEREDO;1-SIN STOCK;0;10025415;TUBERIA CONDUIT DE 3/4;REPUESTOS;UND;0.0;0.0;0.25;0.37;11.0;4.11
8;ALFA ELECTRIC SOLUTION S.A.C.;HNOLBERTO;1-SIN STOCK;0;10025406;TARUGOS DE 3/4 DE PVC;REPUESTOS;UND;0.0;0.0;8.32;12.47;0.3;3.74
8;ALFA ELECTRIC SOLUTION S.A.C.;JCAMACHO;1-SIN STOCK;0;10027396;CINTA VINILICA  BLANCA SIN HADESIVO;REPUESTOS;UND;0.0;0.0;0.25;0.37;10.0;3.74
8;ALFA ELECTRIC SOLUTION S.A.C.;RFIGUEREDO;1-SIN STOCK;0;10003943;TERMINAL DE COBRE ESTAÑADO T10-6;REPUESTOS;UND;0.0;0.0;2.0;2.99;1.2;3.59
8;ALFA ELECTRIC SOLUTION S.A.C.;HNOLBERTO;1-SIN STOCK;0;10025672;CANALETA CORRUGADA DE 3/8;SUMINISTROS;UND;0.0;0.0;0.83;1.25;2.6;3.24
8;ALFA ELECTRIC SOLUTION S.A.C.;JCAMACHO;1-SIN STOCK;0;10004037;"DISCO DE FIERRO 4 1/2""";SUMINISTROS;UND;0.0;0.0;0.5;0.75;4.0;3.0
8;ALFA ELECTRIC SOLUTION S.A.C.;HNOLBERTO;1-SIN STOCK;0;10004766;WINCHA PASA CABLE;SUMINISTROS;UND;0.0;0.0;0.08;0.12;22.0;2.75
8;ALFA ELECTRIC SOLUTION S.A.C.;RFIGUEREDO;1-SIN STOCK;0;10014336;PERNO HEXAGONAL M14 X 45MM;REPUESTOS;UND;0.0;0.0;2.0;2.99;0.9;2.69
8;ALFA ELECTRIC SOLUTION S.A.C.;HNOLBERTO;1-SIN STOCK;0;10025671;CAJA PARA LLAVE TERMICA DE 2 POLOS;REPUESTOS;UND;0.0;0.0;0.17;0.25;10.0;2.5
8;ALFA ELECTRIC SOLUTION S.A.C.;RFIGUEREDO;1-SIN STOCK;0;10022560;CAJA BOTONERA CON 3 ORIFICIOS PARA PULSADOR;REPUESTOS;UND;0.0;0.0;0.08;0.12;18.0;2.25
8;ALFA ELECTRIC SOLUTION S.A.C.;RFIGUEREDO;1-SIN STOCK;0;10025417;"ABRAZADERA CONDUIT HANGER DE 3/4""";REPUESTOS;UND;0.0;0.0;1.0;1.5;1.5;2.25
8;ALFA ELECTRIC SOLUTION S.A.C.;RFIGUEREDO;1-SIN STOCK;0;10025508;TABLERO ADOSABLE DE PLASTICO DE 8 POLOS;REPUESTOS;UND;0.0;0.0;0.08;0.12;16.0;2.0
8;ALFA ELECTRIC SOLUTION S.A.C.;HNOLBERTO;1-SIN STOCK;0;10017673;FOCO LED 7W 220VAC;REPUESTOS;UND;0.0;0.0;0.08;0.12;14.0;1.75
8;ALFA ELECTRIC SOLUTION S.A.C.;JCAMACHO;1-SIN STOCK;0;10010699;PERNO HEXAGONAL M8 X 20;REPUESTOS;UND;0.0;0.0;4.82;7.24;0.21;1.52
8;ALFA ELECTRIC SOLUTION S.A.C.;HNOLBERTO;1-SIN STOCK;0;10025673;ABRAZADERA DE 3/8;SUMINISTROS;UND;0.0;0.0;0.83;1.25;1.2;1.5
8;ALFA ELECTRIC SOLUTION S.A.C.;RFIGUEREDO;1-SIN STOCK;0;10026632;CAJA ADOSABLE  PARA 6 POLOS;REPUESTOS;UND;0.0;0.0;0.08;0.12;12.0;1.5
8;ALFA ELECTRIC SOLUTION S.A.C.;RFIGUEREDO;1-SIN STOCK;0;10009878;MANGA TERMOCONTRAIBLE PARA CABLE #16AWG COLOR BLANCO;REPUESTOS;MT;0.0;0.0;0.42;0.62;2.1;1.31
8;ALFA ELECTRIC SOLUTION S.A.C.;RFIGUEREDO;1-SIN STOCK;0;10003818;BORNERA DE BAQUELITA;SUMINISTROS;UND;0.0;0.0;0.08;0.12;9.0;1.12
8;ALFA ELECTRIC SOLUTION S.A.C.;RFIGUEREDO;1-SIN STOCK;0;10016472;TAPA CIEGA RECTANGULAR;REPUESTOS;UND;0.0;0.0;0.33;0.5;1.5;0.75
8;ALFA ELECTRIC SOLUTION S.A.C.;HNOLBERTO;1-SIN STOCK;0;10021634;SOCKET PARA FOCO;REPUESTOS;UND;0.0;0.0;0.17;0.25;2.5;0.62
8;ALFA ELECTRIC SOLUTION S.A.C.;RFIGUEREDO;1-SIN STOCK;0;10004667;TAPA CIEGA  PARA CAJA OCTOGONAL DE PVC;SUMINISTROS;UND;0.0;0.0;0.17;0.25;1.5;0.38
8;ALFA ELECTRIC SOLUTION S.A.C.;RFIGUEREDO;1-SIN STOCK;0;10025416;CONECTOR  CONDUIT ETM 3/4;REPUESTOS;UND;0.0;0.0;0.08;0.12;1.5;0.19
8;ALFA ELECTRIC SOLUTION S.A.C.;RFIGUEREDO;1-SIN STOCK;0;10004113;PERNO HEXAGONAL M8 X 30;REPUESTOS;UND;0.0;0.0;0.33;0.5;0.17;0.08
8;ALFA ELECTRIC SOLUTION S.A.C.;HNOLBERTO;4-EN 30 DIAS;28;10007153;BASE DE RELE INTERFACE 24 VDC MOD: RSLZVA1;REPUESTOS;UND;2.0;0.0;2.16;1.24;51.5;64.07
8;ALFA ELECTRIC SOLUTION S.A.C.;JCAMACHO;5-ALCANZA EL MES;31;10024684;CABLE PARA SOLDAR 1/0 AWG MARCA: CAROLPRENE PROCEDENCIA AMERICANA;REPUESTOS;MT;11.7;0.0;11.64;5.77;65.0;374.79
8;ALFA ELECTRIC SOLUTION S.A.C.;JCAMACHO;5-ALCANZA EL MES;43;10007303;CONTROLADOR DE TEMPERATURA TZN4M-14R;REPUESTOS;UND;2.0;0.0;1.41;0.12;420.0;50.82
9;JAIME A. CHAVEZ S.A.C.;HNOLBERTO;1-SIN STOCK;0;10025459;MALLA DE POLIESTER AMARILLO PET1500M  14034 PW 234CM ANCHO 45°;SUMINISTROS;MT;0.0;0.0;2.08;3.13;391.71;1225.27
9;JAIME A. CHAVEZ S.A.C.;HNOLBERTO;1-SIN STOCK;0;10026132;MALLA DE POLIESTER AMARILLO PET1500M  18027 PW 234CM ANCHO 45°;SUMINISTROS;MT;0.0;0.0;2.59;3.89;277.255;1078.24
9;JAIME A. CHAVEZ S.A.C.;HNOLBERTO;1-SIN STOCK;0;10026218;MALLA DE POLIESTER AMARILLO PET1500M  16534 PW (136CM ANCHO) 45°;SUMINISTROS;MT;0.0;0.0;0.92;1.37;241.1335;331.32
9;JAIME A. CHAVEZ S.A.C.;JVILELA;1-SIN STOCK;0;10025386;JEBE P/ RAQUETA DE POLIERUTANO 1096003 VERDE MARATHON 75GN 25X5 MM;SUMINISTROS;MT;0.0;0.0;0.04;0.06;99.4;6.16
10;RODAMIENTOS FAB PERU S.A.C.;JCAMACHO;1-SIN STOCK;0;10027100;FAJA  EN V 3120 LD;REPUESTOS;UND;0.0;0.0;0.83;1.25;265.902;331.85
10;RODAMIENTOS FAB PERU S.A.C.;HNOLBERTO;1-SIN STOCK;0;10025133;CHUMACERA FC 212;REPUESTOS;UND;0.0;0.0;0.33;0.5;263.175;131.32
10;RODAMIENTOS FAB PERU S.A.C.;HNOLBERTO;1-SIN STOCK;0;10026849;RODAJE 6904 2RS;SUMINISTROS;UND;0.0;0.0;4.16;6.24;23.821;148.6
10;RODAMIENTOS FAB PERU S.A.C.;RFIGUEREDO;1-SIN STOCK;0;10022638;RODAMIENTO 3208 2RS/C3;REPUESTOS;UND;0.0;0.0;0.5;0.75;187.935;140.76
10;RODAMIENTOS FAB PERU S.A.C.;JCAMACHO;1-SIN STOCK;0;10019527;RODAMIENTO 32309 J2/Q;REPUESTOS;UND;0.0;0.0;0.5;0.75;132.171;99.0
10;RODAMIENTOS FAB PERU S.A.C.;JCAMACHO;1-SIN STOCK;0;10020784;RODAMIENTO 6312 2RS C3;REPUESTOS;UND;0.0;0.0;0.42;0.62;159.255;99.38
10;RODAMIENTOS FAB PERU S.A.C.;JCAMACHO;1-SIN STOCK;0;10004614;RODAJES 32306;SUMINISTROS;UND;0.0;0.0;0.42;0.62;153.27;95.64
10;RODAMIENTOS FAB PERU S.A.C.;HNOLBERTO;1-SIN STOCK;0;10024606;FAJA DENTADA;REPUESTOS;UND;0.0;0.0;0.67;1.0;40.644;40.56
10;RODAMIENTOS FAB PERU S.A.C.;RFIGUEREDO;1-SIN STOCK;0;10026581;SELLO MECANICO CDLA - 16/WB1F14;REPUESTOS;UND;0.0;0.0;0.17;0.25;363.93;90.98
10;RODAMIENTOS FAB PERU S.A.C.;HNOLBERTO;1-SIN STOCK;0;10008191;RODAMIENTO 6205 2RS/C3;REPUESTOS;UND;0.0;0.0;1.66;2.5;12.4635;31.1
10;RODAMIENTOS FAB PERU S.A.C.;JCAMACHO;1-SIN STOCK;0;10019528;RODAMIENTO 32306 J2/Q;REPUESTOS;UND;0.0;0.0;0.42;0.62;122.364;76.36
10;RODAMIENTOS FAB PERU S.A.C.;JCAMACHO;1-SIN STOCK;0;10020389;RODAMIENTO 6308 2RS C3;REPUESTOS;UND;0.0;0.0;0.92;1.37;45.617;62.59
10;RODAMIENTOS FAB PERU S.A.C.;JCAMACHO;1-SIN STOCK;0;10013441;RODAMIENTO NU 316 ECP;REPUESTOS;UND;0.0;0.0;0.08;0.12;564.465;70.56
10;RODAMIENTOS FAB PERU S.A.C.;RFIGUEREDO;1-SIN STOCK;0;10017805;CHUMACERA;REPUESTOS;UND;0.0;0.0;0.33;0.5;128.905;64.32
10;RODAMIENTOS FAB PERU S.A.C.;RFIGUEREDO;1-SIN STOCK;0;10018032;"SELLO MECANICO 56 0 B/ 1 1/8"" RESORTE CORTO CARA DURA DE SILICIO";REPUESTOS;UND;0.0;0.0;0.25;0.37;104.04;38.91
10;RODAMIENTOS FAB PERU S.A.C.;HNOLBERTO;1-SIN STOCK;0;10027210;CHUMACERA DE PARED NPF205 (SB 205);REPUESTOS;UND;0.0;0.0;0.17;0.25;235.34;58.84
10;RODAMIENTOS FAB PERU S.A.C.;JCAMACHO;1-SIN STOCK;0;10010765;RODAMIENTO 6313 2RS1/C3;REPUESTOS;UND;0.0;0.0;0.17;0.25;188.155;47.04
10;RODAMIENTOS FAB PERU S.A.C.;JCAMACHO;1-SIN STOCK;0;10008846;RODAMIENTO 6204 2RS C3;REPUESTOS;UND;0.0;0.0;1.41;2.12;11.3022;23.97
10;RODAMIENTOS FAB PERU S.A.C.;HNOLBERTO;1-SIN STOCK;0;10017004;RODAMIENTO LEVA/ EJE KR 19 PPA;REPUESTOS;UND;0.0;0.0;0.17;0.25;188.946;47.24
10;RODAMIENTOS FAB PERU S.A.C.;RFIGUEREDO;1-SIN STOCK;0;10004619;RODAMIENTO DE BOLA 6312 - 2RS/C3;REPUESTOS;UND;0.0;0.0;0.17;0.25;165.735;41.43
10;RODAMIENTOS FAB PERU S.A.C.;RFIGUEREDO;1-SIN STOCK;0;10011127;RODAMIENTO 6311 2RS C3 SKF;REPUESTOS;UND;0.0;0.0;0.17;0.25;149.898;37.47
10;RODAMIENTOS FAB PERU S.A.C.;JCAMACHO;1-SIN STOCK;0;10013821;RODAMIENTO DE BOLA SKF 6308 2RS/C3;REPUESTOS;UND;0.0;0.0;0.5;0.75;47.294;35.42
10;RODAMIENTOS FAB PERU S.A.C.;HNOLBERTO;1-SIN STOCK;0;10004604;RODAJES 6308 2RS C3;REPUESTOS;UND;0.0;0.0;0.5;0.75;45.162;33.83
10;RODAMIENTOS FAB PERU S.A.C.;RFIGUEREDO;1-SIN STOCK;0;10015808;ROTULA GE 35 ES 2RS;REPUESTOS;UND;0.0;0.0;0.17;0.25;134.88;33.72
10;RODAMIENTOS FAB PERU S.A.C.;HNOLBERTO;1-SIN STOCK;0;10025475;FAJA B100 MARCA: OPTIBEL;REPUESTOS;UND;0.0;0.0;0.33;0.5;66.671;33.27
10;RODAMIENTOS FAB PERU S.A.C.;JCAMACHO;1-SIN STOCK;0;10027238;FAJA;REPUESTOS;UND;0.0;0.0;0.25;0.37;61.344;22.94
10;RODAMIENTOS FAB PERU S.A.C.;JCAMACHO;1-SIN STOCK;0;10004601;RODAMIENTO 6212 2RS C3;REPUESTOS;UND;0.0;0.0;0.17;0.25;71.14;17.79
10;RODAMIENTOS FAB PERU S.A.C.;JCAMACHO;1-SIN STOCK;0;10026851;CORREA O FAJA CIRCULAR DE POLIURETANO DIAMETRO 3mm COLOR VERDE;REPUESTOS;MT;0.0;0.0;0.42;0.62;33.75;21.06
10;RODAMIENTOS FAB PERU S.A.C.;RFIGUEREDO;1-SIN STOCK;0;10007807;RODAMIENTO 22209 E1;REPUESTOS;UND;0.0;0.0;0.08;0.12;166.464;20.81
10;RODAMIENTOS FAB PERU S.A.C.;RFIGUEREDO;1-SIN STOCK;0;10022889;FAJA AX34;REPUESTOS;UND;0.0;0.0;0.33;0.5;40.536;20.23
10;RODAMIENTOS FAB PERU S.A.C.;RFIGUEREDO;1-SIN STOCK;0;10013161;ORING 3.53 2-269 (221.84-228.90) VITON;REPUESTOS;UND;0.0;0.0;0.17;0.25;76.296;19.07
10;RODAMIENTOS FAB PERU S.A.C.;JCAMACHO;1-SIN STOCK;0;10003739;FAJA B5780;REPUESTOS;UND;0.0;0.0;0.33;0.5;34.0;16.97
10;RODAMIENTOS FAB PERU S.A.C.;RFIGUEREDO;1-SIN STOCK;0;10022609;RODAMIENTO 6210 2RS / C3;REPUESTOS;UND;0.0;0.0;0.25;0.37;46.1295;17.25
10;RODAMIENTOS FAB PERU S.A.C.;RFIGUEREDO;1-SIN STOCK;0;10020937;RODAMIENTO 6011-2Z;REPUESTOS;UND;0.0;0.0;0.17;0.25;60.804;15.2
10;RODAMIENTOS FAB PERU S.A.C.;RFIGUEREDO;1-SIN STOCK;0;10020302;RODAMIENTO 6310 2RS-C3;REPUESTOS;UND;0.0;0.0;0.08;0.12;114.208;14.28
10;RODAMIENTOS FAB PERU S.A.C.;JCAMACHO;1-SIN STOCK;0;10007581;RODAMIENTO 6004- ZZ-F604-SNR;REPUESTOS;UND;0.0;0.0;0.17;0.25;47.955;11.99
10;RODAMIENTOS FAB PERU S.A.C.;RFIGUEREDO;1-SIN STOCK;0;10019235;RETEN RADIAL 90 X 120 X 12;REPUESTOS;UND;0.0;0.0;0.17;0.25;20.196;5.05
10;RODAMIENTOS FAB PERU S.A.C.;RFIGUEREDO;1-SIN STOCK;0;10020363;SELLO MECANICO CON CARAS DURAS DE SILICIO EJE DIAMETRO 20MM, ESTACIONARIO 35MM RESORTE RECTO;REPUESTOS;UND;0.0;0.0;0.08;0.12;83.232;10.4
10;RODAMIENTOS FAB PERU S.A.C.;RFIGUEREDO;1-SIN STOCK;0;10023227;ORING 3.5 X 213;REPUESTOS;UND;0.0;0.0;0.08;0.12;83.232;10.4
10;RODAMIENTOS FAB PERU S.A.C.;HNOLBERTO;1-SIN STOCK;0;10026850;SEGURO SEEGER J19;SUMINISTROS;UND;0.0;0.0;2.08;3.12;2.7224;8.49
10;RODAMIENTOS FAB PERU S.A.C.;RFIGUEREDO;1-SIN STOCK;0;10015436;RODAMIENTO 6202 2RS C3 (ALTA TEMPERATURA);REPUESTOS;UND;0.0;0.0;0.33;0.5;16.4934;8.23
10;RODAMIENTOS FAB PERU S.A.C.;JCAMACHO;1-SIN STOCK;0;10007691;GRASA PARA RODAMIENTO VKG 1/0.4 SKF;SUMINISTROS;UND;0.0;0.0;0.08;0.12;61.182;7.65
10;RODAMIENTOS FAB PERU S.A.C.;RFIGUEREDO;1-SIN STOCK;0;10012375;RODAJE 6206 2RS1/C3;REPUESTOS;UND;0.0;0.0;0.17;0.25;23.12;5.78
10;RODAMIENTOS FAB PERU S.A.C.;RFIGUEREDO;1-SIN STOCK;0;10020303;RODAMIENTO 6305 2RS/ C3;REPUESTOS;UND;0.0;0.0;0.17;0.25;19.074;4.77
10;RODAMIENTOS FAB PERU S.A.C.;JCAMACHO;1-SIN STOCK;0;10026846;RODAMIENTO DE BOLA 6906 2RS;REPUESTOS;UND;0.0;0.0;0.08;0.12;41.016;5.13
10;RODAMIENTOS FAB PERU S.A.C.;JCAMACHO;1-SIN STOCK;0;10027069;FAJA A - 48;REPUESTOS;UND;0.0;0.0;0.08;0.12;35.9625;4.5
10;RODAMIENTOS FAB PERU S.A.C.;RFIGUEREDO;1-SIN STOCK;0;10018503;RODAMIENTO 6304 2RS/C3;REPUESTOS;UND;0.0;0.0;0.17;0.25;16.9932;4.25
10;RODAMIENTOS FAB PERU S.A.C.;RFIGUEREDO;1-SIN STOCK;0;10019196;RETEN RADIAL 75 X 100 X 13;REPUESTOS;UND;0.0;0.0;0.08;0.12;10.2816;1.29
10;RODAMIENTOS FAB PERU S.A.C.;HNOLBERTO;1-SIN STOCK;0;10027373;ANILLO SEEGER A - 13;REPUESTOS;UND;0.0;0.0;0.83;1.25;3.352;4.18
10;RODAMIENTOS FAB PERU S.A.C.;RFIGUEREDO;1-SIN STOCK;0;10014051;RETEN RADIAL 45 X 68 X 12;REPUESTOS;UND;0.0;0.0;0.17;0.25;13.872;3.47
10;RODAMIENTOS FAB PERU S.A.C.;JCAMACHO;1-SIN STOCK;0;10003842;FAJA PARA MOTOR B46;REPUESTOS;UND;0.0;0.0;0.08;0.12;23.975;3.0
10;RODAMIENTOS FAB PERU S.A.C.;RFIGUEREDO;1-SIN STOCK;0;10012975;ORING 3.53 2-262 (177.39-184.45) NITRILO;REPUESTOS;UND;0.0;0.0;0.08;0.12;22.8888;2.86
10;RODAMIENTOS FAB PERU S.A.C.;RFIGUEREDO;1-SIN STOCK;0;10012364;RODAJE 6204 2 ZC3;REPUESTOS;UND;0.0;0.0;0.08;0.12;13.09;1.64
10;RODAMIENTOS FAB PERU S.A.C.;RFIGUEREDO;1-SIN STOCK;0;10011002;RODAMIENTO 6204 2ZC3;REPUESTOS;UND;0.0;0.0;0.08;0.12;13.0476;1.63
10;RODAMIENTOS FAB PERU S.A.C.;RFIGUEREDO;1-SIN STOCK;0;10018884;RETEN RADIAL 35 - 55 - 10;REPUESTOS;UND;0.0;0.0;0.08;0.12;9.009;1.13
10;RODAMIENTOS FAB PERU S.A.C.;RFIGUEREDO;1-SIN STOCK;0;10014376;SEGURO SEEGUER A-28;REPUESTOS;UND;0.0;0.0;0.17;0.25;2.2195;0.55
10;RODAMIENTOS FAB PERU S.A.C.;JCAMACHO;3-EN 15 DIAS;10;10020116;RODAMIENTO;REPUESTOS;UND;1.0;0.0;3.16;3.74;18.667;69.83
10;RODAMIENTOS FAB PERU S.A.C.;JCAMACHO;3-EN 15 DIAS;15;10004599;RODAMIENTO 6206 2RS C3;REPUESTOS;UND;1.0;0.0;2.08;2.12;18.67;39.56
10;RODAMIENTOS FAB PERU S.A.C.;HNOLBERTO;5-ALCANZA EL MES;35;10007582;RODAMIENTO COD. 6202 2RS /C3;REPUESTOS;UND;4.0;6.0;8.73;3.1;16.1568;50.07
11;ASEPTIC SOLUTIONS PERU SAC;HNOLBERTO;1-SIN STOCK;0;10026427;LAINA DE INDUCCIÓN RESPIRABLE SIN IMPRESIÓN 60 MM CON RESPALDO DE CARTÓN;COMPLEMENTO PT;UND;0.0;0.0;332.68;499.02;0.3842;191.74
11;ASEPTIC SOLUTIONS PERU SAC;HNOLBERTO;4-EN 30 DIAS;21;10014507;LAINAS RESPIRABLES DE ALUMINIO PARA B38 DIAM 36.6 MM;COMPLEMENTO PT;UND;4900.0;0.0;7069.4;5704.1;0.3709;2115.76
12;SERMULTEC PACIFIC S.R.L.;JCAMACHO;1-SIN STOCK;0;10017347;TONER HP 26A;GASTOS ADMINISTRATIVOS;UND;0.0;0.0;5.74;8.61;160.0;1377.28
12;SERMULTEC PACIFIC S.R.L.;RFIGUEREDO;1-SIN STOCK;0;10025719;PC CORE I5-1240, MAINBOARD H610M, DDR4,LGA1700 16GB-3200MHZ,SSD 500GB M2, CASE ANTEC BLACK;ACTIVOS FIJOS;UND;0.0;0.0;0.08;0.12;1975.545;246.94
12;SERMULTEC PACIFIC S.R.L.;CONTA03;1-SIN STOCK;0;10025724;IMPRESORA DE CODIGO DE BARRAS ZEBRA ZD230T;ACTIVOS FIJOS;UND;0.0;0.0;0.08;0.12;1095.9;136.99
12;SERMULTEC PACIFIC S.R.L.;RFIGUEREDO;1-SIN STOCK;0;10026043;TONER HP26A;SUMINISTROS;UND;0.0;0.0;0.25;0.37;160.0;59.84
12;SERMULTEC PACIFIC S.R.L.;RFIGUEREDO;1-SIN STOCK;0;10005341;TONER HP 85A;GASTOS ADMINISTRATIVOS;UND;0.0;0.0;0.33;0.5;108.69;54.24
12;SERMULTEC PACIFIC S.R.L.;HNOLBERTO;1-SIN STOCK;0;10005517;TONER HP 83A;GASTOS ADMINISTRATIVOS;UND;0.0;0.0;0.33;0.5;108.6893;54.24
12;SERMULTEC PACIFIC S.R.L.;RFIGUEREDO;1-SIN STOCK;0;10026016;Cooler master para PC;SUMINISTROS;UND;0.0;0.0;0.08;0.12;322.2676;40.28
12;SERMULTEC PACIFIC S.R.L.;RFIGUEREDO;1-SIN STOCK;0;10026477;Monitor Samsung S3 F330 24 Essential FHD100hz Negro;SUMINISTROS;UND;0.0;0.0;0.08;0.12;248.328;31.04
12;SERMULTEC PACIFIC S.R.L.;RFIGUEREDO;1-SIN STOCK;0;10025726;CABEZAL EPSON LX300;REPUESTOS;UND;0.0;0.0;0.08;0.12;220.025;27.5
12;SERMULTEC PACIFIC S.R.L.;RFIGUEREDO;1-SIN STOCK;0;10025905;"Monitor Samsung LS22D300GALXPE 22"" FHD IPS 100Hz HDMI VGA";ACTIVOS FIJOS;UND;0.0;0.0;0.08;0.12;222.42;27.8
12;SERMULTEC PACIFIC S.R.L.;HNOLBERTO;1-SIN STOCK;0;10026686;Adaptador de red TP-Link UE300C Usb tipo-C a RJA45 Gigabit, Plug and play, blanco;SUMINISTROS;UND;0.0;0.0;0.33;0.5;54.72;27.31
12;SERMULTEC PACIFIC S.R.L.;JCAMACHO;1-SIN STOCK;0;10027469;CASE NUEVO, CABLEADO E INSTALACION DE PARTES;SUMINISTROS;UND;0.0;0.0;0.08;0.12;199.0;24.88
12;SERMULTEC PACIFIC S.R.L.;RFIGUEREDO;1-SIN STOCK;0;10025067;KIT DE TECLADO Y MOUSE INALAMBRICO LOGITECH MK 295;SUMINISTROS;UND;0.0;0.0;0.08;0.12;118.0;14.75
12;SERMULTEC PACIFIC S.R.L.;RFIGUEREDO;1-SIN STOCK;0;10025725;KIT RUEDAS DE ARRASTRE DE EPSON LX300;REPUESTOS;UND;0.0;0.0;0.08;0.12;97.7926;12.22
12;SERMULTEC PACIFIC S.R.L.;JCAMACHO;1-SIN STOCK;0;10027468;TAPA LATERAL DE CPU;SUMINISTROS;UND;0.0;0.0;0.08;0.12;89.0;11.12
12;SERMULTEC PACIFIC S.R.L.;RFIGUEREDO;1-SIN STOCK;0;10005368;COOLER PARA PC/LAPTOP;SUMINISTROS;UND;0.0;0.0;0.08;0.12;65.376;8.17
12;SERMULTEC PACIFIC S.R.L.;JCAMACHO;1-SIN STOCK;0;10027466;KIT DE DESARMADORES MULTIFUNCIONALES PARA PCS Y LAPTOP;SUMINISTROS;UND;0.0;0.0;0.08;0.12;65.0;8.12
12;SERMULTEC PACIFIC S.R.L.;JCAMACHO;1-SIN STOCK;0;10027467;PASTA TERMICA MAXTOR CTG8 4.GR CERTIFICADA (12.8WMK) SERIE HI010001589321;SUMINISTROS;UND;0.0;0.0;0.08;0.12;38.5;4.81
12;SERMULTEC PACIFIC S.R.L.;RFIGUEREDO;1-SIN STOCK;0;10005492;CABLE DE RED AMP CAT 6;SUMINISTROS;MT;0.0;0.0;0.08;0.12;12.0;1.5
13;CLEAR FAST E.I.R.L.;JCAMACHO;1-SIN STOCK;0;10007858;DETERGENTE 15 KILOS SAPOLIO;SUMINISTROS;UND;0.0;0.0;2.33;3.49;76.0;265.47
13;CLEAR FAST E.I.R.L.;JCAMACHO;1-SIN STOCK;0;10007913;PAPEL HIGIENICO X 500 MT;SUMINISTROS;UND;0.0;0.0;11.64;17.47;2.0833;36.39
13;CLEAR FAST E.I.R.L.;HNOLBERTO;1-SIN STOCK;0;10025794;"GARRUCHAS DE NYLON FIJAS DE 4""";REPUESTOS;UND;0.0;0.0;1.83;2.75;39.0;107.06
13;CLEAR FAST E.I.R.L.;RFIGUEREDO;1-SIN STOCK;0;10004141;LAVADERO;SUMINISTROS;UND;0.0;0.0;0.25;0.37;190.0;71.06
13;CLEAR FAST E.I.R.L.;HNOLBERTO;1-SIN STOCK;0;10023742;PERFIL DE ALUMINIO;MATERIALES AUXILIARES;UND;0.0;0.0;0.17;0.25;140.0;35.0
13;CLEAR FAST E.I.R.L.;RFIGUEREDO;1-SIN STOCK;0;10024860;SAL INDUSTRIAL X 25 KG;REPUESTOS;UND;0.0;0.0;1.66;2.5;40.0;99.8
13;CLEAR FAST E.I.R.L.;JCAMACHO;1-SIN STOCK;0;10007871;TORNILLO;REPUESTOS;UND;0.0;0.0;40.75;61.13;0.15;9.17
13;CLEAR FAST E.I.R.L.;HNOLBERTO;1-SIN STOCK;0;10025795;"GARRUCHAS DE NYLON GIRATORIAS DE 4""";REPUESTOS;UND;0.0;0.0;1.25;1.87;39.0;72.97
13;CLEAR FAST E.I.R.L.;HNOLBERTO;1-SIN STOCK;0;10016694;LLAVE TERMICA 2 X 16A - TIPO RIEL DIN SCHNEIDER;REPUESTOS;UND;0.0;0.0;0.58;0.87;49.0;42.78
13;CLEAR FAST E.I.R.L.;RFIGUEREDO;1-SIN STOCK;0;10025748;MAYOLICA BLANCA 30X60;SUMINISTROS;UND;0.0;0.0;4.82;7.24;3.8182;27.63
13;CLEAR FAST E.I.R.L.;RFIGUEREDO;1-SIN STOCK;0;10008934;CALAMINA METALICA;SUMINISTROS;UND;0.0;0.0;0.83;1.25;55.0;68.64
13;CLEAR FAST E.I.R.L.;JCAMACHO;1-SIN STOCK;0;10018640;"ABRAZADERAS TIPO ""U""";REPUESTOS;UND;0.0;0.0;1.0;1.5;45.0;67.37
13;CLEAR FAST E.I.R.L.;JCAMACHO;1-SIN STOCK;0;10009807;PLANCHA LAC;SUMINISTROS;UND;0.0;0.0;0.17;0.25;200.0;50.0
13;CLEAR FAST E.I.R.L.;RFIGUEREDO;1-SIN STOCK;0;10005249;PORTA NOTAS ACRILICO C/VENTANA - ARTESCO;SUMINISTROS;UND;0.0;0.0;1.0;1.5;39.0;58.38
13;CLEAR FAST E.I.R.L.;RFIGUEREDO;1-SIN STOCK;0;10022621;MOPA CIRCULAR;SUMINISTROS;UND;0.0;0.0;0.5;0.75;75.0;56.17
13;CLEAR FAST E.I.R.L.;JCAMACHO;1-SIN STOCK;0;10004314;PANTALLA FLUORESCENTE;REPUESTOS;UND;0.0;0.0;0.5;0.75;55.0;41.2
13;CLEAR FAST E.I.R.L.;JCAMACHO;1-SIN STOCK;0;10024741;JABON ANTIBACTERIAL EUCALIPTO - MARCA AVAL;SUMINISTROS;UND;0.0;0.0;0.5;0.75;54.0;40.45
13;CLEAR FAST E.I.R.L.;JCAMACHO;1-SIN STOCK;0;10008942;CEMENTO;SUMINISTROS;UND;0.0;0.0;0.92;1.37;19.5;26.75
13;CLEAR FAST E.I.R.L.;JCAMACHO;1-SIN STOCK;0;10010436;PIZARRA ACRILICA;SUMINISTROS;UND;0.0;0.0;0.33;0.5;65.0;32.44
13;CLEAR FAST E.I.R.L.;JCAMACHO;1-SIN STOCK;0;10006607;"BROCHA DE 4""";SUMINISTROS;UND;0.0;0.0;0.83;1.25;24.5;30.58
13;CLEAR FAST E.I.R.L.;RFIGUEREDO;1-SIN STOCK;0;10026424;CALAMINA TRANSPARENTE;SUMINISTROS;UND;0.0;0.0;0.42;0.62;65.9;41.12
13;CLEAR FAST E.I.R.L.;JCAMACHO;1-SIN STOCK;0;10025234;CONCRETO LISTO X 40 KG;SUMINISTROS;UND;0.0;0.0;1.41;2.12;16.9;35.84
13;CLEAR FAST E.I.R.L.;JCAMACHO;1-SIN STOCK;0;10010850;BALDE DE 15 LTS;GASTOS ADMINISTRATIVOS;UND;0.0;0.0;0.83;1.25;17.0;21.22
13;CLEAR FAST E.I.R.L.;RFIGUEREDO;1-SIN STOCK;0;10025523;TIRAS REACTIVAS ACCU-CHEK;GASTOS ADMINISTRATIVOS;UND;0.0;0.0;0.17;0.25;129.9;32.48
13;CLEAR FAST E.I.R.L.;RFIGUEREDO;1-SIN STOCK;0;10026425;GANCHOS FIJADORES DE CALAMINA;SUMINISTROS;UND;0.0;0.0;6.65;9.98;3.0;29.94
13;CLEAR FAST E.I.R.L.;RFIGUEREDO;1-SIN STOCK;0;10026426;CINTA ADHESIVA MULTIUSO;SUMINISTROS;UND;0.0;0.0;0.25;0.37;75.0;28.05
13;CLEAR FAST E.I.R.L.;RFIGUEREDO;1-SIN STOCK;0;10025747;MANGUERA DE JARDIN;SUMINISTROS;MT;0.0;0.0;3.74;5.61;4.5;25.26
13;CLEAR FAST E.I.R.L.;RFIGUEREDO;1-SIN STOCK;0;10024065;RIEL PARA CORTINA;SUMINISTROS;UND;0.0;0.0;0.17;0.25;98.0;24.5
13;CLEAR FAST E.I.R.L.;RFIGUEREDO;1-SIN STOCK;0;10008748;JUEGO DE DESTORNILLADORES;SUMINISTROS;UND;0.0;0.0;0.17;0.25;70.0;17.5
13;CLEAR FAST E.I.R.L.;JCAMACHO;1-SIN STOCK;0;10014643;PÍNTURA TRAFICO AMARILLO CPP;SUMINISTROS;UND;0.0;0.0;0.25;0.37;46.0;17.2
13;CLEAR FAST E.I.R.L.;JCAMACHO;1-SIN STOCK;0;10025500;PALITO DE CHUPETE;SUMINISTROS;MLL;0.0;0.0;83.34;125.0;0.05;6.25
13;CLEAR FAST E.I.R.L.;RFIGUEREDO;1-SIN STOCK;0;10026317;"GARRUCHA GIRATORIA DE 3""";REPUESTOS;UND;0.0;0.0;0.33;0.5;39.0;19.46
13;CLEAR FAST E.I.R.L.;HNOLBERTO;1-SIN STOCK;0;10026508;MICA ADHESIVA TRANSPERENTE;GASTOS ADMINISTRATIVOS;UND;0.0;0.0;0.33;0.5;39.0;19.46
13;CLEAR FAST E.I.R.L.;JCAMACHO;1-SIN STOCK;0;10007881;"RACHET 1/2""X10""";SUMINISTROS;UND;0.0;0.0;0.17;0.25;50.85;12.71
13;CLEAR FAST E.I.R.L.;HNOLBERTO;1-SIN STOCK;0;10005255;TERMOMETRO INFRARROJO;SUMINISTROS;UND;0.0;0.0;0.08;0.12;145.0;18.12
13;CLEAR FAST E.I.R.L.;RFIGUEREDO;1-SIN STOCK;0;10008820;"GARRUCHA PESADA DE 3""";REPUESTOS;UND;0.0;0.0;0.25;0.37;45.0;16.83
13;CLEAR FAST E.I.R.L.;RFIGUEREDO;1-SIN STOCK;0;10004835;CANDADO 70MM BRONCE BLIST B&D;SUMINISTROS;UND;0.0;0.0;0.17;0.25;65.0;16.25
13;CLEAR FAST E.I.R.L.;JCAMACHO;1-SIN STOCK;0;10019477;"ABRAZADERAS CON DOS OREJAS PARA TUBERIA DE 1/2""";REPUESTOS;UND;0.0;0.0;2.08;3.12;5.0;15.6
13;CLEAR FAST E.I.R.L.;JCAMACHO;1-SIN STOCK;0;10014652;SACO DE YESO CERAMICO;GASTOS ADMINISTRATIVOS;UND;0.0;0.0;0.92;1.37;7.0;9.6
13;CLEAR FAST E.I.R.L.;RFIGUEREDO;1-SIN STOCK;0;10023311;ESCOBILLON ERIZO;SUMINISTROS;UND;0.0;0.0;0.33;0.5;25.0;12.47
13;CLEAR FAST E.I.R.L.;JCAMACHO;1-SIN STOCK;0;10013877;PERNO DE ANCLAJE;REPUESTOS;UND;0.0;0.0;1.33;2.0;5.0;9.98
13;CLEAR FAST E.I.R.L.;RFIGUEREDO;1-SIN STOCK;0;10018565;WINCHA DE 10 METROS.;REPUESTOS;UND;0.0;0.0;0.17;0.25;25.0;6.25
13;CLEAR FAST E.I.R.L.;HNOLBERTO;1-SIN STOCK;0;10025476;ASPIRADOR DE POLVO ELECTRICO PARA MANO;SUMINISTROS;UND;0.0;0.0;0.08;0.12;99.0;12.38
13;CLEAR FAST E.I.R.L.;RFIGUEREDO;1-SIN STOCK;0;10008042;FAJA LUMBAR ERGONOMICA C/ TIRANTES NEGRO;SUMINISTROS;UND;0.0;0.0;0.17;0.25;45.0;11.25
13;CLEAR FAST E.I.R.L.;RFIGUEREDO;1-SIN STOCK;0;10011381;CONTROL DE NIVELDE AGUA;REPUESTOS;UND;0.0;0.0;0.08;0.12;95.0;11.88
13;CLEAR FAST E.I.R.L.;JCAMACHO;1-SIN STOCK;0;10027004;TARUGO PARA DRYWALL;SUMINISTROS;UND;0.0;0.0;8.32;12.47;0.8;9.98
13;CLEAR FAST E.I.R.L.;RFIGUEREDO;1-SIN STOCK;0;10023312;REPUESTO DE MOPA CIRCULAR;SUMINISTROS;UND;0.0;0.0;0.17;0.25;39.0;9.75
13;CLEAR FAST E.I.R.L.;HNOLBERTO;1-SIN STOCK;0;10013943;PASTA TERMICA PARA PROCESADOR;REPUESTOS;UND;0.0;0.0;0.17;0.25;38.5;9.62
13;CLEAR FAST E.I.R.L.;HNOLBERTO;1-SIN STOCK;0;10025446;PULSERA ANTIESTÁTICA EDS WRIST STRAP;SUMINISTROS;UND;0.0;0.0;0.17;0.25;35.0;8.75
13;CLEAR FAST E.I.R.L.;HNOLBERTO;1-SIN STOCK;0;10027213;MANIJA DE PLASTICO PARA PUERTA ABS;REPUESTOS;UND;0.0;0.0;0.17;0.25;35.0;8.75
13;CLEAR FAST E.I.R.L.;RFIGUEREDO;1-SIN STOCK;0;10004145;"LIMA REDONDA DE 6"" SEMIFINA";SUMINISTROS;UND;0.0;0.0;0.17;0.25;25.0;6.25
13;CLEAR FAST E.I.R.L.;JCAMACHO;1-SIN STOCK;0;10011938;CRONOMETRO;SUMINISTROS;UND;0.0;0.0;0.08;0.12;65.0;8.12
13;CLEAR FAST E.I.R.L.;RFIGUEREDO;1-SIN STOCK;0;10022915;TAPON DE PVC;REPUESTOS;UND;0.0;0.0;0.58;0.87;2.5;2.18
13;CLEAR FAST E.I.R.L.;RFIGUEREDO;1-SIN STOCK;0;10015113;CAÑO CROMADO;REPUESTOS;UND;0.0;0.0;0.08;0.12;49.0;6.12
13;CLEAR FAST E.I.R.L.;RFIGUEREDO;1-SIN STOCK;0;10006041;LUBRICANTE EN SPRAY;SUMINISTROS;UND;0.0;0.0;0.17;0.25;30.0;7.5
13;CLEAR FAST E.I.R.L.;RFIGUEREDO;1-SIN STOCK;0;10014492;SOLDADURA CELLOCORD 1/16;SUMINISTROS;KG;0.0;0.0;0.25;0.37;20.0;7.48
13;CLEAR FAST E.I.R.L.;JCAMACHO;1-SIN STOCK;0;10009330;"BROCHA DE 5""";SUMINISTROS;UND;0.0;0.0;0.08;0.12;58.0;7.25
13;CLEAR FAST E.I.R.L.;RFIGUEREDO;1-SIN STOCK;0;10008743;"ALICATE UNIVERSAL 7""";SUMINISTROS;UND;0.0;0.0;0.08;0.12;55.0;6.88
13;CLEAR FAST E.I.R.L.;RFIGUEREDO;1-SIN STOCK;0;10018042;SODA CAUSTICA;SUMINISTROS;UND;0.0;0.0;0.08;0.12;53.0;6.62
13;CLEAR FAST E.I.R.L.;HNOLBERTO;1-SIN STOCK;0;10011879;PIEDRA CHANCADA;MATERIALES AUXILIARES;UND;0.0;0.0;0.33;0.5;13.0;6.49
13;CLEAR FAST E.I.R.L.;JCAMACHO;1-SIN STOCK;0;10025271;ESPUMA LIMPIADORA;SUMINISTROS;UND;0.0;0.0;0.17;0.25;18.0;4.5
13;CLEAR FAST E.I.R.L.;JCAMACHO;1-SIN STOCK;0;10018237;ALICATE SEEGER EXTERIOR;REPUESTOS;UND;0.0;0.0;0.08;0.12;43.0;5.38
13;CLEAR FAST E.I.R.L.;RFIGUEREDO;1-SIN STOCK;0;10024989;PAÑO MICOFIBRA;GASTOS ADMINISTRATIVOS;UND;0.0;0.0;0.83;1.25;5.0;6.24
13;CLEAR FAST E.I.R.L.;RFIGUEREDO;1-SIN STOCK;0;10026212;ACEITE PARA COCINA;SUMINISTROS;GL;0.0;0.0;0.08;0.12;49.5;6.19
13;CLEAR FAST E.I.R.L.;RFIGUEREDO;1-SIN STOCK;0;10015644;TERMOMETRO CITIZEN CTA-303;GASTOS ADMINISTRATIVOS;UND;0.0;0.0;0.08;0.12;49.0;6.12
13;CLEAR FAST E.I.R.L.;HNOLBERTO;1-SIN STOCK;0;10025448;GALON DE SILICONA MULTIUSOS MARCA FRISS;SUMINISTROS;GL;0.0;0.0;0.08;0.12;49.0;6.12
13;CLEAR FAST E.I.R.L.;RFIGUEREDO;1-SIN STOCK;0;10011437;KIT DE VALVULA;REPUESTOS;UND;0.0;0.0;0.08;0.12;48.0;6.0
13;CLEAR FAST E.I.R.L.;JCAMACHO;1-SIN STOCK;0;10022506;CHEMA ANTISALITRE;SUMINISTROS;KG;0.0;0.0;0.08;0.12;45.0;5.62
13;CLEAR FAST E.I.R.L.;RFIGUEREDO;1-SIN STOCK;0;10024541;"VISAGRA 2""  LARGO 1"" 1/2  ANCHO";REPUESTOS;UND;0.0;0.0;0.25;0.37;3.75;1.4
13;CLEAR FAST E.I.R.L.;JCAMACHO;1-SIN STOCK;0;10027026;BATERÍA RECARGABLE SELLADA DE PLOMO-ÁCIDO OPALUX DH640;SUMINISTROS;UND;0.0;0.0;0.08;0.12;45.0;5.62
13;CLEAR FAST E.I.R.L.;JCAMACHO;1-SIN STOCK;0;10016414;CINTA REFLECTIVA 3M;SUMINISTROS;MT;0.0;0.0;0.08;0.12;39.0;4.88
13;CLEAR FAST E.I.R.L.;RFIGUEREDO;1-SIN STOCK;0;10025797;LLANA DENTADA RAPIN 10X10MM;EQUIPOS E INSTRUMENTOS;UND;0.0;0.0;0.08;0.12;36.5;4.56
13;CLEAR FAST E.I.R.L.;JCAMACHO;1-SIN STOCK;0;10009876;BROCA DE CONCRETO DE 3/8;SUMINISTROS;UND;0.0;0.0;0.08;0.12;17.0;2.12
13;CLEAR FAST E.I.R.L.;JCAMACHO;1-SIN STOCK;0;10018170;"BROCA PARA CONCRETO DE 1/4""";REPUESTOS;UND;0.0;0.0;0.08;0.12;35.0;4.38
13;CLEAR FAST E.I.R.L.;RFIGUEREDO;1-SIN STOCK;0;10025513;"ALICATE DE PUNTA 6""";REPUESTOS;UND;0.0;0.0;0.08;0.12;35.0;4.38
13;CLEAR FAST E.I.R.L.;HNOLBERTO;1-SIN STOCK;0;10027245;POLO DE ALGODON MANGA LARGA AZUL TALLA: L;SUMINISTROS;UND;0.0;0.0;0.08;0.12;30.0;3.75
13;CLEAR FAST E.I.R.L.;RFIGUEREDO;1-SIN STOCK;0;10008731;"CINCEL PLANO 3/4""";SUMINISTROS;UND;0.0;0.0;0.08;0.12;29.5;3.69
13;CLEAR FAST E.I.R.L.;JCAMACHO;1-SIN STOCK;0;10017341;"BROCA DE CONCRETO 5/16"" MARCA BOSH";REPUESTOS;UND;0.0;0.0;0.08;0.12;25.0;3.12
13;CLEAR FAST E.I.R.L.;RFIGUEREDO;1-SIN STOCK;0;10007490;SOLDADURA CELLOCOR 3/32;SUMINISTROS;KG;0.0;0.0;0.08;0.12;22.0;2.75
13;CLEAR FAST E.I.R.L.;RFIGUEREDO;1-SIN STOCK;0;10018366;"NIPLE ROSCADO DE PVC DE 1"" X 3""";REPUESTOS;UND;0.0;0.0;0.17;0.25;10.0;2.5
13;CLEAR FAST E.I.R.L.;RFIGUEREDO;1-SIN STOCK;0;10006242;TUBO DE ABASTO PARA LAVADERO;SUMINISTROS;UND;0.0;0.0;0.08;0.12;15.0;1.88
13;CLEAR FAST E.I.R.L.;RFIGUEREDO;1-SIN STOCK;0;10009911;PEGAMENTO 25 KG EXTRA FUERTE;SUMINISTROS;UND;0.0;0.0;0.08;0.12;15.0;1.88
13;CLEAR FAST E.I.R.L.;RFIGUEREDO;1-SIN STOCK;0;10023067;"UNIVERSAL DE PVC ROSACADO DE 1""";REPUESTOS;UND;0.0;0.0;0.08;0.12;11.0;1.38
13;CLEAR FAST E.I.R.L.;RFIGUEREDO;1-SIN STOCK;0;10023222;"LLAVE ALLEN 3/32""";SUMINISTROS;UND;0.0;0.0;0.08;0.12;7.5;0.94
13;CLEAR FAST E.I.R.L.;RFIGUEREDO;1-SIN STOCK;0;10025437;ESPATULA PLÁSTICA SPUDGERS;REPUESTOS;UND;0.0;0.0;0.08;0.12;3.9;0.49
13;CLEAR FAST E.I.R.L.;JCAMACHO;3-EN 15 DIAS;10;10008737;ESPATULA DE METAL;SUMINISTROS;UND;2.0;0.0;5.99;6.98;5.0;34.91
13;CLEAR FAST E.I.R.L.;JCAMACHO;4-EN 30 DIAS;16;10009329;"RODILLO DE 9"" PARA PINTURA EPOXICA";SUMINISTROS;UND;1.0;0.0;1.91;1.87;15.0;28.04
13;CLEAR FAST E.I.R.L.;JCAMACHO;4-EN 30 DIAS;29;10023929;ALCOHOL ISOPROPILICO 70%;SUMINISTROS;UND;2.0;0.0;2.08;1.12;15.25;17.06
13;CLEAR FAST E.I.R.L.;JCAMACHO;5-ALCANZA EL MES;32;10008112;PAPEL TOALLA BASICA NATURAL X 200 MT;SUMINISTROS;UND;1.0;24.0;23.87;10.8;11.5;124.25
13;CLEAR FAST E.I.R.L.;JCAMACHO;5-ALCANZA EL MES;41;10004060;"ESPATULA DE 4"" 10 CM DE ACERO";SUMINISTROS;UND;0.0;1.0;0.75;0.12;11.02;1.36
14;TRADE TOOLS CIA S.A.C.;JCAMACHO;1-SIN STOCK;0;10014196;PLACA CARBURADA P/ FRESAR AXMT060204R EM-TT9080;SUMINISTROS;CJA;0.0;0.0;0.42;0.62;41.9456;26.17
14;TRADE TOOLS CIA S.A.C.;JCAMACHO;1-SIN STOCK;0;10017238;"MACHO PARA MAQUINA  NPT  1/4""X18 HSSE N°1087";SUMINISTROS;UND;0.0;0.0;0.33;0.5;363.4966;181.38
14;TRADE TOOLS CIA S.A.C.;RFIGUEREDO;1-SIN STOCK;0;10018487;CONO PORTA PINZA BT40-ER16 V-773 COD. 3032-302 (VERTEX);SUMINISTROS;UND;0.0;0.0;0.08;0.12;1308.3862;163.55
14;TRADE TOOLS CIA S.A.C.;RFIGUEREDO;1-SIN STOCK;0;10026318;CONO PORTA PINZA BT40-DS06-90;SUMINISTROS;UND;0.0;0.0;0.08;0.12;1303.3405;162.92
14;TRADE TOOLS CIA S.A.C.;JCAMACHO;1-SIN STOCK;0;10017269;PORTA P/FRESAR-RANURADO/ACABADO TE90AX 210-09-06-L120;SUMINISTROS;UND;0.0;0.0;0.08;0.12;1009.7113;126.21
14;TRADE TOOLS CIA S.A.C.;JCAMACHO;1-SIN STOCK;0;10016450;MACHO PARA MAQUINA HEL M6X1.0 HSSE;SUMINISTROS;UND;0.0;0.0;1.08;1.62;62.1027;100.73
14;TRADE TOOLS CIA S.A.C.;JCAMACHO;1-SIN STOCK;0;10027031;BARRA P/INT ANTIVIBRATORIO C06J SCLCR 04-D07;SUMINISTROS;UND;0.0;0.0;0.08;0.12;815.4763;101.93
14;TRADE TOOLS CIA S.A.C.;JCAMACHO;1-SIN STOCK;0;10015513;"MACHO PARA MAQUINA M1/2""X13 HSSE";SUMINISTROS;UND;0.0;0.0;0.33;0.5;183.8491;91.74
14;TRADE TOOLS CIA S.A.C.;JCAMACHO;1-SIN STOCK;0;10019957;PLACA CARB P/TORNEAR CCGT040102 L-FF-TT9020;SUMINISTROS;CJA;0.0;0.0;0.83;1.25;68.1876;85.1
14;TRADE TOOLS CIA S.A.C.;JCAMACHO;1-SIN STOCK;0;10016641;MACHO PARA MAQUINA HEL M8X1.25 HSSE;SUMINISTROS;UND;0.0;0.0;0.75;1.12;66.1533;74.29
14;TRADE TOOLS CIA S.A.C.;JCAMACHO;1-SIN STOCK;0;10018473;PLACA CARBURADA P/TORNEAR VNMG160404 EA-TT9080;SUMINISTROS;CJA;0.0;0.0;0.08;0.12;617.945;77.24
14;TRADE TOOLS CIA S.A.C.;RFIGUEREDO;1-SIN STOCK;0;10019947;MORDAZAS BLANDAS P/CHUCK VHC-08 - VERTEX;SUMINISTROS;UND;0.0;0.0;0.5;0.75;108.2441;81.07
14;TRADE TOOLS CIA S.A.C.;RFIGUEREDO;1-SIN STOCK;0;10024636;PINZA D6-4MM DC6-4 AA;SUMINISTROS;UND;0.0;0.0;0.33;0.5;155.0724;77.38
14;TRADE TOOLS CIA S.A.C.;RFIGUEREDO;1-SIN STOCK;0;10019770;CONO PORTA CHUCK INT-13-BT40;SUMINISTROS;UND;0.0;0.0;0.17;0.25;83.9386;20.98
14;TRADE TOOLS CIA S.A.C.;RFIGUEREDO;1-SIN STOCK;0;10017239;"MACHO PARA MAQUINA NPT  1/8""X27  HSSE Nº1087";SUMINISTROS;UND;0.0;0.0;0.17;0.25;291.4992;72.87
14;TRADE TOOLS CIA S.A.C.;RFIGUEREDO;1-SIN STOCK;0;10025974;SENSOR CREAMIC TYPE VPS 201C;REPUESTOS;UND;0.0;0.0;0.17;0.25;250.7476;62.69
14;TRADE TOOLS CIA S.A.C.;JCAMACHO;1-SIN STOCK;0;10016324;MACHO PARA MAQUINA HEL M12X1.75 HSSE;SUMINISTROS;UND;0.0;0.0;0.25;0.37;156.8442;58.66
14;TRADE TOOLS CIA S.A.C.;JCAMACHO;1-SIN STOCK;0;10017256;PLACA CARB P/FRESAR APKT09T308R EM-TT9080;SUMINISTROS;UND;0.0;0.0;0.83;1.25;46.4964;58.03
14;TRADE TOOLS CIA S.A.C.;JCAMACHO;1-SIN STOCK;0;10016162;PORTA BROCA CAP. Ø16MM B18;SUMINISTROS;UND;0.0;0.0;0.17;0.25;128.6505;32.16
14;TRADE TOOLS CIA S.A.C.;RFIGUEREDO;1-SIN STOCK;0;10018488;CONO PORTA PINZA BT40-ER32 V-703B COD. 3032-306 (VERTEX);SUMINISTROS;UND;0.0;0.0;0.08;0.12;336.7629;42.1
14;TRADE TOOLS CIA S.A.C.;RFIGUEREDO;1-SIN STOCK;0;10025504;MANGUERA FLEXIBLE ARTICULADA DE 1/4 NPT 50cm;REPUESTOS;UND;0.0;0.0;0.25;0.37;107.5474;40.22
14;TRADE TOOLS CIA S.A.C.;RFIGUEREDO;1-SIN STOCK;0;10022159;"PALPADOR DIGITAL MARCA: VERTEX;  CODIGO VPS-20B";SUMINISTROS;UND;0.0;0.0;0.08;0.12;307.806;38.48
14;TRADE TOOLS CIA S.A.C.;RFIGUEREDO;1-SIN STOCK;0;10011789;CHUCK PORTA BROCA;SUMINISTROS;UND;0.0;0.0;0.08;0.12;296.6686;37.08
14;TRADE TOOLS CIA S.A.C.;RFIGUEREDO;1-SIN STOCK;0;10017231;CONO PORTA FRESA BT40-FMB22-45L  BT-152;SUMINISTROS;UND;0.0;0.0;0.08;0.12;290.1083;36.26
14;TRADE TOOLS CIA S.A.C.;RFIGUEREDO;1-SIN STOCK;0;10016642;MACHO PARA MAQUINA HEL M10X1.5 HSSE;SUMINISTROS;UND;0.0;0.0;0.25;0.37;88.7579;33.2
14;TRADE TOOLS CIA S.A.C.;JCAMACHO;1-SIN STOCK;0;10019944;BASE MAGNETICA  ARTICULADA VMB-106 - VERTEX;SUMINISTROS;UND;0.0;0.0;0.08;0.12;236.7254;29.59
14;TRADE TOOLS CIA S.A.C.;RFIGUEREDO;1-SIN STOCK;0;10017245;AVELLANADOR CIL HSS  ESPIGA 10 MM-90° Ø25MM;SUMINISTROS;UND;0.0;0.0;0.08;0.12;218.4;27.3
14;TRADE TOOLS CIA S.A.C.;JCAMACHO;1-SIN STOCK;0;10023630;BROCA DE 5MM;SUMINISTROS;UND;0.0;0.0;0.58;0.87;9.6142;8.39
14;TRADE TOOLS CIA S.A.C.;HNOLBERTO;1-SIN STOCK;0;10018953;PLANTILLA DE RADIOS;SUMINISTROS;UND;0.0;0.0;0.17;0.25;53.6637;13.42
14;TRADE TOOLS CIA S.A.C.;RFIGUEREDO;1-SIN STOCK;0;10024637;PINZA D6-6MM DC(S)6-6 AA;SUMINISTROS;UND;0.0;0.0;0.08;0.12;155.0724;19.38
14;TRADE TOOLS CIA S.A.C.;JCAMACHO;1-SIN STOCK;0;10015887;MACHO PARA MAQUINA HEL M5X0.8 HSSE;SUMINISTROS;UND;0.0;0.0;0.17;0.25;73.1524;18.29
14;TRADE TOOLS CIA S.A.C.;HNOLBERTO;1-SIN STOCK;0;10020702;BROCA DE 1.5 mm;SUMINISTROS;UND;0.0;0.0;0.92;1.37;8.9994;12.35
14;TRADE TOOLS CIA S.A.C.;JCAMACHO;1-SIN STOCK;0;10011790;CONO MORSE;SUMINISTROS;UND;0.0;0.0;0.08;0.12;108.5065;13.56
14;TRADE TOOLS CIA S.A.C.;RFIGUEREDO;1-SIN STOCK;0;10004576;BROCA DE COBALTO 4MM;SUMINISTROS;UND;0.0;0.0;0.33;0.5;23.1435;11.55
14;TRADE TOOLS CIA S.A.C.;RFIGUEREDO;1-SIN STOCK;0;10015471;PINZA ER16-8MM;SUMINISTROS;UND;0.0;0.0;0.17;0.25;49.2761;12.32
14;TRADE TOOLS CIA S.A.C.;RFIGUEREDO;1-SIN STOCK;0;10016829;PINZA ER16-4MM;SUMINISTROS;UND;0.0;0.0;0.17;0.25;49.2761;12.32
14;TRADE TOOLS CIA S.A.C.;JCAMACHO;1-SIN STOCK;0;10020522;PERNO PARA PORTA HERRAMIENTA TS 35A088I/HG;REPUESTOS;UND;0.0;0.0;0.25;0.37;14.2582;5.33
14;TRADE TOOLS CIA S.A.C.;JCAMACHO;3-EN 15 DIAS;11;10008574;BROCA;SUMINISTROS;UND;1.0;0.0;2.66;2.99;6.6392;19.86
15;ARL INDUSTRIAL SAC;JCAMACHO;1-SIN STOCK;0;10024973;INTERRUPTOR TERMOMAGNETICO COMPACT NSX630N 3X630A (250-630A) SCHNEIDER;REPUESTOS;UND;0.0;0.0;0.08;0.12;2868.6441;358.58
15;ARL INDUSTRIAL SAC;RFIGUEREDO;1-SIN STOCK;0;10016522;CONTACTOR  LC1D38A M7 - SCHNEIDER;REPUESTOS;UND;0.0;0.0;0.25;0.37;379.661;141.99
15;ARL INDUSTRIAL SAC;JCAMACHO;1-SIN STOCK;0;10011471;INTERRUPTOR FIN CARRERA METAL PALANCA C/ROLD 1NA+1NC OSISENSE XCKM121 ( SCHNEIDER);REPUESTOS;UND;0.0;0.0;0.33;0.5;223.7288;111.64
15;ARL INDUSTRIAL SAC;RFIGUEREDO;1-SIN STOCK;0;10022594;REFLECTOR LED DE 200W;REPUESTOS;UND;0.0;0.0;0.33;0.5;179.661;89.65
15;ARL INDUSTRIAL SAC;HNOLBERTO;1-SIN STOCK;0;10025166;INTERRUPTOR DIFERENCIAL 2P/16A/30mA;SUMINISTROS;UND;0.0;0.0;0.25;0.37;211.8644;79.24
15;ARL INDUSTRIAL SAC;RFIGUEREDO;1-SIN STOCK;0;10020430;REPARTIDOR RIEL TRIFASICO 4P 160 10 MODULOS 15 CONEXIONES MARCA LEGRAND;REPUESTOS;UND;0.0;0.0;0.17;0.25;334.7458;83.69
15;ARL INDUSTRIAL SAC;JCAMACHO;1-SIN STOCK;0;10010815;CONTACTOR LC1D65 220VAC SCHNEIDER;REPUESTOS;UND;0.0;0.0;0.08;0.12;656.7797;82.1
15;ARL INDUSTRIAL SAC;RFIGUEREDO;1-SIN STOCK;0;10025681;BORNERA PARA RIEL DIN 2.4 mm2 LEGRAND;REPUESTOS;UND;0.0;0.0;8.32;12.47;4.4068;54.97
15;ARL INDUSTRIAL SAC;HNOLBERTO;1-SIN STOCK;0;10014607;CABLE VULCANIZADO 3 X 18 MARCA INDECO;REPUESTOS;RLL;0.0;0.0;0.08;0.12;38.1356;4.77
15;ARL INDUSTRIAL SAC;RFIGUEREDO;1-SIN STOCK;0;10025680;CABLE VULCANIZADO 3X20 AWG INDECO;REPUESTOS;RLL;0.0;0.0;0.08;0.12;326.2712;40.78
15;ARL INDUSTRIAL SAC;RFIGUEREDO;1-SIN STOCK;0;10003976;CABLE VULCANIZADO 2X18 AWG, INDECO;REPUESTOS;RLL;0.0;0.0;0.08;0.12;40.678;5.08
15;ARL INDUSTRIAL SAC;HNOLBERTO;1-SIN STOCK;0;10025503;"REGULADOR DE PRESION CON FILTRO NEUMATICO 1/4"" NPT";REPUESTOS;UND;0.0;0.0;0.25;0.37;105.935;39.62
15;ARL INDUSTRIAL SAC;RFIGUEREDO;1-SIN STOCK;0;10010610;SELECTOR DE 02 POCISIONES 0-1 Ø22mm MANIJA CORTA SCHNEIDER;REPUESTOS;UND;0.0;0.0;0.25;0.37;76.2712;28.53
15;ARL INDUSTRIAL SAC;RFIGUEREDO;1-SIN STOCK;0;10007742;CABLE TIPO GPT # 18;REPUESTOS;RLL;0.0;0.0;0.25;0.37;91.5254;34.23
15;ARL INDUSTRIAL SAC;RFIGUEREDO;1-SIN STOCK;0;10011925;FINAL DE CARRERA ZCK – D21;REPUESTOS;UND;0.0;0.0;0.08;0.12;271.1864;33.9
15;ARL INDUSTRIAL SAC;RFIGUEREDO;1-SIN STOCK;0;10024403;CONTACTOR LC1E3810 M7 SCHNEIDER ELECTRIC;REPUESTOS;UND;0.0;0.0;0.08;0.12;224.5763;28.07
15;ARL INDUSTRIAL SAC;RFIGUEREDO;1-SIN STOCK;0;10010002;CABLE VULCANIZADO 4X8 AWG;REPUESTOS;UND;0.0;0.0;0.08;0.12;31.3559;3.92
15;ARL INDUSTRIAL SAC;RFIGUEREDO;1-SIN STOCK;0;10025685;PLACA DE IDENTIFICACION DE ALUMINIO ANODIZADO MEDIDAS 15cm x 6cm;REPUESTOS;UND;0.0;0.0;0.92;1.37;21.1864;29.07
15;ARL INDUSTRIAL SAC;RFIGUEREDO;1-SIN STOCK;0;10025679;CABLE VULCANIZADO 2X20 AWG INDECO;REPUESTOS;RLL;0.0;0.0;0.08;0.12;224.5763;28.07
15;ARL INDUSTRIAL SAC;RFIGUEREDO;1-SIN STOCK;0;10003885;CANALETA RANURADA DE BASE 40 X 60mm DE ALTURA;MATERIALES AUXILIARES;UND;0.0;0.0;0.75;1.12;22.8814;25.7
15;ARL INDUSTRIAL SAC;RFIGUEREDO;1-SIN STOCK;0;10020889;ROLLO DE CABLE GPT # 12 AWG MARCA INDECO COLOR NEGRO;REPUESTOS;RLL;0.0;0.0;0.08;0.12;210.1695;26.27
15;ARL INDUSTRIAL SAC;RFIGUEREDO;1-SIN STOCK;0;10004545;RELE TERMICO 12-18A;REPUESTOS;UND;0.0;0.0;0.08;0.12;201.6949;25.21
15;ARL INDUSTRIAL SAC;JCAMACHO;1-SIN STOCK;0;10010608;PULSADOR ROJO Ø22mm CONTACTO NC SCHNEIDER;REPUESTOS;UND;0.0;0.0;0.25;0.37;56.779;21.24
15;ARL INDUSTRIAL SAC;HNOLBERTO;1-SIN STOCK;0;10004100;FOTOCELDA  ELECTRONICO 220VAC 1000W CON BASE  LUMNIA;REPUESTOS;UND;0.0;0.0;0.25;0.37;38.1356;14.26
15;ARL INDUSTRIAL SAC;HNOLBERTO;1-SIN STOCK;0;10004047;ENCHUFE 15 AMP CON TOMA A TIERRA  .;REPUESTOS;UND;0.0;0.0;1.41;2.12;10.1695;21.57
15;ARL INDUSTRIAL SAC;JCAMACHO;1-SIN STOCK;0;10013986;TERMINAL SOBREMOLDEADO TUBULAR N°14 COLOR AZUL;REPUESTOS;UND;0.0;0.0;142.22;213.33;0.0466;9.94
15;ARL INDUSTRIAL SAC;JCAMACHO;1-SIN STOCK;0;10010373;PUNTA PARA MULTIMETRO (ROJO Y NEGRO);REPUESTOS;UND;0.0;0.0;0.42;0.62;15.2542;9.52
15;ARL INDUSTRIAL SAC;RFIGUEREDO;1-SIN STOCK;0;10007689;TERMINAL SOBREMOLDEADO TUBULAR N°16 COLOR ROJO;REPUESTOS;UND;0.0;0.0;141.39;212.08;0.0466;9.89
15;ARL INDUSTRIAL SAC;JCAMACHO;1-SIN STOCK;0;10020883;ENCHUFE  INDUSTRIAL 16AMP  3P+T 250V MARCA  MENNEKES COLOR AZUL;REPUESTOS;UND;0.0;0.0;0.25;0.37;29.4915;11.03
15;ARL INDUSTRIAL SAC;JCAMACHO;1-SIN STOCK;0;10019476;TOMACORRIENTE INDUSTRIAL PARA INSTALACION VISIBLE  DE 16A 220 VAC TRIFASICO MAS TIERRA COLOR AZUL ME;REPUESTOS;UND;0.0;0.0;0.17;0.25;53.8136;13.45
15;ARL INDUSTRIAL SAC;HNOLBERTO;1-SIN STOCK;0;10004868;ROLLO DE CABLE TW-90 14 AWG ROJO/AZUL;REPUESTOS;UND;0.0;0.0;0.08;0.12;131.355;16.42
15;ARL INDUSTRIAL SAC;JCAMACHO;1-SIN STOCK;0;10010789;ENCHUFE  INDUSTRIAL 32AMP  3P+T 250V MARCA  MENNEKES COLOR AZUL;REPUESTOS;UND;0.0;0.0;0.17;0.25;41.1017;10.28
15;ARL INDUSTRIAL SAC;RFIGUEREDO;1-SIN STOCK;0;10007495;CONECTOR;REPUESTOS;UND;0.0;0.0;0.83;1.25;2.1186;2.64
15;ARL INDUSTRIAL SAC;RFIGUEREDO;1-SIN STOCK;0;10016476;DIRECTORIO PARA TABLERO ELECTRICO;REPUESTOS;UND;0.0;0.0;2.08;3.12;1.6949;5.29
15;ARL INDUSTRIAL SAC;JCAMACHO;1-SIN STOCK;0;10004482;PILOTO DE 220V COLOR VERDE - CAMSCO;REPUESTOS;UND;0.0;0.0;0.5;0.75;7.62;5.71
15;ARL INDUSTRIAL SAC;RFIGUEREDO;1-SIN STOCK;0;10025653;LIMIT SWITCH AZ- 8108;REPUESTOS;UND;0.0;0.0;0.17;0.25;32.2034;8.05
15;ARL INDUSTRIAL SAC;JVILELA;1-SIN STOCK;0;10016474;TAPA DE RESERVA PARA TABLERO ELECTRICO;REPUESTOS;UND;0.0;0.0;6.65;9.98;0.339;3.38
15;ARL INDUSTRIAL SAC;RFIGUEREDO;1-SIN STOCK;0;10025642;INTERRUPTOR TERMOMAGNETICO UNIPOLAR DE 16A SCHNEIDER;REPUESTOS;UND;0.0;0.0;0.08;0.12;57.6271;7.2
15;ARL INDUSTRIAL SAC;RFIGUEREDO;1-SIN STOCK;0;10025684;TABLERO ADOSABLE DE PLASTICO DE 4 POLOS;REPUESTOS;UND;0.0;0.0;0.33;0.5;11.0169;5.5
15;ARL INDUSTRIAL SAC;RFIGUEREDO;1-SIN STOCK;0;10025676;PEINE PARA BORNERA  LEGRAND 2.4mm2;REPUESTOS;UND;0.0;0.0;0.33;0.5;13.3051;6.64
15;ARL INDUSTRIAL SAC;RFIGUEREDO;1-SIN STOCK;0;10007618;DESTORNILLADOR PLANO DIELECTRICO 10 PULGA 1000V;SUMINISTROS;UND;0.0;0.0;0.08;0.12;52.9661;6.62
15;ARL INDUSTRIAL SAC;RFIGUEREDO;1-SIN STOCK;0;10007619;DESTORNILLADOR ESTRELLA DIELECTRICO 10 PULGADAS;SUMINISTROS;UND;0.0;0.0;0.08;0.12;52.9661;6.62
15;ARL INDUSTRIAL SAC;RFIGUEREDO;1-SIN STOCK;0;10003819;REGLETA BORNERAS DE PVC  12mm 15amp;REPUESTOS;UND;0.0;0.0;1.0;1.5;4.2373;6.34
15;ARL INDUSTRIAL SAC;RFIGUEREDO;1-SIN STOCK;0;10019290;"TUBO CONDUIT DE 1""";REPUESTOS;UND;0.0;0.0;0.42;0.62;9.322;5.82
15;ARL INDUSTRIAL SAC;JVILELA;1-SIN STOCK;0;10025576;TABLERO ADOSABLE DE PLASTICO DE 12  POLOS;REPUESTOS;UND;0.0;0.0;0.08;0.12;29.661;3.71
15;ARL INDUSTRIAL SAC;HNOLBERTO;1-SIN STOCK;0;10025505;INTERRUPTOR TRIPLE PARA EMPOTRAR BTICINO;REPUESTOS;UND;0.0;0.0;0.08;0.12;24.152;3.02
15;ARL INDUSTRIAL SAC;RFIGUEREDO;1-SIN STOCK;0;10016869;DESTORNILLADOR;SUMINISTROS;UND;0.0;0.0;0.08;0.12;23.7288;2.97
15;ARL INDUSTRIAL SAC;RFIGUEREDO;1-SIN STOCK;0;10025677;TAPA PARA BORNERA LEGRAND 2.4mm2;REPUESTOS;UND;0.0;0.0;0.83;1.25;2.3729;2.96
15;ARL INDUSTRIAL SAC;RFIGUEREDO;1-SIN STOCK;0;10019291;"UNION CONDUIT DE 1""";REPUESTOS;UND;0.0;0.0;0.75;1.12;2.1186;2.38
15;ARL INDUSTRIAL SAC;RFIGUEREDO;1-SIN STOCK;0;10010545;CODOS 1/2 X90;REPUESTOS;UND;0.0;0.0;0.5;0.75;2.9661;2.22
15;ARL INDUSTRIAL SAC;HNOLBERTO;1-SIN STOCK;0;10004671;TAPON 1/4 BRONCE;SUMINISTROS;UND;0.0;0.0;0.25;0.37;4.9153;1.84
15;ARL INDUSTRIAL SAC;JCAMACHO;5-ALCANZA EL MES;32;10004805;ELECTROVALVULA NEUMATICA 5/2 CONEXION 1/4 COM UMA BOBINA DE 24VDC;REPUESTOS;UND;1.0;1.0;1.91;0.87;62.288;54.13
16;INVERSIONES LIZANO S.A.C;JCAMACHO;1-SIN STOCK;0;10017509;"RESISTENCIA PLANA TIPO ""U"" SEGUN MUESTRA";REPUESTOS;UND;0.0;0.0;1.0;1.5;165.0;247.01
16;INVERSIONES LIZANO S.A.C;JCAMACHO;1-SIN STOCK;0;10015913;RESISTENCIA TIPO PLANA;REPUESTOS;UND;0.0;0.0;0.83;1.25;90.0;112.32
16;INVERSIONES LIZANO S.A.C;JCAMACHO;1-SIN STOCK;0;10013930;RESISTENCIA DE BANDA DIAMETRO 60 X 30 - 300W/220VAC S/BASE PARA TERMOCUPLA;REPUESTOS;UND;0.0;0.0;1.5;2.25;80.0;179.68
16;INVERSIONES LIZANO S.A.C;RFIGUEREDO;1-SIN STOCK;0;10026131;RESISTENCIA DE BANDA Ø120X120 220VAC 2000W TERMINAL BORNERA;REPUESTOS;UND;0.0;0.0;0.5;0.75;130.0;97.37
16;INVERSIONES LIZANO S.A.C;JCAMACHO;1-SIN STOCK;0;10015530;RESISTENCIA ELECTRICA;REPUESTOS;UND;0.0;0.0;0.42;0.62;100.0;62.4
16;INVERSIONES LIZANO S.A.C;HNOLBERTO;1-SIN STOCK;0;10025308;RESISTENCIA TIPO BANDA 150W 220V MEDIDAS: Ø270 X 118MM. CONFORMADA POR MEDIA LUNAS;REPUESTOS;UND;0.0;0.0;0.25;0.37;205.0;76.67
16;INVERSIONES LIZANO S.A.C;RFIGUEREDO;1-SIN STOCK;0;10026243;"RESISTENCIA TIPO ""u""  MEDIDAS DE 185 X 87.5 MM 1000 W 220VAC";REPUESTOS;UND;0.0;0.0;0.17;0.25;280.0;70.0
16;INVERSIONES LIZANO S.A.C;HNOLBERTO;1-SIN STOCK;0;10024163;RESISTENCIA DE BANDA Ø 250 X 90mm  2200 W 220 VAC CON BASE PARA TERMOCUPLA Y TERMINAL ENCHUFE;REPUESTOS;UND;0.0;0.0;0.17;0.25;170.0;42.5
16;INVERSIONES LIZANO S.A.C;HNOLBERTO;1-SIN STOCK;0;10024751;RESISTENCIA DE BANDA 150X50mm 220VAC 1200W TERMINAL ENCHUFE, BASE PARA TERMOCUPLA;REPUESTOS;UND;0.0;0.0;0.17;0.25;180.0;45.0
16;INVERSIONES LIZANO S.A.C;RFIGUEREDO;1-SIN STOCK;0;10017536;RESISTENCIA DE BANDA Ø55X30 220VAC 400 W C/BASE PARA TERMOCUPLA,T/CABLE Y AJUSTE X PASADOR DE BRONCE;REPUESTOS;UND;0.0;0.0;0.25;0.37;75.0;28.05
16;INVERSIONES LIZANO S.A.C;RFIGUEREDO;1-SIN STOCK;0;10014359;RESISTENCIA DE BANDA DE 110X215 DE 2000 WATTS;REPUESTOS;UND;0.0;0.0;0.08;0.12;220.0;27.5
16;INVERSIONES LIZANO S.A.C;RFIGUEREDO;1-SIN STOCK;0;10025708;RESISTENCIA DE BANDA Ø 70 X 50 MM, 220VAC 600W TERMINAL CABLE;REPUESTOS;UND;0.0;0.0;0.17;0.25;90.0;22.5
16;INVERSIONES LIZANO S.A.C;RFIGUEREDO;1-SIN STOCK;0;10019270;RESISTENCIA DE BANDA Ø 148 X 125 2400W CON TERMINAL BORNERA 220VAC.;REPUESTOS;UND;0.0;0.0;0.08;0.12;170.0;21.25
16;INVERSIONES LIZANO S.A.C;JCAMACHO;1-SIN STOCK;0;10026988;BASE PARA TERMOCUPLA  SEGUN MUESTRA;REPUESTOS;UND;0.0;0.0;0.67;1.0;20.0;19.96
16;INVERSIONES LIZANO S.A.C;RFIGUEREDO;1-SIN STOCK;0;10025654;RESISTENCIA DE BANDA DE ø120  X 35  / 300 WATTS  / TERMINAL TIPO CABLE / SIN BASE PARA TERMOCUPLA;REPUESTOS;UND;0.0;0.0;0.08;0.12;150.0;18.75
16;INVERSIONES LIZANO S.A.C;RFIGUEREDO;1-SIN STOCK;0;10014623;RESISTENCIA DE BANDA DE 250 X 80  DE 2400  WATTS;REPUESTOS;UND;0.0;0.0;0.08;0.12;145.0;18.12
16;INVERSIONES LIZANO S.A.C;JCAMACHO;3-EN 15 DIAS;8;10014509;RESISTENCIA SEGUN PLANO O MUESTRA;REPUESTOS;UND;1.0;0.0;3.99;4.99;90.0;448.92
16;INVERSIONES LIZANO S.A.C;JCAMACHO;5-ALCANZA EL MES;44;10007325;TERMOCUPLA TIPO K CON ROSCA GIRATORIO M6  DIAMETRO DE BULBO 4 X 4 MM 2 MTRS DE CABLE.;REPUESTOS;UND;3.0;0.0;2.08;0.12;24.0;2.86
17;CONSULTORIA EN TECNOLOGIA INFORMATICA Y SERVICIOS GENERALES E.I.R.L.;RFIGUEREDO;1-SIN STOCK;0;10025855;"SSD 3.84TB  Empresarial SATA DC600M Series de 2.5"" - 6Gb/s";ALMACENAMIENTO;UND;0.0;0.0;0.17;0.25;3928.76;982.19
17;CONSULTORIA EN TECNOLOGIA INFORMATICA Y SERVICIOS GENERALES E.I.R.L.;RFIGUEREDO;1-SIN STOCK;0;10026244;IMPRESORA  CODIGO DE BARRAS TSC 99-057A001-00LF IMP TTP-244 PRO;EQUIPOS DE IMPRESIÓN;UND;0.0;0.0;0.08;0.12;1071.0;133.88
17;CONSULTORIA EN TECNOLOGIA INFORMATICA Y SERVICIOS GENERALES E.I.R.L.;RFIGUEREDO;1-SIN STOCK;0;10026055;Adaptador de disco duro  de 2.5 a 3.5 SSD, bandeja de disco duro 3.5 Caddy-HP PROLIANT GENv8;SUMINISTROS;UND;0.0;0.0;0.25;0.37;257.78;96.41
17;CONSULTORIA EN TECNOLOGIA INFORMATICA Y SERVICIOS GENERALES E.I.R.L.;RFIGUEREDO;1-SIN STOCK;0;10025766;IMPRESORA MULTIFUNCIONAL EPSON ECOTANK L3250;EQUIPOS DE IMPRESIÓN;UND;0.0;0.0;0.08;0.12;643.22;80.4
17;CONSULTORIA EN TECNOLOGIA INFORMATICA Y SERVICIOS GENERALES E.I.R.L.;HNOLBERTO;1-SIN STOCK;0;10025380;DISCO EXT. 2TB ADVANCE V10 3.0 TOSHIBA NEGRO (HDTCA20XK3AA);GASTOS ADMINISTRATIVOS;UND;0.0;0.0;0.17;0.25;312.65;78.16
17;CONSULTORIA EN TECNOLOGIA INFORMATICA Y SERVICIOS GENERALES E.I.R.L.;RFIGUEREDO;1-SIN STOCK;0;10026100;Clonnador discos Hdd  Docking Station Triple 2.5 3.5 Ide Sata Usb 3.0 Ms Sf/md;SUMINISTROS;UND;0.0;0.0;0.08;0.12;401.9237;50.24
17;CONSULTORIA EN TECNOLOGIA INFORMATICA Y SERVICIOS GENERALES E.I.R.L.;RFIGUEREDO;1-SIN STOCK;0;10008164;TELEFONO INALAMBRICO;SUMINISTROS;UND;0.0;0.0;0.08;0.12;228.8914;28.61
17;CONSULTORIA EN TECNOLOGIA INFORMATICA Y SERVICIOS GENERALES E.I.R.L.;HNOLBERTO;1-SIN STOCK;0;10025891;COOLER PARA LAPTOP TEROS CON DOBLE VENTILADOR Y DOBLE PUERTO USB;SUMINISTROS;UND;0.0;0.0;0.17;0.25;86.33;21.58
17;CONSULTORIA EN TECNOLOGIA INFORMATICA Y SERVICIOS GENERALES E.I.R.L.;RFIGUEREDO;1-SIN STOCK;0;10026140;ORGANIZADOR DE CABLES EN ESPIRAL, DIAMETRO 12MM, COLOR NEGRO;SUMINISTROS;MT;0.0;0.0;0.17;0.25;71.8;17.95
18;TECHNICAL SERVICE PERU S.A.C.;JCAMACHO;1-SIN STOCK;0;10018820;ACCIONADOR PARA VALV. TERMOSTATICA NRO DE PARTE: 7.7457.0;REPUESTOS;UND;0.0;0.0;0.08;0.12;5897.57;737.2
18;TECHNICAL SERVICE PERU S.A.C.;JCAMACHO;1-SIN STOCK;0;10014681;CARTUCHO SEPARADOR DE ACEITE P/COMPRESOR KAESER CSD100;REPUESTOS;UND;0.0;0.0;0.17;0.25;2027.626;506.91
18;TECHNICAL SERVICE PERU S.A.C.;JCAMACHO;1-SIN STOCK;0;10008610;VISOR DE ACEITE N°PARTE 02250081-779;REPUESTOS;UND;0.0;0.0;0.08;0.12;1062.948;132.87
18;TECHNICAL SERVICE PERU S.A.C.;JCAMACHO;5-ALCANZA EL MES;43;10016853;ESTERILLA FILTRANTE NRO PARTE 7.4519.0;REPUESTOS;UND;2.0;0.0;1.41;0.12;3.372;0.41
19;DITTO PERU SAC;JCAMACHO;1-SIN STOCK;0;10004157;"LLAVE DE BOLA 1"" MARCA CIM VALVE";REPUESTOS;UND;0.0;0.0;2.66;3.99;19.0678;76.12
19;DITTO PERU SAC;JCAMACHO;1-SIN STOCK;0;10005080;MANGUERA   1/2  C/JEBE LONA;SUMINISTROS;MT;0.0;0.0;14.14;21.21;2.9807;63.21
19;DITTO PERU SAC;JCAMACHO;1-SIN STOCK;0;10004160;LLAVE DE BOLA 3/8;REPUESTOS;UND;0.0;0.0;5.41;8.11;13.9831;113.39
19;DITTO PERU SAC;JCAMACHO;1-SIN STOCK;0;10013407;LLAVE DE BOLA EN BRONCE DE 1  1/4;REPUESTOS;UND;0.0;0.0;4.16;6.24;18.6441;116.3
19;DITTO PERU SAC;JCAMACHO;1-SIN STOCK;0;10011563;REDUCTOR;REPUESTOS;UND;0.0;0.0;0.25;0.37;10.169;3.8
19;DITTO PERU SAC;HNOLBERTO;1-SIN STOCK;0;10008132;"MANGUERA JEBE/LONA 1""";SUMINISTROS;MT;0.0;0.0;2.58;3.87;18.6441;72.1
19;DITTO PERU SAC;RFIGUEREDO;1-SIN STOCK;0;10019553;MANGUERA HIDRAULICA R12;REPUESTOS;UND;0.0;0.0;0.17;0.25;44.3559;11.09
19;DITTO PERU SAC;RFIGUEREDO;1-SIN STOCK;0;10018838;MANGUERA HIDRAULICA R2;REPUESTOS;UND;0.0;0.0;0.58;0.87;8.556;7.47
19;DITTO PERU SAC;JCAMACHO;1-SIN STOCK;0;10010113;ABRAZADERAS 12-22 MARCA NORMA;SUMINISTROS;UND;0.0;0.0;16.63;24.95;1.2712;31.72
19;DITTO PERU SAC;RFIGUEREDO;1-SIN STOCK;0;10018650;CONECTOR HIDRAULICO;REPUESTOS;UND;0.0;0.0;3.58;5.36;3.39;18.18
19;DITTO PERU SAC;RFIGUEREDO;1-SIN STOCK;0;10004162;"LLAVE DE PASO 1/4""";SUMINISTROS;UND;0.0;0.0;1.33;2.0;13.559;27.06
19;DITTO PERU SAC;RFIGUEREDO;1-SIN STOCK;0;10009804;MANGUERA PRENSADA 3/4 100 R2 R-R M26H;SUMINISTROS;MT;0.0;0.0;0.35;0.53;50.8475;26.95
19;DITTO PERU SAC;RFIGUEREDO;1-SIN STOCK;0;10018027;NIPLE DE BRONCE;REPUESTOS;UND;0.0;0.0;4.16;6.24;4.661;29.08
19;DITTO PERU SAC;RFIGUEREDO;1-SIN STOCK;0;10018368;"LLAVE DE PASO DE 1""";REPUESTOS;UND;0.0;0.0;0.33;0.5;12.71;6.34
19;DITTO PERU SAC;JCAMACHO;1-SIN STOCK;0;10003740;ACOPLE RAPIDO 1/4;REPUESTOS;UND;0.0;0.0;2.16;3.24;4.2373;13.75
19;DITTO PERU SAC;JCAMACHO;1-SIN STOCK;0;10008629;"MANGUERA DE JEBE/LONA Ø 1/2""";SUMINISTROS;MT;0.0;0.0;2.75;4.12;7.6271;31.4
19;DITTO PERU SAC;RFIGUEREDO;1-SIN STOCK;0;10017355;TEE HIDRAULICO;REPUESTOS;UND;0.0;0.0;0.5;0.75;40.678;30.47
19;DITTO PERU SAC;JCAMACHO;1-SIN STOCK;0;10026885;"MANGUERA HIDRAULICA 1"" R2 R-R JIC";REPUESTOS;UND;0.0;0.0;0.17;0.25;91.5254;22.88
19;DITTO PERU SAC;JCAMACHO;1-SIN STOCK;0;10011203;LUBRICANTE HIDROLINA;SUMINISTROS;LT;0.0;0.0;0.5;0.75;16.1;12.06
19;DITTO PERU SAC;JCAMACHO;1-SIN STOCK;0;10018624;"CHECK HIDRAULICA DE LINEA  UNIDIRECCIONAL  DE 3/4"" NPT";REPUESTOS;UND;0.0;0.0;0.17;0.25;74.576;18.64
19;DITTO PERU SAC;RFIGUEREDO;1-SIN STOCK;0;10010544;"TUBO GALVANIZADO 1""";REPUESTOS;UND;0.0;0.0;0.08;0.12;148.3051;18.54
19;DITTO PERU SAC;JCAMACHO;1-SIN STOCK;0;10007115;MANOMETRO CON ROSCA VERTCICAL 0-250 BAR NOVIFIMA;REPUESTOS;UND;0.0;0.0;0.17;0.25;67.7966;16.95
19;DITTO PERU SAC;RFIGUEREDO;1-SIN STOCK;0;10008385;ABRAZADERA 20-35;SUMINISTROS;UND;0.0;0.0;4.16;6.24;2.1186;13.22
19;DITTO PERU SAC;RFIGUEREDO;1-SIN STOCK;0;10010463;"FILTRO DE BRONCE EN Y 1 1/2""";REPUESTOS;UND;0.0;0.0;0.08;0.12;118.6441;14.83
19;DITTO PERU SAC;RFIGUEREDO;1-SIN STOCK;0;10007350;UNION UNIVERSAL 2;REPUESTOS;UND;0.0;0.0;0.17;0.25;32.205;8.05
19;DITTO PERU SAC;JCAMACHO;1-SIN STOCK;0;10027117;CONECTOR 90°  BRONCE 1/4 NPT MACHO - 1/4 NPT HEMBRA;REPUESTOS;UND;0.0;0.0;1.0;1.5;8.0508;12.05
19;DITTO PERU SAC;JCAMACHO;1-SIN STOCK;0;10004161;"LLAVE DE PASO 1/2""";SUMINISTROS;UND;0.0;0.0;0.25;0.37;4.2373;1.58
19;DITTO PERU SAC;JCAMACHO;1-SIN STOCK;0;10016761;CONECTOR NEUMATICO PASAMURO - M10;REPUESTOS;UND;0.0;0.0;0.83;1.25;8.8983;11.11
19;DITTO PERU SAC;JCAMACHO;1-SIN STOCK;0;10005322;TEFLON LIQUIDO;SUMINISTROS;UND;0.0;0.0;0.17;0.25;44.0678;11.02
19;DITTO PERU SAC;JCAMACHO;1-SIN STOCK;0;10008889;PASAMURO;REPUESTOS;UND;0.0;0.0;0.5;0.75;8.4746;6.35
19;DITTO PERU SAC;HNOLBERTO;1-SIN STOCK;0;10012186;"ABRAZADERA 1""";SUMINISTROS;UND;0.0;0.0;2.99;4.49;2.1186;9.51
19;DITTO PERU SAC;JCAMACHO;1-SIN STOCK;0;10004148;LLAVE 1/4 BRONCE;SUMINISTROS;UND;0.0;0.0;0.5;0.75;14.4068;10.79
19;DITTO PERU SAC;HNOLBERTO;1-SIN STOCK;0;10008392;ADAPTADOR 3/4 JIC;SUMINISTROS;UND;0.0;0.0;0.67;1.0;8.4746;8.46
19;DITTO PERU SAC;JCAMACHO;1-SIN STOCK;0;10027313;MANGUERA DE TESTEO CON CONECTORES JIC R-R 1/4;REPUESTOS;UND;0.0;0.0;0.08;0.12;83.0508;10.38
19;DITTO PERU SAC;RFIGUEREDO;1-SIN STOCK;0;10016699;"ACOPLE RAPIDO HIDRAULICO 1/2"" - NPT";REPUESTOS;UND;0.0;0.0;0.17;0.25;40.678;10.17
19;DITTO PERU SAC;RFIGUEREDO;1-SIN STOCK;0;10007530;LLAVE DE BOLA 2;REPUESTOS;UND;0.0;0.0;0.08;0.12;80.5085;10.06
19;DITTO PERU SAC;RFIGUEREDO;1-SIN STOCK;0;10010678;MANGUERA JEBE / LONA 3/4;SUMINISTROS;MT;0.0;0.0;0.42;0.62;15.2542;9.52
19;DITTO PERU SAC;JCAMACHO;1-SIN STOCK;0;10027116;CONECTOR 90°  BRONCE 1/8 NPT MACHO - 1/8 NPT HEMBRA;REPUESTOS;UND;0.0;0.0;1.0;1.5;6.3559;9.51
19;DITTO PERU SAC;RFIGUEREDO;1-SIN STOCK;0;10005582;ABRAZADERA ACERADA PARA MANGUERA 3/4;SUMINISTROS;UND;0.0;0.0;2.66;3.99;2.1186;8.46
19;DITTO PERU SAC;RFIGUEREDO;1-SIN STOCK;0;10007191;MANOMETRO CONEXION VERTICAL 2 1/2 0 - 250 B;SUMINISTROS;UND;0.0;0.0;0.08;0.12;67.797;8.47
19;DITTO PERU SAC;JCAMACHO;1-SIN STOCK;0;10013722;MANOMETRO CON GLICERINA ROSCA VERTICAL 1/4 NPT 2 1/2 ESFERA DE RANGO 0-300 BAR;REPUESTOS;UND;0.0;0.0;0.08;0.12;10.1695;1.27
19;DITTO PERU SAC;JCAMACHO;1-SIN STOCK;0;10018205;"MANOMETRO DE 2"" CON ROSCA POSTERIOR DE 1/4 NPT  DE 0 - 16 BAR";REPUESTOS;UND;0.0;0.0;0.08;0.12;67.7966;8.47
19;DITTO PERU SAC;JCAMACHO;1-SIN STOCK;0;10026848;"MANOMETRO CON ROSCA VERTICAL 0-90 PSI C/GLISERINA 2.5"" X 1/4 NPT";REPUESTOS;UND;0.0;0.0;0.08;0.12;67.7966;8.47
19;DITTO PERU SAC;RFIGUEREDO;1-SIN STOCK;0;10017754;"BUSHING GALVANIZADO DE 1 1/2""X3/4"" NPT";REPUESTOS;UND;0.0;0.0;0.33;0.5;16.1017;8.03
19;DITTO PERU SAC;JCAMACHO;1-SIN STOCK;0;10003833;"BUSHING 1"" - 1/2""";REPUESTOS;UND;0.0;0.0;1.0;1.5;4.2372;6.34
19;DITTO PERU SAC;RFIGUEREDO;1-SIN STOCK;0;10003744;ADAPTADOR MACHO 1/4 NPT A 1/4 JIC;REPUESTOS;UND;0.0;0.0;1.0;1.5;3.3898;5.07
19;DITTO PERU SAC;RFIGUEREDO;1-SIN STOCK;0;10004768;UNION 1/4 NPT;REPUESTOS;UND;0.0;0.0;1.0;1.5;4.2373;6.34
19;DITTO PERU SAC;RFIGUEREDO;1-SIN STOCK;0;10013881;GRASERA MANUAL;REPUESTOS;UND;0.0;0.0;0.08;0.12;8.5169;1.06
19;DITTO PERU SAC;RFIGUEREDO;1-SIN STOCK;0;10016667;"NIPLE ESCAMADO DE 1"" P/MANGUERA 1""";REPUESTOS;UND;0.0;0.0;0.5;0.75;9.322;6.98
19;DITTO PERU SAC;RFIGUEREDO;1-SIN STOCK;0;10014774;"UNION HIDRAULICA MACHO MACHO JIC 1/4""";REPUESTOS;UND;0.0;0.0;0.5;0.75;6.7797;5.08
19;DITTO PERU SAC;RFIGUEREDO;1-SIN STOCK;0;10018937;MANGUERA R1 1 1/2;REPUESTOS;UND;0.0;0.0;0.08;0.12;54.2373;6.78
19;DITTO PERU SAC;JCAMACHO;1-SIN STOCK;0;10003721;"ABRASADERAS GALVANIZADAS DE 1""";SUMINISTROS;UND;0.0;0.0;1.66;2.5;2.5424;6.34
19;DITTO PERU SAC;RFIGUEREDO;1-SIN STOCK;0;10004692;"TEE GALVANIZADO 1""";REPUESTOS;UND;0.0;0.0;0.5;0.75;8.4746;6.35
19;DITTO PERU SAC;RFIGUEREDO;1-SIN STOCK;0;10007415;ORING 1.78 2-041 (75.92-79.48) NITRILO;REPUESTOS;UND;0.0;0.0;1.0;1.5;4.2373;6.34
19;DITTO PERU SAC;RFIGUEREDO;1-SIN STOCK;0;10003991;"CONECTOR HIDRAULICO TEE JIC GIRATORIO JIC GIRATORIO HEMBRA* 1 / JIC MACHO 3/4""";REPUESTOS;UND;0.0;0.0;0.17;0.25;23.7288;5.93
19;DITTO PERU SAC;JCAMACHO;1-SIN STOCK;0;10010793;ABRAZADERA ACERADA;SUMINISTROS;UND;0.0;0.0;1.33;2.0;1.2712;2.54
19;DITTO PERU SAC;RFIGUEREDO;1-SIN STOCK;0;10014510;NIPLE 3/8 MACHO MACHO;REPUESTOS;UND;0.0;0.0;0.67;1.0;5.9322;5.92
19;DITTO PERU SAC;JCAMACHO;1-SIN STOCK;0;10013316;"YEE DE 1""";REPUESTOS;UND;0.0;0.0;0.17;0.25;15.2542;3.81
19;DITTO PERU SAC;RFIGUEREDO;1-SIN STOCK;0;10008438;UNION HEMBRA 1/4 A 1/4 NPT;REPUESTOS;UND;0.0;0.0;0.75;1.12;3.39;3.81
19;DITTO PERU SAC;RFIGUEREDO;1-SIN STOCK;0;10017984;"NIPLE 1"" X 2"" GALVANIZADO";REPUESTOS;UND;0.0;0.0;1.0;1.5;3.3898;5.07
19;DITTO PERU SAC;RFIGUEREDO;1-SIN STOCK;0;10005584;ABRAZADERA ACERADA P/MANGUERA 5/8;SUMINISTROS;UND;0.0;0.0;1.83;2.75;1.6949;4.65
19;DITTO PERU SAC;RFIGUEREDO;1-SIN STOCK;0;10008525;"ESPIGA DE BRONCE 1/8 X 1/2""";SUMINISTROS;UND;0.0;0.0;0.83;1.25;4.2373;5.29
19;DITTO PERU SAC;JCAMACHO;1-SIN STOCK;0;10007396;GOMALACA;SUMINISTROS;UND;0.0;0.0;0.33;0.5;10.1695;5.07
19;DITTO PERU SAC;RFIGUEREDO;1-SIN STOCK;0;10007522;ADAPTADOR CODO 1/2 X 1/2 NPT;REPUESTOS;UND;0.0;0.0;0.67;1.0;5.0847;5.07
19;DITTO PERU SAC;RFIGUEREDO;1-SIN STOCK;0;10017820;ADAPTADOR 3/4 NPT X 3/4 JIC;REPUESTOS;UND;0.0;0.0;0.33;0.5;3.8136;1.9
19;DITTO PERU SAC;RFIGUEREDO;1-SIN STOCK;0;10016677;"CODO 45° MACHO 1"" JIC A 1"" JIC HEMBRA";REPUESTOS;UND;0.0;0.0;0.08;0.12;38.1356;4.77
19;DITTO PERU SAC;HNOLBERTO;1-SIN STOCK;0;10008383;ESPIGA 1 X 1;REPUESTOS;UND;0.0;0.0;0.33;0.5;8.475;4.23
19;DITTO PERU SAC;RFIGUEREDO;1-SIN STOCK;0;10012183;"CODO 90° 1"" HEMBRA";REPUESTOS;UND;0.0;0.0;0.17;0.25;2.5424;0.64
19;DITTO PERU SAC;RFIGUEREDO;1-SIN STOCK;0;10006170;ORING 1.78 2-040 (72.75-76.31) NITRILO;REPUESTOS;UND;0.0;0.0;1.41;2.12;2.1186;4.49
19;DITTO PERU SAC;JCAMACHO;1-SIN STOCK;0;10004184;MANGUERA 1 1/4 JEBE Y LONA;SUMINISTROS;MT;0.0;0.0;0.03;0.05;88.9831;4.45
19;DITTO PERU SAC;RFIGUEREDO;1-SIN STOCK;0;10003828;"BUSHING 1"" - 1 1/2""";REPUESTOS;UND;0.0;0.0;0.33;0.5;8.4746;4.23
19;DITTO PERU SAC;RFIGUEREDO;1-SIN STOCK;0;10007696;"TAPON HIDRAULICO HEMBRA - JIC 1/4""";REPUESTOS;UND;0.0;0.0;0.83;1.25;3.3898;4.23
19;DITTO PERU SAC;RFIGUEREDO;1-SIN STOCK;0;10004505;"ABRAZADERAS P/MANGUERA 1"" ACERADAS";SUMINISTROS;UND;0.0;0.0;1.0;1.5;2.5424;3.81
19;DITTO PERU SAC;RFIGUEREDO;1-SIN STOCK;0;10007359;ORING 1.78 2-033 (50.52-54.08) NITRILO;REPUESTOS;UND;0.0;0.0;1.0;1.5;2.5424;3.81
19;DITTO PERU SAC;RFIGUEREDO;1-SIN STOCK;0;10019407;CINTILLO DE 150 MM X BOLSA DE 100 UNIDADES;REPUESTOS;CTO;0.0;0.0;0.42;0.62;6.1017;3.81
19;DITTO PERU SAC;RFIGUEREDO;1-SIN STOCK;0;10025060;NIPLE GALVANIZADO;REPUESTOS;UND;0.0;0.0;0.33;0.5;7.6271;3.81
19;DITTO PERU SAC;RFIGUEREDO;1-SIN STOCK;0;10011403;LLAVE;SUMINISTROS;UND;0.0;0.0;0.08;0.12;8.475;1.06
19;DITTO PERU SAC;RFIGUEREDO;1-SIN STOCK;0;10008386;ADAPTADOR RECTO 3/4 X 3/4 JIC;SUMINISTROS;UND;0.0;0.0;0.17;0.25;13.5593;3.39
19;DITTO PERU SAC;RFIGUEREDO;1-SIN STOCK;0;10013195;"TAPON HIDRAULICO MACHO - JIC 1/4""";REPUESTOS;UND;0.0;0.0;0.67;1.0;3.3898;3.38
19;DITTO PERU SAC;RFIGUEREDO;1-SIN STOCK;0;10012579;CODO 90° MACHO 1/2 JIC A 1/2 JIC HEMBRA;REPUESTOS;UND;0.0;0.0;0.17;0.25;6.7796;1.69
19;DITTO PERU SAC;JCAMACHO;1-SIN STOCK;0;10014060;SEGURO SEEGER A-16;REPUESTOS;UND;0.0;0.0;0.83;1.25;2.5424;3.17
19;DITTO PERU SAC;RFIGUEREDO;1-SIN STOCK;0;10004295;ABRAZADERAS P/MANGUERA 1/2 ACERADAS;SUMINISTROS;UND;0.0;0.0;1.66;2.5;1.263;3.15
19;DITTO PERU SAC;RFIGUEREDO;1-SIN STOCK;0;10009790;TEE HEMBRA 1/2 NPT;REPUESTOS;UND;0.0;0.0;0.17;0.25;11.8644;2.97
19;DITTO PERU SAC;RFIGUEREDO;1-SIN STOCK;0;10012576;UNION HEMBRA 3/4 A 3/4 NPT;REPUESTOS;UND;0.0;0.0;0.17;0.25;11.8644;2.97
19;DITTO PERU SAC;RFIGUEREDO;1-SIN STOCK;0;10018529;"CODO GALVANIZADO DE 1"" X 90º MACHO-HEMBRA";REPUESTOS;UND;0.0;0.0;0.25;0.37;7.6271;2.85
19;DITTO PERU SAC;RFIGUEREDO;1-SIN STOCK;0;10008370;CODO GALVANIZADO 1/2 X 90;REPUESTOS;UND;0.0;0.0;0.5;0.75;3.3898;2.54
19;DITTO PERU SAC;RFIGUEREDO;1-SIN STOCK;0;10004287;"NIPLE GALVANIZADO 1"" X 3""";REPUESTOS;UND;0.0;0.0;0.33;0.5;5.0847;2.54
19;DITTO PERU SAC;RFIGUEREDO;1-SIN STOCK;0;10004785;UNION SIMPLE;REPUESTOS;UND;0.0;0.0;0.33;0.5;5.0847;2.54
19;DITTO PERU SAC;JCAMACHO;1-SIN STOCK;0;10007272;TAPON HIDRAULICO MACHO - JIC 3/8;REPUESTOS;UND;0.0;0.0;0.5;0.75;3.3898;2.54
19;DITTO PERU SAC;RFIGUEREDO;1-SIN STOCK;0;10009850;"REDUCTOR HIDRAULICO RECTO JIC HEMBRA 3/4"" x 1/2"" JIC MACHO";REPUESTOS;UND;0.0;0.0;0.17;0.25;10.1695;2.54
19;DITTO PERU SAC;RFIGUEREDO;1-SIN STOCK;0;10012202;ESPIGA 1/2 NPT PARA MANGUERA 1/2;REPUESTOS;UND;0.0;0.0;0.33;0.5;5.0847;2.54
19;DITTO PERU SAC;JCAMACHO;1-SIN STOCK;0;10016836;"TAPON HIDRAULICO HEMBRA - JIC 3/8""";REPUESTOS;UND;0.0;0.0;0.5;0.75;3.3898;2.54
19;DITTO PERU SAC;RFIGUEREDO;1-SIN STOCK;0;10004290;NIPLE 2X2;REPUESTOS;UND;0.0;0.0;0.08;0.12;6.78;0.85
19;DITTO PERU SAC;RFIGUEREDO;1-SIN STOCK;0;10004292;"NIPLE 2"" X 3"" GALVANIZADO";REPUESTOS;UND;0.0;0.0;0.17;0.25;9.322;2.33
19;DITTO PERU SAC;RFIGUEREDO;1-SIN STOCK;0;10018809;NIPLE ESPIGA;REPUESTOS;UND;0.0;0.0;0.08;0.12;18.6441;2.33
19;DITTO PERU SAC;RFIGUEREDO;1-SIN STOCK;0;10004490;"CODO GALVANIZADO 90° DE 2""";REPUESTOS;UND;0.0;0.0;0.08;0.12;16.9492;2.12
19;DITTO PERU SAC;RFIGUEREDO;1-SIN STOCK;0;10008220;UNION HEMBRA 1/2;REPUESTOS;UND;0.0;0.0;0.17;0.25;8.4746;2.12
19;DITTO PERU SAC;RFIGUEREDO;1-SIN STOCK;0;10008390;ADAPTADOR 3/4 NPT x 1/2 JIC M R;SUMINISTROS;UND;0.0;0.0;0.17;0.25;8.4746;2.12
19;DITTO PERU SAC;RFIGUEREDO;1-SIN STOCK;0;10008630;ABRAZADERAS ACERADAS 22 - 40;SUMINISTROS;UND;0.0;0.0;0.17;0.25;8.4746;2.12
19;DITTO PERU SAC;RFIGUEREDO;1-SIN STOCK;0;10008871;CONECTOR HIDRAULICO RECTO NPT 3/4 x 3/8 JIC;REPUESTOS;UND;0.0;0.0;0.17;0.25;8.4746;2.12
19;DITTO PERU SAC;RFIGUEREDO;1-SIN STOCK;0;10012589;"BUSHING DE 1/2 A 1""";REPUESTOS;UND;0.0;0.0;0.33;0.5;4.2373;2.11
19;DITTO PERU SAC;RFIGUEREDO;1-SIN STOCK;0;10013211;"CONECTOR HIDRAULICO RECTO NPT 3/4"" x 3/4"" JIC";REPUESTOS;UND;0.0;0.0;0.17;0.25;8.4746;2.12
19;DITTO PERU SAC;JCAMACHO;1-SIN STOCK;0;10018424;CODO DE FIERRO;REPUESTOS;UND;0.0;0.0;0.17;0.25;3.8136;0.95
19;DITTO PERU SAC;RFIGUEREDO;1-SIN STOCK;0;10004277;NIPLE 1/4 NPT;REPUESTOS;UND;0.0;0.0;0.08;0.12;10.5932;1.32
19;DITTO PERU SAC;JCAMACHO;1-SIN STOCK;0;10004282;"NIPLE 1 1/4""  3""";REPUESTOS;UND;0.0;0.0;0.25;0.37;5.0847;1.9
19;DITTO PERU SAC;RFIGUEREDO;1-SIN STOCK;0;10012206;"NIPLE 1"" X 4""";REPUESTOS;UND;0.0;0.0;0.17;0.25;6.78;1.7
19;DITTO PERU SAC;RFIGUEREDO;1-SIN STOCK;0;10023065;"NIPLE ROSCADO DE PVC DE 1"" X 2""";REPUESTOS;UND;0.0;0.0;0.17;0.25;3.814;0.95
19;DITTO PERU SAC;RFIGUEREDO;1-SIN STOCK;0;10004677;TAPON MACHO 1 GALV;REPUESTOS;UND;0.0;0.0;0.33;0.5;3.3898;1.69
19;DITTO PERU SAC;JCAMACHO;1-SIN STOCK;0;10007395;BUSHING 1/2 X 1/4;REPUESTOS;UND;0.0;0.0;0.33;0.5;2.542;1.27
19;DITTO PERU SAC;HNOLBERTO;1-SIN STOCK;0;10007550;"NIPLE 2"" X 2"" GALVANIZADO";REPUESTOS;UND;0.0;0.0;0.17;0.25;5.932;1.48
19;DITTO PERU SAC;RFIGUEREDO;1-SIN STOCK;0;10007693;ORING MM 2.00 x 14.00 NITRILO;REPUESTOS;UND;0.0;0.0;1.33;2.0;0.8475;1.69
19;DITTO PERU SAC;RFIGUEREDO;1-SIN STOCK;0;10008755;CODO 1/4 NPT H X 1/4 NPT M;REPUESTOS;UND;0.0;0.0;0.17;0.25;4.24;1.06
19;DITTO PERU SAC;JCAMACHO;1-SIN STOCK;0;10013199;"CONECTOR HIDRAULICO UNION RECTO HEMBRA - HEMBRA 1/4"" x 1/4"" NPT - NPT";REPUESTOS;UND;0.0;0.0;0.17;0.25;6.7797;1.69
19;DITTO PERU SAC;JCAMACHO;1-SIN STOCK;0;10007134;ORING MM 2.00 x 10.00 NITRILO;REPUESTOS;UND;0.0;0.0;1.33;2.0;0.678;1.35
19;DITTO PERU SAC;RFIGUEREDO;1-SIN STOCK;0;10007796;ABRAZADERA  25-40;SUMINISTROS;UND;0.0;0.0;0.42;0.62;2.1186;1.32
19;DITTO PERU SAC;RFIGUEREDO;1-SIN STOCK;0;10004267;"NIPLE 1"" X 1""";REPUESTOS;UND;0.0;0.0;0.33;0.5;2.5424;1.27
19;DITTO PERU SAC;JCAMACHO;1-SIN STOCK;0;10008933;ORING MM 2.00 x 8.00 NITRILO;REPUESTOS;UND;0.0;0.0;2.0;2.99;0.4237;1.27
19;DITTO PERU SAC;RFIGUEREDO;1-SIN STOCK;0;10012205;"NIPLE 1"" X 3""";REPUESTOS;UND;0.0;0.0;0.17;0.25;5.0;1.25
19;DITTO PERU SAC;JCAMACHO;1-SIN STOCK;0;10016678;"CODO 90° HEMBRA 1"" 1/4"" - NPT";REPUESTOS;UND;0.0;0.0;0.08;0.12;10.1695;1.27
19;DITTO PERU SAC;RFIGUEREDO;1-SIN STOCK;0;10018089;"NIPLE 1/4"" X 2 1/4"" GALVANIZADO";REPUESTOS;UND;0.0;0.0;0.08;0.12;9.322;1.17
19;DITTO PERU SAC;RFIGUEREDO;1-SIN STOCK;0;10004784;UNION NPT X NPT 1/2 HIDRAULICO;SUMINISTROS;UND;0.0;0.0;0.08;0.12;8.4746;1.06
19;DITTO PERU SAC;JCAMACHO;1-SIN STOCK;0;10013196;"TAPON HIDRAULICO HEMBRA - JIC 1/2""";REPUESTOS;UND;0.0;0.0;0.17;0.25;4.2373;1.06
19;DITTO PERU SAC;JCAMACHO;1-SIN STOCK;0;10024349;"NIPLE DE PVC DE 1 1/2""";REPUESTOS;UND;0.0;0.0;0.25;0.37;0.5085;0.19
19;DITTO PERU SAC;JCAMACHO;1-SIN STOCK;0;10003996;CONECTOR RAPIDO DE 1/2 NPT;REPUESTOS;UND;0.0;0.0;0.08;0.12;6.7797;0.85
19;DITTO PERU SAC;RFIGUEREDO;1-SIN STOCK;0;10008295;ORING MM 2.00 x 33.00 NITRILO;REPUESTOS;UND;0.0;0.0;0.33;0.5;1.6949;0.85
19;DITTO PERU SAC;RFIGUEREDO;1-SIN STOCK;0;10004262;NIPLE 1 X 1 1/4;REPUESTOS;UND;0.0;0.0;0.17;0.25;2.9661;0.74
19;DITTO PERU SAC;JCAMACHO;1-SIN STOCK;0;10014525;"NIPLE GALVANIZADO  3/8"" X 1""";REPUESTOS;UND;0.0;0.0;0.08;0.12;5.932;0.74
19;DITTO PERU SAC;RFIGUEREDO;1-SIN STOCK;0;10024362;"TEE DE PVC DE 1/2""";REPUESTOS;UND;0.0;0.0;0.08;0.12;2.96;0.37
19;DITTO PERU SAC;JCAMACHO;1-SIN STOCK;0;10016299;TAPON NPT DE 1/8;REPUESTOS;UND;0.0;0.0;0.08;0.12;1.695;0.21
19;DITTO PERU SAC;JCAMACHO;3-EN 15 DIAS;10;10004195;"MANGUERA DE 1""";SUMINISTROS;MT;1.0;0.0;2.91;3.37;15.2542;51.35
19;DITTO PERU SAC;JCAMACHO;4-EN 30 DIAS;16;10020240;BUSHING;REPUESTOS;UND;1.0;0.0;1.91;1.87;2.542;4.75
19;DITTO PERU SAC;JCAMACHO;4-EN 30 DIAS;22;10004777;UNION M10;REPUESTOS;UND;3.0;0.0;4.16;3.24;3.8136;12.35
19;DITTO PERU SAC;JCAMACHO;5-ALCANZA EL MES;30;10004008;CONECTOR TEE   NEUMATICA  M10;REPUESTOS;UND;5.0;0.0;5.07;2.61;4.2373;11.06
19;DITTO PERU SAC;JCAMACHO;5-ALCANZA EL MES;33;10004674;TAPON 3/4 NPT;SUMINISTROS;UND;0.0;1.0;0.92;0.37;8.4746;3.15
19;DITTO PERU SAC;RFIGUEREDO;5-ALCANZA EL MES;37;10010364;ORING 2.62 2-162 (145.72-150.96) NITRILO;REPUESTOS;UND;1.0;0.0;0.83;0.25;5.932;1.47
19;DITTO PERU SAC;RFIGUEREDO;5-ALCANZA EL MES;37;10003925;CONECTOR CODO DE 3/8 M10;REPUESTOS;UND;4.0;0.0;3.33;0.99;5.085;5.03
19;DITTO PERU SAC;RFIGUEREDO;5-ALCANZA EL MES;38;10019554;MANGUERA  TEXTEO.;REPUESTOS;UND;1.0;0.0;0.8;0.2;38.9831;7.72
20;N & A SECURITY S.A.C.;JCAMACHO;1-SIN STOCK;0;10018356;CABLE TIPO NYY 3 X 1 X 16 MM2;REPUESTOS;MT;0.0;0.0;8.32;12.47;40.678;507.46
20;N & A SECURITY S.A.C.;JCAMACHO;1-SIN STOCK;0;10026952;TABLERO EMPOTRABLE METALICO  DE 48 POLOS PESADO RIEL DIN;REPUESTOS;UND;0.0;0.0;0.08;0.12;889.8305;111.23
20;N & A SECURITY S.A.C.;HNOLBERTO;1-SIN STOCK;0;10014266;ESPARRAGO;REPUESTOS;UND;0.0;0.0;2.41;3.62;2.9661;10.73
20;N & A SECURITY S.A.C.;HNOLBERTO;1-SIN STOCK;0;10018415;CABLE VULCANIZADO 4 X 10 AWG - INDECO;REPUESTOS;RLL;0.0;0.0;2.5;3.74;24.1525;90.4
20;N & A SECURITY S.A.C.;RFIGUEREDO;1-SIN STOCK;0;10004509;PRESOSTATO MARCA DANFOSS MODELO  KP5  RANGO DE REGULACION 8-32BAR;REPUESTOS;UND;0.0;0.0;0.08;0.12;576.2712;72.03
20;N & A SECURITY S.A.C.;JCAMACHO;1-SIN STOCK;0;10004177;INTERRUPTOR TERMOMAGNETICO TIPO RIEL DIN 2X25A  SCHNEIDER;SUMINISTROS;UND;0.0;0.0;0.5;0.75;83.0508;62.21
20;N & A SECURITY S.A.C.;JCAMACHO;1-SIN STOCK;0;10026949;INTERRUPTOR TERMOMAGNETICO 3X80A, 20KA/220V , ACTII 9, IC120, CURVA C, TIPO RIEL DIN SCHNEIDER;REPUESTOS;UND;0.0;0.0;0.08;0.12;474.5763;59.32
20;N & A SECURITY S.A.C.;RFIGUEREDO;1-SIN STOCK;0;10012125;"FLUJO SWITCH 1""";REPUESTOS;UND;0.0;0.0;0.08;0.12;466.1017;58.26
20;N & A SECURITY S.A.C.;JCAMACHO;1-SIN STOCK;0;10025167;INTERRUPTOR TERMOMAGNETICO TIPO RIEL DIN 3X40A  SCHNEIDER;SUMINISTROS;UND;0.0;0.0;0.17;0.25;186.4407;46.61
20;N & A SECURITY S.A.C.;JCAMACHO;1-SIN STOCK;0;10004675;TUBO GALVANIZADO 1 1/2 X 6M;SUMINISTROS;MT;0.0;0.0;0.25;0.37;101.6949;38.03
20;N & A SECURITY S.A.C.;JCAMACHO;1-SIN STOCK;0;10018359;TOMACORRIENTE INDUSTRIAL VISIBLE  32AMP 3P+T 250V MENNEKES COLOR AZUL;REPUESTOS;UND;0.0;0.0;0.42;0.62;55.0847;34.37
20;N & A SECURITY S.A.C.;RFIGUEREDO;1-SIN STOCK;0;10013411;LLAVE COMPUERTA EN  BRONCE DE 1 1/2;REPUESTOS;UND;0.0;0.0;0.08;0.12;237.2881;29.66
20;N & A SECURITY S.A.C.;JCAMACHO;1-SIN STOCK;0;10008207;CODO PVC;SUMINISTROS;UND;0.0;0.0;3.66;5.49;1.6949;9.3
20;N & A SECURITY S.A.C.;JCAMACHO;1-SIN STOCK;0;10018639;"TUBO CONDUIT EMT DE 1 1/2""";REPUESTOS;UND;0.0;0.0;0.75;1.12;22.8814;25.7
20;N & A SECURITY S.A.C.;JCAMACHO;1-SIN STOCK;0;10008644;INTERRUPTOR TERMOMAGNETICO TIPO RIEL DIN 2X16A SCHENEIDER;SUMINISTROS;UND;0.0;0.0;0.17;0.25;76.2712;19.07
20;N & A SECURITY S.A.C.;JCAMACHO;1-SIN STOCK;0;10018190;TARUGO DE PVC DE 1/4;REPUESTOS;UND;0.0;0.0;49.9;74.85;0.0593;4.44
20;N & A SECURITY S.A.C.;HNOLBERTO;1-SIN STOCK;0;10018449;RIEL UNISTRUT;REPUESTOS;UND;0.0;0.0;0.25;0.37;40.678;15.21
20;N & A SECURITY S.A.C.;JCAMACHO;1-SIN STOCK;0;10004770;UNION PVC;SUMINISTROS;UND;0.0;0.0;1.75;2.62;2.1186;5.55
20;N & A SECURITY S.A.C.;JCAMACHO;1-SIN STOCK;0;10026953;"TEE MECANICA SALIDA ROSCADA  3"" X 1 1/2""";REPUESTOS;UND;0.0;0.0;0.25;0.37;22.0339;8.24
20;N & A SECURITY S.A.C.;JCAMACHO;1-SIN STOCK;0;10004787;"UNION UNIVERSAL 1 1/2""";SUMINISTROS;UND;0.0;0.0;0.25;0.37;21.1864;7.92
20;N & A SECURITY S.A.C.;JCAMACHO;1-SIN STOCK;0;10026954;"TEE MECANICA SALIDA ROSCADA  4"" X 1 1/2""";REPUESTOS;UND;0.0;0.0;0.17;0.25;27.1186;6.78
20;N & A SECURITY S.A.C.;JCAMACHO;1-SIN STOCK;0;10004701;TERMINAL DE COBRE ESTANADO T16-8;SUMINISTROS;UND;0.0;0.0;4.16;6.24;1.0169;6.34
20;N & A SECURITY S.A.C.;JCAMACHO;1-SIN STOCK;0;10026955;"ABRAZADERA PARA TUBO TIPO CLIP DE 1 1/2""";REPUESTOS;UND;0.0;0.0;1.0;1.5;4.2373;6.34
20;N & A SECURITY S.A.C.;JCAMACHO;1-SIN STOCK;0;10026959;"ABRAZADERA PARA TUBO U-BOLT 1 1/2""";REPUESTOS;UND;0.0;0.0;1.0;1.5;3.8983;5.84
20;N & A SECURITY S.A.C.;HNOLBERTO;1-SIN STOCK;0;10005486;VALVULA DE SERVICIO;REPUESTOS;UND;0.0;0.0;0.58;0.87;4.2373;3.7
20;N & A SECURITY S.A.C.;HNOLBERTO;1-SIN STOCK;0;10004238;TUBERIA METALICA FLEXIBLE C/ FORRO DE PVC;SUMINISTROS;MT;0.0;0.0;0.5;0.75;4.0678;3.05
20;N & A SECURITY S.A.C.;JCAMACHO;1-SIN STOCK;0;10003931;"CODO GALVANIZADO 90° 1 1/2""";REPUESTOS;UND;0.0;0.0;0.33;0.5;8.0508;4.02
20;N & A SECURITY S.A.C.;HNOLBERTO;1-SIN STOCK;0;10026886;"FILTRO SECADOR PARA AIRE ACONDICIONADO DE 3/8"" ROSCABLE ( 163)";REPUESTOS;UND;0.0;0.0;0.08;0.12;29.661;3.71
20;N & A SECURITY S.A.C.;JCAMACHO;1-SIN STOCK;0;10007549;TEE 1 1/2 GALVANIZADO;REPUESTOS;UND;0.0;0.0;0.25;0.37;9.7458;3.64
20;N & A SECURITY S.A.C.;JCAMACHO;1-SIN STOCK;0;10026951;"CURVA CONDUIT DE 1 1/2"" EMT";REPUESTOS;UND;0.0;0.0;0.33;0.5;6.7797;3.38
20;N & A SECURITY S.A.C.;JCAMACHO;1-SIN STOCK;0;10004775;UNION SIMPLE 1 1/2 GALVANIZADO;SUMINISTROS;UND;0.0;0.0;0.33;0.5;5.5085;2.75
20;N & A SECURITY S.A.C.;HNOLBERTO;1-SIN STOCK;0;10026694;"FILTRO DESHIDRATADOR  SOLDABLE DE 3/8""";REPUESTOS;UND;0.0;0.0;0.08;0.12;21.1864;2.65
20;N & A SECURITY S.A.C.;JCAMACHO;1-SIN STOCK;0;10018066;"NIPLE DE 1 1/2"" X 3""";REPUESTOS;UND;0.0;0.0;0.33;0.5;4.661;2.33
20;N & A SECURITY S.A.C.;JCAMACHO;1-SIN STOCK;0;10025182;"PLATINA DE FIERRO 1"" X1/8"" X 6m";SUMINISTROS;UND;0.0;0.0;0.08;0.12;18.6441;2.33
20;N & A SECURITY S.A.C.;HNOLBERTO;1-SIN STOCK;0;10026552;CINTA TAFETAN;SUMINISTROS;UND;0.0;0.0;0.17;0.25;7.6271;1.91
20;N & A SECURITY S.A.C.;HNOLBERTO;1-SIN STOCK;0;10016223;"ABRAZADERAS CON 2 OREJAS PARA TUBO DE 2""";REPUESTOS;UND;0.0;0.0;0.83;1.25;1.0169;1.27
20;N & A SECURITY S.A.C.;HNOLBERTO;1-SIN STOCK;0;10026541;"TUERCA FLARE PARA TUBERIA DE 1/2""";REPUESTOS;UND;0.0;0.0;0.17;0.25;5.0847;1.27
20;N & A SECURITY S.A.C.;HNOLBERTO;1-SIN STOCK;0;10026543;"TUERCA FLARE PARA TUBERIA DE 3/8""";REPUESTOS;UND;0.0;0.0;0.17;0.25;4.2373;1.06
20;N & A SECURITY S.A.C.;HNOLBERTO;1-SIN STOCK;0;10026540;"TUERCA FLARE PARA TUBERIA DE 1/4""";REPUESTOS;UND;0.0;0.0;0.17;0.25;3.3898;0.85
20;N & A SECURITY S.A.C.;HNOLBERTO;1-SIN STOCK;0;10026696;CONECTOR PARA TUBERIA  METALICA FLEXIBLE  DE 3/4 RECTO HERMETICO.;REPUESTOS;UND;0.0;0.0;0.17;0.25;2.9661;0.74
20;N & A SECURITY S.A.C.;HNOLBERTO;1-SIN STOCK;0;10015492;CONECTOR RECTO;REPUESTOS;UND;0.0;0.0;0.17;0.25;2.5424;0.64
20;N & A SECURITY S.A.C.;HNOLBERTO;1-SIN STOCK;0;10018226;"CODO DE PVC DE 3/4""";REPUESTOS;UND;0.0;0.0;0.08;0.12;3.3898;0.42
20;N & A SECURITY S.A.C.;HNOLBERTO;1-SIN STOCK;0;10022166;TORNILLOS AUTOROSCANTES PARA TARUGO 1/4;REPUESTOS;UND;0.0;0.0;4.16;6.24;0.0508;0.32
20;N & A SECURITY S.A.C.;JCAMACHO;3-EN 15 DIAS;7;10008134;CINTILLOS DE 250MM - BOLSA X 100 UNIDADES;MATERIALES AUXILIARES;CTO;3.0;0.0;12.47;15.71;0.0763;1.2
20;N & A SECURITY S.A.C.;JCAMACHO;4-EN 30 DIAS;29;10008116;RECOGEDORES DE PLASTICO;SUMINISTROS;UND;4.0;0.0;4.24;2.36;5.0847;12.01
21;JG HYDRAULIK S.A.C;JCAMACHO;1-SIN STOCK;0;10022343;REDUCTOR DE PRESION MODULAR TAMAÑO 10;REPUESTOS;UND;0.0;0.0;0.5;0.75;460.8814;345.2
21;JG HYDRAULIK S.A.C;JCAMACHO;1-SIN STOCK;0;10004042;"VALVULA HIDRAULICA DE 4/3"" CON 02 BOBINAS DE 24 VDC CENTRO CERADO TAMAÑO 10";REPUESTOS;UND;0.0;0.0;0.25;0.37;570.8423;213.5
21;JG HYDRAULIK S.A.C;RFIGUEREDO;1-SIN STOCK;0;10018914;REDUCTOR HIDRAULICO;REPUESTOS;UND;0.0;0.0;0.17;0.25;357.5239;89.38
21;JG HYDRAULIK S.A.C;RFIGUEREDO;1-SIN STOCK;0;10012187;CARTUCHO HIDRAULICO PARA BOMBA 20VQ-8 GPM;REPUESTOS;UND;0.0;0.0;0.08;0.12;601.5386;75.19
21;JG HYDRAULIK S.A.C;RFIGUEREDO;1-SIN STOCK;0;10011679;VALVULA REDUCTORA DE PRESION;REPUESTOS;UND;0.0;0.0;0.08;0.12;542.3051;67.79
21;JG HYDRAULIK S.A.C;RFIGUEREDO;1-SIN STOCK;0;10018669;PRESOSTATO HIDRÁULICO DE 30-300 BAR MARCA FOX MODELO K57P;REPUESTOS;UND;0.0;0.0;0.08;0.12;518.3435;64.79
21;JG HYDRAULIK S.A.C;RFIGUEREDO;1-SIN STOCK;0;10024235;VALVULA HIDRAULICA  4/2 CON 1 BOBINA 24 VDC TN10;REPUESTOS;UND;0.0;0.0;0.08;0.12;512.2629;64.03
21;JG HYDRAULIK S.A.C;RFIGUEREDO;1-SIN STOCK;0;10008350;ACOPLE HIDRAULICO;REPUESTOS;UND;0.0;0.0;0.17;0.25;241.8902;60.47
21;JG HYDRAULIK S.A.C;JCAMACHO;1-SIN STOCK;0;10022357;ACOPLE ROTEX GR48 COMPLETO;REPUESTOS;UND;0.0;0.0;0.08;0.12;461.4237;57.68
21;JG HYDRAULIK S.A.C;JCAMACHO;1-SIN STOCK;0;10016763;"VALVULA RELIEF EN LINEA - MANDO DIRECTO - ROSCA 1/2"" NPT";REPUESTOS;UND;0.0;0.0;0.08;0.12;362.7119;45.34
21;JG HYDRAULIK S.A.C;RFIGUEREDO;1-SIN STOCK;0;10007476;VISOR DE NIVEL Y TEMPERATURA LS -5;REPUESTOS;UND;0.0;0.0;0.17;0.25;172.5907;43.15
21;JG HYDRAULIK S.A.C;JCAMACHO;1-SIN STOCK;0;10010766;ELEMENTO FLEXIBLE ROTEX TIPO ESTRELLA GR -38;SUMINISTROS;UND;0.0;0.0;0.42;0.62;44.4596;27.74
21;JG HYDRAULIK S.A.C;RFIGUEREDO;1-SIN STOCK;0;10021360;VISOR DE NIVEL DE ACEITE HIDRAULICO ( LG6 - 05 );REPUESTOS;UND;0.0;0.0;0.08;0.12;187.055;23.38
21;JG HYDRAULIK S.A.C;JCAMACHO;1-SIN STOCK;0;10008910;ACOPLE ROTEX  COMPLETO GE - 28;REPUESTOS;UND;0.0;0.0;0.08;0.12;145.0817;18.14
21;JG HYDRAULIK S.A.C;JCAMACHO;1-SIN STOCK;0;10024849;"FILTRO DE SUCCION HIDRAULICO ROSCA 1 1/2"" NPT, LARGO 190, ANCHO 80MM";REPUESTOS;UND;0.0;0.0;0.08;0.12;76.8644;9.61
21;JG HYDRAULIK S.A.C;HNOLBERTO;1-SIN STOCK;0;10014518;ELEMENTO FLEXIBLE ROTEX  GE -38;REPUESTOS;UND;0.0;0.0;0.08;0.12;31.518;3.94
22;NICOVAL IMPORTACIONES E.I.R.L.;RFIGUEREDO;1-SIN STOCK;0;10023251;SELLO MECANICO 551C - 40 SIC ESTACIONARIO 58X 16 CAR;REPUESTOS;UND;0.0;0.0;0.25;0.37;364.4068;136.29
22;NICOVAL IMPORTACIONES E.I.R.L.;RFIGUEREDO;1-SIN STOCK;0;10020755;ROTULA GE 20;REPUESTOS;UND;0.0;0.0;0.67;1.0;29.661;29.6
22;NICOVAL IMPORTACIONES E.I.R.L.;JCAMACHO;1-SIN STOCK;0;10007265;ROTULA GE 30 ES 2RS;REPUESTOS;UND;0.0;0.0;0.33;0.5;29.661;14.8
22;NICOVAL IMPORTACIONES E.I.R.L.;JCAMACHO;1-SIN STOCK;0;10020120;GUIA POM;REPUESTOS;UND;0.0;0.0;1.0;1.5;12.7;19.01
22;NICOVAL IMPORTACIONES E.I.R.L.;JCAMACHO;1-SIN STOCK;0;10020121;BUFFER;REPUESTOS;UND;0.0;0.0;0.5;0.75;21.1864;15.87
22;NICOVAL IMPORTACIONES E.I.R.L.;RFIGUEREDO;1-SIN STOCK;0;10012177;SELLO ESTATICO K84 50 X 45.4 X 3.9;REPUESTOS;UND;0.0;0.0;0.5;0.75;33.8983;25.39
22;NICOVAL IMPORTACIONES E.I.R.L.;RFIGUEREDO;1-SIN STOCK;0;10026322;EMBOLO NEUMATICO 110-18-25;REPUESTOS;UND;0.0;0.0;0.17;0.25;105.9322;26.48
22;NICOVAL IMPORTACIONES E.I.R.L.;RFIGUEREDO;1-SIN STOCK;0;10013131;ORING 3.53 2-234 (75.79-82.85) VITON;REPUESTOS;UND;0.0;0.0;0.67;1.0;12.7119;12.69
22;NICOVAL IMPORTACIONES E.I.R.L.;JCAMACHO;1-SIN STOCK;0;10014129;RETEN PARA EMBOLO 50 X 63 X 8;REPUESTOS;UND;0.0;0.0;0.67;1.0;25.4237;25.37
22;NICOVAL IMPORTACIONES E.I.R.L.;RFIGUEREDO;1-SIN STOCK;0;10012280;RETEN PARA EMBOLO 80 X 70 X 8;REPUESTOS;UND;0.0;0.0;0.5;0.75;29.661;22.22
22;NICOVAL IMPORTACIONES E.I.R.L.;JCAMACHO;1-SIN STOCK;0;10012250;RETEN PARA TAPA 35 X 45 X 10 DOBLE LABIO;REPUESTOS;UND;0.0;0.0;0.67;1.0;21.1864;21.14
22;NICOVAL IMPORTACIONES E.I.R.L.;JCAMACHO;1-SIN STOCK;0;10018561;RETEN LIMPIADOR;REPUESTOS;UND;0.0;0.0;0.75;1.12;12.7119;14.28
22;NICOVAL IMPORTACIONES E.I.R.L.;RFIGUEREDO;1-SIN STOCK;0;10012281;PISTON SEAL Ø EXT 80 X 6 ALTURA;REPUESTOS;UND;0.0;0.0;0.25;0.37;50.8475;19.02
22;NICOVAL IMPORTACIONES E.I.R.L.;JCAMACHO;1-SIN STOCK;0;10014926;RETEN PARA EMBOLO 70 X 90 X 10;REPUESTOS;UND;0.0;0.0;0.17;0.25;46.6102;11.65
22;NICOVAL IMPORTACIONES E.I.R.L.;RFIGUEREDO;1-SIN STOCK;0;10025195;RETEN PARA TAPA DOBLE LABIO 28-36-6;REPUESTOS;UND;0.0;0.0;0.67;1.0;16.9492;16.92
22;NICOVAL IMPORTACIONES E.I.R.L.;HNOLBERTO;1-SIN STOCK;0;10017887;SEGURO SEEGER;REPUESTOS;UND;0.0;0.0;4.91;7.36;0.4237;3.12
22;NICOVAL IMPORTACIONES E.I.R.L.;JCAMACHO;1-SIN STOCK;0;10022564;"RETEN PARA EMBOLO 1 1/2"" X 2"" X 1/4""";REPUESTOS;UND;0.0;0.0;0.5;0.75;10.5932;7.93
22;NICOVAL IMPORTACIONES E.I.R.L.;RFIGUEREDO;1-SIN STOCK;0;10008930;RETEN HIDRAULICO PARA BOMBA HIDRAULICA 25X40X7/5.5;REPUESTOS;UND;0.0;0.0;0.33;0.5;29.661;14.8
22;NICOVAL IMPORTACIONES E.I.R.L.;HNOLBERTO;1-SIN STOCK;0;10013579;RETEN PARA EMBOLO DE 65X75X6;REPUESTOS;UND;0.0;0.0;0.17;0.25;59.322;14.83
22;NICOVAL IMPORTACIONES E.I.R.L.;JCAMACHO;1-SIN STOCK;0;10018363;PISTON SEAL 50 X 5.8;REPUESTOS;UND;0.0;0.0;0.33;0.5;29.661;14.8
22;NICOVAL IMPORTACIONES E.I.R.L.;RFIGUEREDO;1-SIN STOCK;0;10018665;BUFFER DE DOS PIEZAS 35 X 46 X 4;REPUESTOS;UND;0.0;0.0;0.5;0.75;16.9492;12.69
22;NICOVAL IMPORTACIONES E.I.R.L.;RFIGUEREDO;1-SIN STOCK;0;10007535;RETEN DZ 25 X 33 X 6.3;REPUESTOS;UND;0.0;0.0;0.42;0.62;21.1864;13.22
22;NICOVAL IMPORTACIONES E.I.R.L.;JCAMACHO;1-SIN STOCK;0;10008251;PISTON SEAL KASTAS 63 X 52 X 4.2;REPUESTOS;UND;0.0;0.0;0.33;0.5;25.4237;12.69
22;NICOVAL IMPORTACIONES E.I.R.L.;RFIGUEREDO;1-SIN STOCK;0;10014928;CHEVRON 60X75X25;REPUESTOS;UND;0.0;0.0;0.08;0.12;88.9831;11.12
22;NICOVAL IMPORTACIONES E.I.R.L.;RFIGUEREDO;1-SIN STOCK;0;10020115;RETEN PARA TAPA DOBLE LABIO;REPUESTOS;UND;0.0;0.0;0.33;0.5;25.4237;12.69
22;NICOVAL IMPORTACIONES E.I.R.L.;RFIGUEREDO;1-SIN STOCK;0;10007450;SELLO MECANICO P/BOMBA DE AGUA;REPUESTOS;UND;0.0;0.0;0.08;0.12;93.2203;11.65
22;NICOVAL IMPORTACIONES E.I.R.L.;JCAMACHO;1-SIN STOCK;0;10012542;CHEVRON ØINT 60 X ØEXT 75 X ALTURA26;REPUESTOS;UND;0.0;0.0;0.08;0.12;93.2203;11.65
22;NICOVAL IMPORTACIONES E.I.R.L.;RFIGUEREDO;1-SIN STOCK;0;10012687;RETEN PARA EMBOLO 85 X 100 X 10;REPUESTOS;UND;0.0;0.0;0.17;0.25;33.8983;8.47
22;NICOVAL IMPORTACIONES E.I.R.L.;RFIGUEREDO;1-SIN STOCK;0;10014814;RETEN LIMPIADOR 22 X 30 X 4.5/6;REPUESTOS;UND;0.0;0.0;0.58;0.87;2.5424;2.22
22;NICOVAL IMPORTACIONES E.I.R.L.;JCAMACHO;1-SIN STOCK;0;10018658;RETEN PARA EMBOLO 30 X 40 X 5;REPUESTOS;UND;0.0;0.0;0.5;0.75;12.7119;9.52
22;NICOVAL IMPORTACIONES E.I.R.L.;HNOLBERTO;1-SIN STOCK;0;10025334;RETEN PARA EMBOLO 100 X 85 X 9;REPUESTOS;UND;0.0;0.0;0.17;0.25;38.1356;9.53
22;NICOVAL IMPORTACIONES E.I.R.L.;JCAMACHO;1-SIN STOCK;0;10012621;ORING 2.62 2-135 (48.90-54.14) VITON;REPUESTOS;UND;0.0;0.0;0.5;0.75;5.0847;3.81
22;NICOVAL IMPORTACIONES E.I.R.L.;RFIGUEREDO;1-SIN STOCK;0;10018646;RETEN PARA EMBOLO 45 X 55 X 5.5;REPUESTOS;UND;0.0;0.0;0.17;0.25;25.4237;6.36
22;NICOVAL IMPORTACIONES E.I.R.L.;JCAMACHO;1-SIN STOCK;0;10018372;RETEN LIMPIADOR 25 X 33 X 4.5/6;REPUESTOS;UND;0.0;0.0;0.33;0.5;12.7119;6.34
22;NICOVAL IMPORTACIONES E.I.R.L.;RFIGUEREDO;1-SIN STOCK;0;10012298;PISTON SEAL ØEXT 40 X ALTURA 3.5;REPUESTOS;UND;0.0;0.0;0.33;0.5;21.1864;10.57
22;NICOVAL IMPORTACIONES E.I.R.L.;JCAMACHO;1-SIN STOCK;0;10018364;BUFFER 28 X 39 X 4.2;REPUESTOS;UND;0.0;0.0;0.33;0.5;21.1864;10.57
22;NICOVAL IMPORTACIONES E.I.R.L.;JCAMACHO;1-SIN STOCK;0;10019392;RETEN PARA EMBOLO 53 X 63 X 8;REPUESTOS;UND;0.0;0.0;0.33;0.5;21.1864;10.57
22;NICOVAL IMPORTACIONES E.I.R.L.;JCAMACHO;1-SIN STOCK;0;10020446;RETEN PARA EMBOLO 35 X 50 X 8;REPUESTOS;UND;0.0;0.0;0.33;0.5;21.1864;10.57
22;NICOVAL IMPORTACIONES E.I.R.L.;RFIGUEREDO;1-SIN STOCK;0;10024614;RETEN PARA TAPA CON DOBLE LABIO 20 X 30 X 7;REPUESTOS;UND;0.0;0.0;0.33;0.5;16.9492;8.46
22;NICOVAL IMPORTACIONES E.I.R.L.;RFIGUEREDO;1-SIN STOCK;0;10020364;SELLO MECANICO CON CARAS DURAS DE SILICIO EJE DIAMETRO 22MM, ESTACIONARIO 35MM RESORTE CONICO;REPUESTOS;UND;0.0;0.0;0.08;0.12;80.5085;10.06
22;NICOVAL IMPORTACIONES E.I.R.L.;JCAMACHO;1-SIN STOCK;0;10019494;ORING CON RESPALDO 2-135;REPUESTOS;UND;0.0;0.0;0.83;1.25;7.6271;9.52
22;NICOVAL IMPORTACIONES E.I.R.L.;RFIGUEREDO;1-SIN STOCK;0;10016141;BUFFER 22 X 29.5 X 3.2;REPUESTOS;UND;0.0;0.0;0.33;0.5;18.6441;9.3
22;NICOVAL IMPORTACIONES E.I.R.L.;RFIGUEREDO;1-SIN STOCK;0;10007414;ORING 1.78 2-012 (9.25-12.81) VITON;REPUESTOS;UND;0.0;0.0;4.33;6.49;1.2712;8.25
22;NICOVAL IMPORTACIONES E.I.R.L.;RFIGUEREDO;1-SIN STOCK;0;10008862;RETEN HIDRAULICO PARA TAPA 18X30X8;REPUESTOS;UND;0.0;0.0;0.33;0.5;16.9492;8.46
22;NICOVAL IMPORTACIONES E.I.R.L.;JCAMACHO;1-SIN STOCK;0;10010804;GUIA POM 45 X 50 X 9;REPUESTOS;UND;0.0;0.0;0.33;0.5;16.9492;8.46
22;NICOVAL IMPORTACIONES E.I.R.L.;JCAMACHO;1-SIN STOCK;0;10012080;RETEN LIMPIADOR 45 X 53 X 5/6.5;REPUESTOS;UND;0.0;0.0;0.33;0.5;16.9492;8.46
22;NICOVAL IMPORTACIONES E.I.R.L.;JCAMACHO;1-SIN STOCK;0;10012432;RETEN HIDRAULICO BAFFER 45X56X4;REPUESTOS;UND;0.0;0.0;0.17;0.25;33.8983;8.47
22;NICOVAL IMPORTACIONES E.I.R.L.;JCAMACHO;1-SIN STOCK;0;10012654;RETEN HIDRAULICO PARA TAPA 45X55X6;REPUESTOS;UND;0.0;0.0;0.17;0.25;33.8983;8.47
22;NICOVAL IMPORTACIONES E.I.R.L.;RFIGUEREDO;1-SIN STOCK;0;10013009;ORING 1.78 2-014 (12.42-15.98) VITON;REPUESTOS;UND;0.0;0.0;3.33;4.99;1.2712;6.34
22;NICOVAL IMPORTACIONES E.I.R.L.;JCAMACHO;1-SIN STOCK;0;10020989;RETEN 45 X 60.5 X 6.5 CON ANILLO EXTRUSOR;REPUESTOS;UND;0.0;0.0;0.17;0.25;33.8983;8.47
22;NICOVAL IMPORTACIONES E.I.R.L.;JCAMACHO;1-SIN STOCK;0;10022526;ORING CON RESPALDO 2 - 146;REPUESTOS;UND;0.0;0.0;0.5;0.75;11.0169;8.25
22;NICOVAL IMPORTACIONES E.I.R.L.;JCAMACHO;1-SIN STOCK;0;10022525;ORING CON RESPALDO 2 - 147;REPUESTOS;UND;0.0;0.0;0.5;0.75;8.4746;6.35
22;NICOVAL IMPORTACIONES E.I.R.L.;JCAMACHO;1-SIN STOCK;0;10007318;RETEN DZ RH 45 X 55 X 6;REPUESTOS;UND;0.0;0.0;0.17;0.25;29.661;7.42
22;NICOVAL IMPORTACIONES E.I.R.L.;HNOLBERTO;1-SIN STOCK;0;10007358;GUIA POM 100 X 105 X 9.7;REPUESTOS;UND;0.0;0.0;0.17;0.25;29.661;7.42
22;NICOVAL IMPORTACIONES E.I.R.L.;HNOLBERTO;1-SIN STOCK;0;10007433;GUIA POM 44.45X50.8X6.35;REPUESTOS;UND;0.0;0.0;0.17;0.25;21.1864;5.3
22;NICOVAL IMPORTACIONES E.I.R.L.;RFIGUEREDO;1-SIN STOCK;0;10012157;RETEN PARA EMBOLO 48 X 63 X 10;REPUESTOS;UND;0.0;0.0;0.17;0.25;29.661;7.42
22;NICOVAL IMPORTACIONES E.I.R.L.;RFIGUEREDO;1-SIN STOCK;0;10012252;RETEN HIDRAULICO PARA TAPA 45X55X10;REPUESTOS;UND;0.0;0.0;0.17;0.25;29.661;7.42
22;NICOVAL IMPORTACIONES E.I.R.L.;RFIGUEREDO;1-SIN STOCK;0;10018664;RETEN LIMPIADOR 35 X43 X 5.5/8.5;REPUESTOS;UND;0.0;0.0;0.33;0.5;12.7119;6.34
22;NICOVAL IMPORTACIONES E.I.R.L.;JCAMACHO;1-SIN STOCK;0;10020122;RESPALDO;REPUESTOS;UND;0.0;0.0;0.67;1.0;5.9322;5.92
22;NICOVAL IMPORTACIONES E.I.R.L.;RFIGUEREDO;1-SIN STOCK;0;10006584;RETEN HIDRAULICO CON ANILLO DE EXTRUSION 40 X 48 X 8;REPUESTOS;UND;0.0;0.0;0.08;0.12;21.1864;2.65
22;NICOVAL IMPORTACIONES E.I.R.L.;JCAMACHO;1-SIN STOCK;0;10007590;PISTON SEAL 40 X 29 X 4.2 K17;REPUESTOS;UND;0.0;0.0;0.17;0.25;25.4237;6.36
22;NICOVAL IMPORTACIONES E.I.R.L.;RFIGUEREDO;1-SIN STOCK;0;10008037;RETEN 35X50X8 EMBOLO;REPUESTOS;UND;0.0;0.0;0.17;0.25;21.1864;5.3
22;NICOVAL IMPORTACIONES E.I.R.L.;JCAMACHO;1-SIN STOCK;0;10012079;RETEN HIDRAULICO PARA TAPA 45X60X10;REPUESTOS;UND;0.0;0.0;0.17;0.25;25.4237;6.36
22;NICOVAL IMPORTACIONES E.I.R.L.;HNOLBERTO;1-SIN STOCK;0;10012630;ORING 2.62 2-155 (101.27-106.51) VITON;REPUESTOS;UND;0.0;0.0;0.33;0.5;12.7119;6.34
22;NICOVAL IMPORTACIONES E.I.R.L.;RFIGUEREDO;1-SIN STOCK;0;10012730;RETEN PARA TAPA 35 X 48 X 10 DZ;REPUESTOS;UND;0.0;0.0;0.17;0.25;25.4237;6.36
22;NICOVAL IMPORTACIONES E.I.R.L.;HNOLBERTO;1-SIN STOCK;0;10013853;RETEN PARA EMBOLO 40 X 50 X 8;REPUESTOS;UND;0.0;0.0;0.17;0.25;25.4237;6.36
22;NICOVAL IMPORTACIONES E.I.R.L.;HNOLBERTO;1-SIN STOCK;0;10013864;"RETEN PARA EMBOLO 1 5/8"" X 2"" X 3/16""";REPUESTOS;UND;0.0;0.0;0.17;0.25;25.4237;6.36
22;NICOVAL IMPORTACIONES E.I.R.L.;RFIGUEREDO;1-SIN STOCK;0;10014927;PISTON SEAL 75 X 90 X 6;REPUESTOS;UND;0.0;0.0;0.08;0.12;50.8475;6.36
22;NICOVAL IMPORTACIONES E.I.R.L.;JCAMACHO;1-SIN STOCK;0;10016134;"RETEN PARA TAPA DOBLE LABIO  3/4"" X 1 1/8"" X 1/4""";REPUESTOS;UND;0.0;0.0;0.25;0.37;12.7125;4.75
22;NICOVAL IMPORTACIONES E.I.R.L.;HNOLBERTO;1-SIN STOCK;0;10017121;GUIA GRAFITADA 2.4X9.5X400;REPUESTOS;UND;0.0;0.0;0.08;0.12;50.8475;6.36
22;NICOVAL IMPORTACIONES E.I.R.L.;RFIGUEREDO;1-SIN STOCK;0;10019274;RETEN DE ALTA 25 - 45 - 11;REPUESTOS;UND;0.0;0.0;0.08;0.12;50.8475;6.36
22;NICOVAL IMPORTACIONES E.I.R.L.;RFIGUEREDO;1-SIN STOCK;0;10019463;RETEN HIDRAULICO PARA EMBOLO 50 X 60 X 7;REPUESTOS;UND;0.0;0.0;0.17;0.25;23.7288;5.93
22;NICOVAL IMPORTACIONES E.I.R.L.;JCAMACHO;1-SIN STOCK;0;10019492;RETEN PARA TAPA CON DOBLE LABIO 22 X 28 X 4.5;REPUESTOS;UND;0.0;0.0;0.25;0.37;16.9492;6.34
22;NICOVAL IMPORTACIONES E.I.R.L.;JCAMACHO;1-SIN STOCK;0;10020648;GUIA POM 35 X 40 X 6;REPUESTOS;UND;0.0;0.0;0.25;0.37;14.4068;5.39
22;NICOVAL IMPORTACIONES E.I.R.L.;RFIGUEREDO;1-SIN STOCK;0;10021984;BUFFER 32 X 42 X 4;REPUESTOS;UND;0.0;0.0;0.17;0.25;25.4237;6.36
22;NICOVAL IMPORTACIONES E.I.R.L.;HNOLBERTO;1-SIN STOCK;0;10022828;GUIA POM 36 X 41 X 5.5;REPUESTOS;UND;0.0;0.0;0.25;0.37;12.7119;4.75
22;NICOVAL IMPORTACIONES E.I.R.L.;RFIGUEREDO;1-SIN STOCK;0;10014002;GUIA POM 32 X 35 X 15;REPUESTOS;UND;0.0;0.0;0.17;0.25;20.3;5.08
22;NICOVAL IMPORTACIONES E.I.R.L.;RFIGUEREDO;1-SIN STOCK;0;10012312;RETEN HIDRAULICO PARA TAPA 40X50X6.3;REPUESTOS;UND;0.0;0.0;0.17;0.25;23.7288;5.93
22;NICOVAL IMPORTACIONES E.I.R.L.;RFIGUEREDO;1-SIN STOCK;0;10012343;RETEN LIMPIADOR 40 X 48 X 4/7;REPUESTOS;UND;0.0;0.0;0.08;0.12;16.9492;2.12
22;NICOVAL IMPORTACIONES E.I.R.L.;RFIGUEREDO;1-SIN STOCK;0;10014228;RETEN PARA BOMBA 25X45X11;REPUESTOS;UND;0.0;0.0;0.08;0.12;42.3729;5.3
22;NICOVAL IMPORTACIONES E.I.R.L.;RFIGUEREDO;1-SIN STOCK;0;10020397;BUFFER DE DOS PIEZAS 45-53.5-4.2  CON DOS O-RING DELGADOS;REPUESTOS;UND;0.0;0.0;0.08;0.12;46.6102;5.83
22;NICOVAL IMPORTACIONES E.I.R.L.;JCAMACHO;1-SIN STOCK;0;10018452;BUFFER 36.5 X 46.7 X 4.2 DE DOS PIEZAS;REPUESTOS;UND;0.0;0.0;0.17;0.25;21.1864;5.3
22;NICOVAL IMPORTACIONES E.I.R.L.;HNOLBERTO;1-SIN STOCK;0;10007160;ORING MM 3.00 x 48.00 VITTON;REPUESTOS;UND;0.0;0.0;0.42;0.62;8.4746;5.29
22;NICOVAL IMPORTACIONES E.I.R.L.;JCAMACHO;1-SIN STOCK;0;10007788;LIMPIADOR 45 X53 X 6/8 K10;SUMINISTROS;UND;0.0;0.0;0.17;0.25;21.1864;5.3
22;NICOVAL IMPORTACIONES E.I.R.L.;JCAMACHO;1-SIN STOCK;0;10008225;PISTON SEAL KASTAS 32X21X4.2;REPUESTOS;UND;0.0;0.0;0.17;0.25;21.1864;5.3
22;NICOVAL IMPORTACIONES E.I.R.L.;RFIGUEREDO;1-SIN STOCK;0;10012528;RETEN HIDRAULICO BAFFER 22X32X4;REPUESTOS;UND;0.0;0.0;0.17;0.25;21.1864;5.3
22;NICOVAL IMPORTACIONES E.I.R.L.;RFIGUEREDO;1-SIN STOCK;0;10013013;ORING 1.78 2-018 (18.77-22.33) VITON;REPUESTOS;UND;0.0;0.0;1.66;2.5;2.1186;5.29
22;NICOVAL IMPORTACIONES E.I.R.L.;RFIGUEREDO;1-SIN STOCK;0;10013132;ORING 3.53 2-238 (88.49-95.55) VITON;REPUESTOS;UND;0.0;0.0;0.08;0.12;42.3729;5.3
22;NICOVAL IMPORTACIONES E.I.R.L.;RFIGUEREDO;1-SIN STOCK;0;10013857;RETEN PARA EMBOLO 40 X 50 X 9;REPUESTOS;UND;0.0;0.0;0.17;0.25;21.1864;5.3
22;NICOVAL IMPORTACIONES E.I.R.L.;HNOLBERTO;1-SIN STOCK;0;10022826;BUFFER DE DOS PIEZAS 36 - 47 - 4;REPUESTOS;UND;0.0;0.0;0.17;0.25;21.1864;5.3
22;NICOVAL IMPORTACIONES E.I.R.L.;HNOLBERTO;1-SIN STOCK;0;10006641;RETEN RADIAL 60 X 80 X 10;REPUESTOS;UND;0.0;0.0;0.17;0.25;16.9492;4.24
22;NICOVAL IMPORTACIONES E.I.R.L.;RFIGUEREDO;1-SIN STOCK;0;10012423;LIMPIADOR 25 X 32 X 4.5/6 WR01 PU;REPUESTOS;UND;0.0;0.0;0.25;0.37;12.7119;4.75
22;NICOVAL IMPORTACIONES E.I.R.L.;RFIGUEREDO;1-SIN STOCK;0;10006270;ORING MM 3.00 x 56.00 NITRILO;REPUESTOS;UND;0.0;0.0;0.67;1.0;4.2373;4.23
22;NICOVAL IMPORTACIONES E.I.R.L.;RFIGUEREDO;1-SIN STOCK;0;10007536;RETEN DZ RH 20 X 30 X 6;REPUESTOS;UND;0.0;0.0;0.17;0.25;16.9492;4.24
22;NICOVAL IMPORTACIONES E.I.R.L.;RFIGUEREDO;1-SIN STOCK;0;10008263;LIMPIADOR 35 X 43 X 5/7;SUMINISTROS;UND;0.0;0.0;0.17;0.25;16.9492;4.24
22;NICOVAL IMPORTACIONES E.I.R.L.;RFIGUEREDO;1-SIN STOCK;0;10010468;RETEN RH 25 X 40 X 6;REPUESTOS;UND;0.0;0.0;0.17;0.25;16.9492;4.24
22;NICOVAL IMPORTACIONES E.I.R.L.;RFIGUEREDO;1-SIN STOCK;0;10012278;RETEN LIMPIADOR 58 X 50 X 4/7;REPUESTOS;UND;0.0;0.0;0.17;0.25;16.9492;4.24
22;NICOVAL IMPORTACIONES E.I.R.L.;JCAMACHO;1-SIN STOCK;0;10012406;ORING 2.62 2-145 (64.77-70.01) VITON;REPUESTOS;UND;0.0;0.0;0.33;0.5;8.4746;4.23
22;NICOVAL IMPORTACIONES E.I.R.L.;RFIGUEREDO;1-SIN STOCK;0;10012516;RETEN PARA TAPA 22 X 32 X 7.5 DOBLE LABIO;REPUESTOS;UND;0.0;0.0;0.17;0.25;16.9492;4.24
22;NICOVAL IMPORTACIONES E.I.R.L.;RFIGUEREDO;1-SIN STOCK;0;10013011;ORING 1.78 2-016 (15.60-19.16) VITON;REPUESTOS;UND;0.0;0.0;1.66;2.5;1.6949;4.23
22;NICOVAL IMPORTACIONES E.I.R.L.;RFIGUEREDO;1-SIN STOCK;0;10013126;ORING 3.53 2-229 (59.92-66.98) VITON;REPUESTOS;UND;0.0;0.0;0.17;0.25;16.9492;4.24
22;NICOVAL IMPORTACIONES E.I.R.L.;RFIGUEREDO;1-SIN STOCK;0;10016909;ORING DE VITON;REPUESTOS;UND;0.0;0.0;0.17;0.25;2.5424;0.64
22;NICOVAL IMPORTACIONES E.I.R.L.;JCAMACHO;1-SIN STOCK;0;10019396;RETEN LIMPIADOR 35 X 43 X 4.5/6;REPUESTOS;UND;0.0;0.0;0.17;0.25;14.4068;3.6
22;NICOVAL IMPORTACIONES E.I.R.L.;RFIGUEREDO;1-SIN STOCK;0;10020272;GUIA;REPUESTOS;UND;0.0;0.0;0.08;0.12;16.9492;2.12
22;NICOVAL IMPORTACIONES E.I.R.L.;RFIGUEREDO;1-SIN STOCK;0;10022136;RETEN LIMPIADOR 36 X 44 X 4.5/ 6;REPUESTOS;UND;0.0;0.0;0.17;0.25;15.2542;3.81
22;NICOVAL IMPORTACIONES E.I.R.L.;RFIGUEREDO;1-SIN STOCK;0;10026323;LIMPIADOR  LH 20X30X4.5 / 5.5;REPUESTOS;UND;0.0;0.0;0.17;0.25;15.2542;3.81
22;NICOVAL IMPORTACIONES E.I.R.L.;HNOLBERTO;1-SIN STOCK;0;10007366;RETEN KASTAS RH 40-50-7;REPUESTOS;UND;0.0;0.0;0.08;0.12;29.661;3.71
22;NICOVAL IMPORTACIONES E.I.R.L.;RFIGUEREDO;1-SIN STOCK;0;10012277;RETEN HIDRAULICO PARA TAPA 60X50X10 DOBLE LABIO;REPUESTOS;UND;0.0;0.0;0.08;0.12;29.661;3.71
22;NICOVAL IMPORTACIONES E.I.R.L.;JCAMACHO;1-SIN STOCK;0;10012545;ORING 5 X 80 ØINT C/RESPALDO;REPUESTOS;UND;0.0;0.0;0.08;0.12;29.661;3.71
22;NICOVAL IMPORTACIONES E.I.R.L.;JCAMACHO;1-SIN STOCK;0;10013073;ORING 2.62 2-140 (56.82-62.06) VITON;REPUESTOS;UND;0.0;0.0;0.33;0.5;6.7797;3.38
22;NICOVAL IMPORTACIONES E.I.R.L.;RFIGUEREDO;1-SIN STOCK;0;10018666;GUIA POM 35 X 40 X 9.7;REPUESTOS;UND;0.0;0.0;0.17;0.25;12.7119;3.18
22;NICOVAL IMPORTACIONES E.I.R.L.;RFIGUEREDO;1-SIN STOCK;0;10018668;GUIA POM 35 X 45 X 5.5;REPUESTOS;UND;0.0;0.0;0.17;0.25;12.7119;3.18
22;NICOVAL IMPORTACIONES E.I.R.L.;RFIGUEREDO;1-SIN STOCK;0;10007443;RETEN HIDRAULICO PARA TAPA 28X36X5.8;REPUESTOS;UND;0.0;0.0;0.08;0.12;25.4237;3.18
22;NICOVAL IMPORTACIONES E.I.R.L.;JCAMACHO;1-SIN STOCK;0;10010378;RETEN HIDRAULICO PARA EMBOLO 53X63X6;REPUESTOS;UND;0.0;0.0;0.17;0.25;12.7119;3.18
22;NICOVAL IMPORTACIONES E.I.R.L.;RFIGUEREDO;1-SIN STOCK;0;10012279;RETEN HIDRAULICO PARA TAPA 50X58X8 DOBLE LABIO;REPUESTOS;UND;0.0;0.0;0.08;0.12;25.4237;3.18
22;NICOVAL IMPORTACIONES E.I.R.L.;RFIGUEREDO;1-SIN STOCK;0;10012319;RETEN PARA TAPA 22 X 30 X 5.7 DOBLE LABIO;REPUESTOS;UND;0.0;0.0;0.08;0.12;16.9492;2.12
22;NICOVAL IMPORTACIONES E.I.R.L.;RFIGUEREDO;1-SIN STOCK;0;10012520;LIMPIADOR ØINT 22 X 30 X 5 X 7.5;REPUESTOS;UND;0.0;0.0;0.17;0.25;12.7119;3.18
22;NICOVAL IMPORTACIONES E.I.R.L.;JCAMACHO;1-SIN STOCK;0;10012544;ORING 3.5 X 83 ØINT C/RESPALDO;REPUESTOS;UND;0.0;0.0;0.08;0.12;25.4237;3.18
22;NICOVAL IMPORTACIONES E.I.R.L.;JCAMACHO;1-SIN STOCK;0;10013076;ORING 2.62 2-143 (61.60-66.84) VITON;REPUESTOS;UND;0.0;0.0;0.17;0.25;12.7119;3.18
22;NICOVAL IMPORTACIONES E.I.R.L.;RFIGUEREDO;1-SIN STOCK;0;10018647;ORING CON RESPALDO 4 X 75;REPUESTOS;UND;0.0;0.0;0.17;0.25;12.7119;3.18
22;NICOVAL IMPORTACIONES E.I.R.L.;HNOLBERTO;1-SIN STOCK;0;10020375;RETEN LIMPIADOR 70 X 80 X 6/8.5;REPUESTOS;UND;0.0;0.0;0.08;0.12;25.4237;3.18
22;NICOVAL IMPORTACIONES E.I.R.L.;JCAMACHO;1-SIN STOCK;0;10022542;LIMPIADOR 60 X 70 X 4.5 KASTAS;REPUESTOS;UND;0.0;0.0;0.08;0.12;25.4237;3.18
22;NICOVAL IMPORTACIONES E.I.R.L.;RFIGUEREDO;1-SIN STOCK;0;10012541;LIMPIADOR 60 X 70 X 5 KASTAS;REPUESTOS;UND;0.0;0.0;0.08;0.12;23.7288;2.97
22;NICOVAL IMPORTACIONES E.I.R.L.;RFIGUEREDO;1-SIN STOCK;0;10013081;ORING 2.62 2-150 (72.69-77.93) VITON;REPUESTOS;UND;0.0;0.0;0.17;0.25;11.0169;2.75
22;NICOVAL IMPORTACIONES E.I.R.L.;RFIGUEREDO;1-SIN STOCK;0;10012651;RETEN PARA TAPA 35 X 45 X 6 D - Z DOBLE LABIO;REPUESTOS;UND;0.0;0.0;0.08;0.12;21.1864;2.65
22;NICOVAL IMPORTACIONES E.I.R.L.;RFIGUEREDO;1-SIN STOCK;0;10014283;GUIA POM 100X95X14.3;REPUESTOS;UND;0.0;0.0;0.08;0.12;21.1864;2.65
22;NICOVAL IMPORTACIONES E.I.R.L.;RFIGUEREDO;1-SIN STOCK;0;10014449;RETEN HIDRAULICO BAFFER 22.5X32X3.9;REPUESTOS;UND;0.0;0.0;0.08;0.12;21.1864;2.65
22;NICOVAL IMPORTACIONES E.I.R.L.;RFIGUEREDO;1-SIN STOCK;0;10020395;GUIA POM 58 X 63 X 10.5;REPUESTOS;UND;0.0;0.0;0.08;0.12;21.1864;2.65
22;NICOVAL IMPORTACIONES E.I.R.L.;RFIGUEREDO;1-SIN STOCK;0;10012733;ORING MM 6.00 x 79.00 NITRILO;REPUESTOS;UND;0.0;0.0;0.17;0.25;10.1695;2.54
22;NICOVAL IMPORTACIONES E.I.R.L.;RFIGUEREDO;1-SIN STOCK;0;10018331;ORING 2 X 45;REPUESTOS;UND;0.0;0.0;0.5;0.75;2.9661;2.22
22;NICOVAL IMPORTACIONES E.I.R.L.;RFIGUEREDO;1-SIN STOCK;0;10012284;GUIA POM ØINT 50 X 6 ANCHO X 2 ESPESOR;REPUESTOS;UND;0.0;0.0;0.08;0.12;17.2881;2.16
22;NICOVAL IMPORTACIONES E.I.R.L.;RFIGUEREDO;1-SIN STOCK;0;10012285;GUIA POM ØINT 50 X 8 ANCHO X 2 ESPESOR;REPUESTOS;UND;0.0;0.0;0.08;0.12;17.2881;2.16
22;NICOVAL IMPORTACIONES E.I.R.L.;RFIGUEREDO;1-SIN STOCK;0;10006168;ORING 3.53 2-261 (171.04-178.10) NITRILO;REPUESTOS;UND;0.0;0.0;0.08;0.12;16.9492;2.12
22;NICOVAL IMPORTACIONES E.I.R.L.;RFIGUEREDO;1-SIN STOCK;0;10008911;ORING MM 2.00 x 20.00 NITRILO;REPUESTOS;UND;0.0;0.0;1.66;2.5;0.8475;2.11
22;NICOVAL IMPORTACIONES E.I.R.L.;RFIGUEREDO;1-SIN STOCK;0;10012158;RETEN LIMPIADOR 45 X 53 X 4/7;REPUESTOS;UND;0.0;0.0;0.08;0.12;16.9492;2.12
22;NICOVAL IMPORTACIONES E.I.R.L.;JCAMACHO;1-SIN STOCK;0;10012543;PISTON SEAL ØINT 74 X ØEXT 90 X ANCHO 6;REPUESTOS;UND;0.0;0.0;0.08;0.12;16.9492;2.12
22;NICOVAL IMPORTACIONES E.I.R.L.;JCAMACHO;1-SIN STOCK;0;10012702;LIMPIADOR KASTAS 28 - 36;REPUESTOS;UND;0.0;0.0;0.08;0.12;16.9492;2.12
22;NICOVAL IMPORTACIONES E.I.R.L.;JCAMACHO;1-SIN STOCK;0;10012704;ORING 3.5 - 29 ØINT;REPUESTOS;UND;0.0;0.0;0.17;0.25;8.4746;2.12
22;NICOVAL IMPORTACIONES E.I.R.L.;JCAMACHO;1-SIN STOCK;0;10013025;ORING 1.78 2-030 (41.00-44.56) VITON;REPUESTOS;UND;0.0;0.0;0.25;0.37;5.0847;1.9
22;NICOVAL IMPORTACIONES E.I.R.L.;RFIGUEREDO;1-SIN STOCK;0;10013117;ORING 3.53 2-216 (28.17-35.23) VITON;REPUESTOS;UND;0.0;0.0;0.25;0.37;5.0847;1.9
22;NICOVAL IMPORTACIONES E.I.R.L.;HNOLBERTO;1-SIN STOCK;0;10013865;RETEN PARA TAPA 25 X 33 X 6 DOBLE LABIO;REPUESTOS;UND;0.0;0.0;0.08;0.12;16.9492;2.12
22;NICOVAL IMPORTACIONES E.I.R.L.;RFIGUEREDO;1-SIN STOCK;0;10015507;GUIA POM 50X55X9.5;REPUESTOS;UND;0.0;0.0;0.08;0.12;16.9492;2.12
22;NICOVAL IMPORTACIONES E.I.R.L.;HNOLBERTO;1-SIN STOCK;0;10018869;RETEN LIMPIADOR 36 X 44 X 5/ 8.5;REPUESTOS;UND;0.0;0.0;0.08;0.12;16.9492;2.12
22;NICOVAL IMPORTACIONES E.I.R.L.;JCAMACHO;1-SIN STOCK;0;10019491;BUFFER DE DOS PIEZAS 22 X 29.5 X 3;REPUESTOS;UND;0.0;0.0;0.17;0.25;8.4746;2.12
22;NICOVAL IMPORTACIONES E.I.R.L.;RFIGUEREDO;1-SIN STOCK;0;10020373;ORING MM 3.00 X 102.00 NITRILO;REPUESTOS;UND;0.0;0.0;0.17;0.25;8.4746;2.12
22;NICOVAL IMPORTACIONES E.I.R.L.;RFIGUEREDO;1-SIN STOCK;0;10022800;RETEN LIMPIADOR 28 X 36 X 5;REPUESTOS;UND;0.0;0.0;0.08;0.12;16.9492;2.12
22;NICOVAL IMPORTACIONES E.I.R.L.;RFIGUEREDO;1-SIN STOCK;0;10022832;ORING 3 X 50  EN VITON;REPUESTOS;UND;0.0;0.0;0.17;0.25;8.4746;2.12
22;NICOVAL IMPORTACIONES E.I.R.L.;HNOLBERTO;1-SIN STOCK;0;10013866;RETEN LIMPIADOR 25.4 X 34.93 X 4.46 / 7.15;REPUESTOS;UND;0.0;0.0;0.08;0.12;12.7119;1.59
22;NICOVAL IMPORTACIONES E.I.R.L.;HNOLBERTO;1-SIN STOCK;0;10020414;RETEN 30 X 42 X 7;REPUESTOS;UND;0.0;0.0;0.08;0.12;8.4746;1.06
22;NICOVAL IMPORTACIONES E.I.R.L.;RFIGUEREDO;1-SIN STOCK;0;10004630;SEGURO SEEGER J30;REPUESTOS;UND;0.0;0.0;0.67;1.0;1.2712;1.27
22;NICOVAL IMPORTACIONES E.I.R.L.;RFIGUEREDO;1-SIN STOCK;0;10013110;ORING 3.53 2-208 (15.47-22.53) VITON;REPUESTOS;UND;0.0;0.0;0.25;0.37;3.3898;1.27
22;NICOVAL IMPORTACIONES E.I.R.L.;JCAMACHO;1-SIN STOCK;0;10014227;SEGURO SEEGER A-11;REPUESTOS;UND;0.0;0.0;1.0;1.5;0.4237;0.63
22;NICOVAL IMPORTACIONES E.I.R.L.;JCAMACHO;1-SIN STOCK;0;10012703;ORING 2.5 - 40 ØINT;REPUESTOS;UND;0.0;0.0;0.08;0.12;6.7797;0.85
22;NICOVAL IMPORTACIONES E.I.R.L.;RFIGUEREDO;1-SIN STOCK;0;10013024;ORING 1.78 2-029 (37.82-42.38) VITON;REPUESTOS;UND;0.0;0.0;0.67;1.0;0.8475;0.85
22;NICOVAL IMPORTACIONES E.I.R.L.;RFIGUEREDO;1-SIN STOCK;0;10013665;CUADRI ORIN MM 3 X 45 X 51 VITON;REPUESTOS;UND;0.0;0.0;0.08;0.12;6.7797;0.85
22;NICOVAL IMPORTACIONES E.I.R.L.;JCAMACHO;1-SIN STOCK;0;10014200;ORING 3 X 19;REPUESTOS;UND;0.0;0.0;0.08;0.12;6.7797;0.85
22;NICOVAL IMPORTACIONES E.I.R.L.;RFIGUEREDO;1-SIN STOCK;0;10013067;ORING 2.62 2-131 (42.52-47.76) VITON;REPUESTOS;UND;0.0;0.0;0.17;0.25;2.9661;0.74
22;NICOVAL IMPORTACIONES E.I.R.L.;JCAMACHO;1-SIN STOCK;0;10022545;ORING 3.5 X 28 Ø INT.;REPUESTOS;UND;0.0;0.0;0.08;0.12;5.9322;0.74
22;NICOVAL IMPORTACIONES E.I.R.L.;JCAMACHO;1-SIN STOCK;0;10012705;ORING 2.5 - 10 ØINT;REPUESTOS;UND;0.0;0.0;0.17;0.25;2.5424;0.64
22;NICOVAL IMPORTACIONES E.I.R.L.;RFIGUEREDO;1-SIN STOCK;0;10012272;ORING 1.78 2-011 (7.65-11.21) VITON;REPUESTOS;UND;0.0;0.0;0.25;0.37;1.2712;0.48
22;NICOVAL IMPORTACIONES E.I.R.L.;RFIGUEREDO;1-SIN STOCK;0;10013023;ORING 1.78 2-028 (34.65-38.21) VITON;REPUESTOS;UND;0.0;0.0;0.17;0.25;1.6949;0.42
22;NICOVAL IMPORTACIONES E.I.R.L.;RFIGUEREDO;1-SIN STOCK;0;10012393;ORING 3.53 2-218 (31.34-38.40) NITRILO;REPUESTOS;UND;0.0;0.0;0.08;0.12;1.2712;0.16
22;NICOVAL IMPORTACIONES E.I.R.L.;RFIGUEREDO;4-EN 30 DIAS;29;10010720;ORING 2.62 2-109 (7.59-12.83) NITRILO;REPUESTOS;UND;13.0;0.0;13.47;7.21;0.4237;3.06
23;SIBERIAN COMPANY E.I.R.L.;RFIGUEREDO;1-SIN STOCK;0;10026431;COMPRESOR MODELO: MTZ64HM4CVE MARCA DANFUSS 380 VAC GAS R404A;REPUESTOS;UND;0.0;0.0;0.08;0.12;4021.44;502.68
23;SIBERIAN COMPANY E.I.R.L.;JCAMACHO;1-SIN STOCK;0;10027371;COMPRESOR PARA AIRE ACONDICIONADO MODELO PA21OM12 - 3ETU2  MARCA  GMCC DE 24000 BTU GAS R410;REPUESTOS;UND;0.0;0.0;0.08;0.12;1709.52;213.69
23;SIBERIAN COMPANY E.I.R.L.;RFIGUEREDO;1-SIN STOCK;0;10026214;GAS REFRIGERANTE  R404A;SUMINISTROS;GL;0.0;0.0;0.25;0.37;329.0;123.05
23;SIBERIAN COMPANY E.I.R.L.;RFIGUEREDO;1-SIN STOCK;0;10011380;ACEITE ECOLOGICO;SUMINISTROS;UND;0.0;0.0;0.17;0.25;280.0;70.0
23;SIBERIAN COMPANY E.I.R.L.;RFIGUEREDO;1-SIN STOCK;0;10026414;COMPRESOR DE AIRE ACONDICIONADO MODELO PH340G2C - 3FT6  GAS R22;REPUESTOS;UND;0.0;0.0;0.08;0.12;512.0;64.0
23;SIBERIAN COMPANY E.I.R.L.;HNOLBERTO;1-SIN STOCK;0;10026401;MAP PRO (KIT COMPLETO);SUMINISTROS;UND;0.0;0.0;0.17;0.25;95.0;23.75
23;SIBERIAN COMPANY E.I.R.L.;RFIGUEREDO;1-SIN STOCK;0;10015237;ACUMULADOR DE SUCCION;REPUESTOS;UND;0.0;0.0;0.08;0.12;142.4544;17.81
23;SIBERIAN COMPANY E.I.R.L.;JCAMACHO;1-SIN STOCK;0;10027372;CONDENSADOR  55 UF +- 5% 370V - 440 VAC  50 / 60 HZ;REPUESTOS;UND;0.0;0.0;0.17;0.25;56.984;14.25
23;SIBERIAN COMPANY E.I.R.L.;JCAMACHO;1-SIN STOCK;0;10026496;CINTA DE ALUMINIO;REPUESTOS;UND;0.0;0.0;0.17;0.25;29.0;7.25
23;SIBERIAN COMPANY E.I.R.L.;RFIGUEREDO;1-SIN STOCK;0;10026484;"TUBO DE COBRE FLEXIBLE 5/16""";REPUESTOS;MT;0.0;0.0;0.08;0.12;29.0;3.62
23;SIBERIAN COMPANY E.I.R.L.;RFIGUEREDO;1-SIN STOCK;0;10011379;FILTRO DESHIDRATADOR;REPUESTOS;UND;0.0;0.0;0.08;0.12;28.9;3.61
24;YAVENGRAF SOCIEDAD ANONIMA CERRADA;HNOLBERTO;1-SIN STOCK;0;10026241;CLISSES - PLUSCOSMETICAL;MATERIALES AUXILIARES;UND;0.0;0.0;0.83;1.25;83.95;104.77
24;YAVENGRAF SOCIEDAD ANONIMA CERRADA;HNOLBERTO;1-SIN STOCK;0;10023617;CLISSES - MONTESOL;MATERIALES AUXILIARES;UND;0.0;0.0;0.33;0.5;84.1;41.97
24;YAVENGRAF SOCIEDAD ANONIMA CERRADA;HNOLBERTO;2-ESTA SEMANA;1;10023762;ETIQUETA ZF-1414000 GALON 4LT PE GRAB NAT TRANSLUCENT - SOLO UNA CARA;EMPAQUES y EMBALAJES;UND;80.0;0.0;2544.98;3737.47;0.1624;606.88
24;YAVENGRAF SOCIEDAD ANONIMA CERRADA;HNOLBERTO;5-ALCANZA EL MES;32;10025912;ETIQUETA 16-00001742 GALONERA SH ULTRALUCENT X4L - B36 V01 (POSTERIOR);EMPAQUES y EMBALAJES;UND;5200.0;0.0;4998.48;2297.72;0.1139;261.72
25;JUFRARVP S.R.LTDA.;JCAMACHO;1-SIN STOCK;0;10024931;PLACA CARB P/ FRESAR JDMT 070204R JP4120;SUMINISTROS;CJA;0.0;0.0;1.16;1.75;27.6588;48.32
25;JUFRARVP S.R.LTDA.;JCAMACHO;1-SIN STOCK;0;10010570;PLACA SOMT 12T308PERR-JM VP15TF (ACEROS);SUMINISTROS;UND;0.0;0.0;4.99;7.49;21.6874;162.33
25;JUFRARVP S.R.LTDA.;HNOLBERTO;1-SIN STOCK;0;10017257;PLACA CARB P/FRESAR ALT AVANCE BLMP0603R M-ST9020;SUMINISTROS;UND;0.0;0.0;9.15;13.72;7.4734;102.56
25;JUFRARVP S.R.LTDA.;JCAMACHO;1-SIN STOCK;0;10022500;FRESA CARBURADA PLANA 4C HMX-4E-D1.0;SUMINISTROS;UND;0.0;0.0;1.08;1.62;35.4202;57.45
25;JUFRARVP S.R.LTDA.;RFIGUEREDO;1-SIN STOCK;0;10017247;PLACA CARB P/FRESAR ALT AVANCE BLMP0904R M-TT9080;SUMINISTROS;UND;0.0;0.0;0.83;1.25;15.036;18.76
25;JUFRARVP S.R.LTDA.;JCAMACHO;1-SIN STOCK;0;10019752;FRESA CARBURADA PLANA 4C HMX-4E-D6.0;SUMINISTROS;UND;0.0;0.0;0.92;1.37;33.0706;45.37
25;JUFRARVP S.R.LTDA.;RFIGUEREDO;1-SIN STOCK;0;10014075;INSERTO VNMG160408 - MP MC6025 MITSUBISHI;SUMINISTROS;CJA;0.0;0.0;0.92;1.37;21.8104;29.92
25;JUFRARVP S.R.LTDA.;JCAMACHO;1-SIN STOCK;0;10014331;FRESA ASM07 112 S10 120KTR;SUMINISTROS;UND;0.0;0.0;0.25;0.37;129.922;48.59
25;JUFRARVP S.R.LTDA.;JCAMACHO;1-SIN STOCK;0;10016842;FRESA CARBURADA ESFERICA R 0.75;SUMINISTROS;UND;0.0;0.0;0.58;0.87;23.1496;20.21
25;JUFRARVP S.R.LTDA.;JCAMACHO;1-SIN STOCK;0;10023031;PLACA CARB P/TORNEAR-CCMT09T304-MP MC6025;SUMINISTROS;UND;0.0;0.0;1.66;2.5;15.1155;37.71
25;JUFRARVP S.R.LTDA.;RFIGUEREDO;1-SIN STOCK;0;10026437;PERNO ESPECIAL RPTO M2.5x7 J;SUMINISTROS;UND;0.0;0.0;3.24;4.87;8.1672;39.73
25;JUFRARVP S.R.LTDA.;JCAMACHO;1-SIN STOCK;0;10010574;PLACA AOMT 123608PEER H VP15TF (ACEROS);SUMINISTROS;CJA;0.0;0.0;0.08;0.12;283.6484;35.46
25;JUFRARVP S.R.LTDA.;JCAMACHO;1-SIN STOCK;0;10010778;PLACA AOMT 123604 PEER H VP15TF;SUMINISTROS;UND;0.0;0.0;0.83;1.25;28.3648;35.4
25;JUFRARVP S.R.LTDA.;RFIGUEREDO;1-SIN STOCK;0;10024929;PORTA P/FRESAR ASM07 11 S10R 2 120;SUMINISTROS;UND;0.0;0.0;0.17;0.25;127.376;31.84
25;JUFRARVP S.R.LTDA.;RFIGUEREDO;1-SIN STOCK;0;10024325;FRESA CARB ESFERICA R2.0;SUMINISTROS;UND;0.0;0.0;0.5;0.75;23.1496;17.34
25;JUFRARVP S.R.LTDA.;JCAMACHO;1-SIN STOCK;0;10010601;PLACA JOMT 080320ZZSR - JM VP15TF;SUMINISTROS;CJA;0.0;0.0;0.08;0.12;19.2973;2.41
25;JUFRARVP S.R.LTDA.;JCAMACHO;1-SIN STOCK;0;10024734;PINZA ER32 - 10MM;SUMINISTROS;UND;0.0;0.0;0.33;0.5;33.6532;16.79
25;JUFRARVP S.R.LTDA.;JCAMACHO;1-SIN STOCK;0;10014831;PLACA JOMT 06T215ZZSR JM MP6120;SUMINISTROS;CJA;0.0;0.0;0.08;0.12;19.2973;2.41
25;JUFRARVP S.R.LTDA.;JCAMACHO;1-SIN STOCK;0;10019876;REPUESTO 3008-M2.5x6;SUMINISTROS;UND;0.0;0.0;2.0;2.99;8.2477;24.69
25;JUFRARVP S.R.LTDA.;JCAMACHO;1-SIN STOCK;0;10015169;FRESA ESFERICA Ø3XR1.5;SUMINISTROS;UND;0.0;0.0;0.33;0.5;23.1496;11.55
25;JUFRARVP S.R.LTDA.;RFIGUEREDO;1-SIN STOCK;0;10019766;PLACA DE ALTO AVANCE  JOMT06T215ZZSR-JM  VP15TF;SUMINISTROS;CJA;0.0;0.0;0.08;0.12;180.624;22.58
25;JUFRARVP S.R.LTDA.;RFIGUEREDO;1-SIN STOCK;0;10024662;DCMT070208-MV MC6025 - MITSUBISHI;SUMINISTROS;UND;0.0;0.0;0.83;1.25;15.156;18.91
25;JUFRARVP S.R.LTDA.;JCAMACHO;1-SIN STOCK;0;10015470;PINZA ER16-6MM;SUMINISTROS;UND;0.0;0.0;0.33;0.5;21.2908;10.62
25;JUFRARVP S.R.LTDA.;JCAMACHO;1-SIN STOCK;0;10023920;PINZA ER32 - 8MM;SUMINISTROS;UND;0.0;0.0;0.33;0.5;33.6532;16.79
25;JUFRARVP S.R.LTDA.;RFIGUEREDO;1-SIN STOCK;0;10020877;FRESA ESFERICA PM-2B - R 0.75 - ZCC;SUMINISTROS;UND;0.0;0.0;0.17;0.25;25.482;6.37
25;JUFRARVP S.R.LTDA.;JCAMACHO;1-SIN STOCK;0;10008498;FRESA ESFERICA DE 6MM;SUMINISTROS;UND;0.0;0.0;0.17;0.25;37.9528;9.49
25;JUFRARVP S.R.LTDA.;RFIGUEREDO;1-SIN STOCK;0;10017562;TORNILLO I60M3.5x10;SUMINISTROS;UND;0.0;0.0;1.0;1.5;8.2134;12.3
25;JUFRARVP S.R.LTDA.;RFIGUEREDO;1-SIN STOCK;0;10025762;PERNO ESPECIAL TORX 1.8;SUMINISTROS;UND;0.0;0.0;1.0;1.5;7.098;10.63
25;JUFRARVP S.R.LTDA.;JCAMACHO;1-SIN STOCK;0;10023922;PINZA ER32 - 12MM;SUMINISTROS;UND;0.0;0.0;0.17;0.25;33.6532;8.41
25;JUFRARVP S.R.LTDA.;JCAMACHO;1-SIN STOCK;0;10016830;PINZA ER16-10MM;SUMINISTROS;UND;0.0;0.0;0.17;0.25;22.7331;5.68
25;JUFRARVP S.R.LTDA.;JCAMACHO;5-ALCANZA EL MES;41;10024120;PLACA BNMX 0603R M ST9020;SUMINISTROS;CJA;40.0;0.0;29.86;4.79;12.7718;61.14
26;METAL MECANICA PULAN S.A.C;RFIGUEREDO;1-SIN STOCK;0;10022939;COCHE TRANSPORTADOR PARA CILINDRO DE Ø64 cm;REPUESTOS;UND;0.0;0.0;0.83;1.25;777.63;970.48
27;TIENDAS DEL MEJORAMIENTO DEL HOGAR SA;HNOLBERTO;1-SIN STOCK;0;10026456;ASPIRADORA INDUSTRIAL 30L 1400W - UBERMAN;SUMINISTROS;UND;0.0;0.0;0.17;0.25;423.6441;105.91
27;TIENDAS DEL MEJORAMIENTO DEL HOGAR SA;JCAMACHO;1-SIN STOCK;0;10024808;AYUDIN LIQUIDO LIMON TAMAÑO 2.6 L;SUMINISTROS;UND;0.0;0.0;0.92;1.37;25.339;34.77
27;TIENDAS DEL MEJORAMIENTO DEL HOGAR SA;RFIGUEREDO;1-SIN STOCK;0;10023135;URINARIO  DE LOZA;SUMINISTROS;UND;0.0;0.0;0.17;0.25;175.33;43.83
27;TIENDAS DEL MEJORAMIENTO DEL HOGAR SA;RFIGUEREDO;1-SIN STOCK;0;10024881;CABLE TIPO GPT N°12 AWG INDECO VERDE AMARILLO PARA TIERRA;REPUESTOS;RLL;0.0;0.0;0.08;0.12;194.0678;24.26
27;TIENDAS DEL MEJORAMIENTO DEL HOGAR SA;JCAMACHO;1-SIN STOCK;0;10013459;GRABADOR MULTIPRO 3000 DREMEL;SUMINISTROS;UND;0.0;0.0;0.08;0.12;254.1525;31.77
27;TIENDAS DEL MEJORAMIENTO DEL HOGAR SA;JCAMACHO;1-SIN STOCK;0;10008775;PAVILO;SUMINISTROS;UND;0.0;0.0;1.08;1.62;4.1525;6.74
27;TIENDAS DEL MEJORAMIENTO DEL HOGAR SA;JCAMACHO;1-SIN STOCK;0;10008774;ACCESORIO PARA TANQUE DE INODORO;GASTOS ADMINISTRATIVOS;UND;0.0;0.0;0.33;0.5;39.75;19.84
27;TIENDAS DEL MEJORAMIENTO DEL HOGAR SA;RFIGUEREDO;1-SIN STOCK;0;10025751;BOLSAS DE PEGAMENTO EXTRAFORTE PARA ENCHAPE;SUMINISTROS;UND;0.0;0.0;0.42;0.62;28.7195;17.92
27;TIENDAS DEL MEJORAMIENTO DEL HOGAR SA;RFIGUEREDO;1-SIN STOCK;0;10009912;FRAGUA 1 KG;SUMINISTROS;UND;0.0;0.0;0.83;1.25;6.77;8.45
27;TIENDAS DEL MEJORAMIENTO DEL HOGAR SA;JCAMACHO;1-SIN STOCK;0;10004810;WINCHA 5 MTS;SUMINISTROS;UND;0.0;0.0;0.42;0.62;4.1525;2.59
27;TIENDAS DEL MEJORAMIENTO DEL HOGAR SA;RFIGUEREDO;1-SIN STOCK;0;10009910;PERFIL 8MM 2.1M RODOPLAST;SUMINISTROS;UND;0.0;0.0;0.58;0.87;5.84;5.1
27;TIENDAS DEL MEJORAMIENTO DEL HOGAR SA;RFIGUEREDO;1-SIN STOCK;0;10026624;ORGANIZADOR  2 NIVELES BAUKER;SUMINISTROS;UND;0.0;0.0;0.08;0.12;78.8136;9.85
27;TIENDAS DEL MEJORAMIENTO DEL HOGAR SA;HNOLBERTO;1-SIN STOCK;0;10027257;DETERGENTE LÍQUIDO FACIAL AROMA FLORAL 4L;SUMINISTROS;UND;0.0;0.0;0.17;0.25;29.5763;7.39
27;TIENDAS DEL MEJORAMIENTO DEL HOGAR SA;RFIGUEREDO;1-SIN STOCK;0;10014324;"VISAGRA 1/4"" ANCHO  1 1/2"" LARGO     MATERIAL FIERRO NEGRO";REPUESTOS;UND;0.0;0.0;0.25;0.37;8.4181;3.15
27;TIENDAS DEL MEJORAMIENTO DEL HOGAR SA;HNOLBERTO;1-SIN STOCK;0;10026361;ADOQUIN RECTANGULAR KONCRETO NATURAL 10X12;SUMINISTROS;UND;0.0;0.0;1.0;1.5;1.2712;1.9
27;TIENDAS DEL MEJORAMIENTO DEL HOGAR SA;HNOLBERTO;1-SIN STOCK;0;10026348;"CINTA MASKING TAPE 3/4""";EMPAQUES y EMBALAJES;UND;0.0;0.0;0.08;0.12;10.9322;1.37
27;TIENDAS DEL MEJORAMIENTO DEL HOGAR SA;RFIGUEREDO;1-SIN STOCK;0;10020630;ESCOBILLON DE MANO;SUMINISTROS;UND;0.0;0.0;0.08;0.12;9.77;1.22
27;TIENDAS DEL MEJORAMIENTO DEL HOGAR SA;JCAMACHO;5-ALCANZA EL MES;40;10004652;SOLDADURA 1/8 CELLOCOR 6011;SUMINISTROS;KG;1.5;1.0;1.91;0.37;12.6271;4.66
27;TIENDAS DEL MEJORAMIENTO DEL HOGAR SA;JCAMACHO;5-ALCANZA EL MES;41;10015484;ADAPTADOR DE PVC;REPUESTOS;UND;1.0;0.0;0.75;0.12;0.5975;0.07
27;TIENDAS DEL MEJORAMIENTO DEL HOGAR SA;JCAMACHO;5-ALCANZA EL MES;42;10003808;STRECH FILM  PRE - ESTIRADO;EMPAQUES y EMBALAJES;UND;42.0;456.0;356.8;37.2;16.0169;595.75
28;SOLES RAMIREZ RAFAEL DANIEL;JCAMACHO;1-SIN STOCK;0;10015804;BROCA DE CENTRAR DE 3.15MM;SUMINISTROS;UND;0.0;0.0;2.08;3.12;31.2108;97.35
28;SOLES RAMIREZ RAFAEL DANIEL;JCAMACHO;1-SIN STOCK;0;10021431;BROCA DE 10MM;SUMINISTROS;UND;0.0;0.0;0.75;1.12;24.3506;27.35
28;SOLES RAMIREZ RAFAEL DANIEL;JCAMACHO;1-SIN STOCK;0;10024474;BROCA DE 11MM;SUMINISTROS;UND;0.0;0.0;0.58;0.87;45.5752;39.79
28;SOLES RAMIREZ RAFAEL DANIEL;JCAMACHO;1-SIN STOCK;0;10023627;BROCA DE 11.5MM;SUMINISTROS;UND;0.0;0.0;0.25;0.37;53.002;19.82
28;SOLES RAMIREZ RAFAEL DANIEL;JCAMACHO;1-SIN STOCK;0;10015230;BROCA 6MM;SUMINISTROS;UND;0.0;0.0;0.67;1.0;9.1044;9.09
28;SOLES RAMIREZ RAFAEL DANIEL;JCAMACHO;1-SIN STOCK;0;10021429;BROCA DE 7MM;SUMINISTROS;UND;0.0;0.0;0.58;0.87;12.9033;11.26
28;SOLES RAMIREZ RAFAEL DANIEL;RFIGUEREDO;1-SIN STOCK;0;10021927;BROCA DE 2.5mm;SUMINISTROS;UND;0.0;0.0;0.33;0.5;4.3797;2.19
28;SOLES RAMIREZ RAFAEL DANIEL;RFIGUEREDO;1-SIN STOCK;0;10020703;BROCA DE 2.0 mm;SUMINISTROS;UND;0.0;0.0;0.25;0.37;5.3904;2.02
28;SOLES RAMIREZ RAFAEL DANIEL;JCAMACHO;4-EN 30 DIAS;19;10020701;BROCA DE 8 mm;SUMINISTROS;UND;1.0;0.0;1.58;1.37;16.0367;21.97
28;SOLES RAMIREZ RAFAEL DANIEL;HEBER;4-EN 30 DIAS;26;10017730;GRASA LIQUIDA HAAS CON P/N 93-3168;SUMINISTROS;UND;1.0;0.0;1.16;0.75;830.3;620.23
29;INDUSTRIAS MANRIQUE S.A.C.;JCAMACHO;1-SIN STOCK;0;10013812;ZAPATO SEGURIDAD IND. T:40;SUMINISTROS;PAR;0.0;0.0;2.66;3.99;70.46;281.28
29;INDUSTRIAS MANRIQUE S.A.C.;JCAMACHO;1-SIN STOCK;0;10013811;ZAPATO SEGURIDAD IND. T:39;SUMINISTROS;PAR;0.0;0.0;1.75;2.62;70.46;184.61
29;INDUSTRIAS MANRIQUE S.A.C.;JCAMACHO;1-SIN STOCK;0;10013810;ZAPATO SEGURIDAD IND. T:38;SUMINISTROS;PAR;0.0;0.0;0.92;1.37;70.46;96.67
29;INDUSTRIAS MANRIQUE S.A.C.;JCAMACHO;1-SIN STOCK;0;10022252;ZAPATO SEGURIDAD IND. T:44;SUMINISTROS;UND;0.0;0.0;0.67;1.0;70.46;70.32
29;INDUSTRIAS MANRIQUE S.A.C.;JCAMACHO;4-EN 30 DIAS;23;10013809;ZAPATO SEGURIDAD IND. T:37;SUMINISTROS;PAR;0.0;1.0;1.33;1.0;70.46;70.18
29;INDUSTRIAS MANRIQUE S.A.C.;JCAMACHO;4-EN 30 DIAS;23;10013814;ZAPATO SEGURIDAD IND. T:42;SUMINISTROS;PAR;0.0;2.0;2.66;1.99;70.46;140.36
30;A & S AUTOMATIZACION INDUSTRIAL S.A.C;RFIGUEREDO;1-SIN STOCK;0;10024300;TARJETA INTERFASE 24VDC  ENTRADA NPN/NPN  SALIDAS PNP X16;REPUESTOS;UND;0.0;0.0;0.42;0.62;402.22;250.99
30;A & S AUTOMATIZACION INDUSTRIAL S.A.C;RFIGUEREDO;1-SIN STOCK;0;10025675;PANTALLA FATEK MODELO P2101NA;REPUESTOS;UND;0.0;0.0;0.08;0.12;1997.58;249.7
30;A & S AUTOMATIZACION INDUSTRIAL S.A.C;RFIGUEREDO;1-SIN STOCK;0;10004251;MODULO  FATEK FBS 24YT;REPUESTOS;UND;0.0;0.0;0.17;0.25;440.28;110.07
30;A & S AUTOMATIZACION INDUSTRIAL S.A.C;RFIGUEREDO;1-SIN STOCK;0;10007478;MODULO FATEK FBS-24YJ;REPUESTOS;UND;0.0;0.0;0.08;0.12;451.0;56.38
30;A & S AUTOMATIZACION INDUSTRIAL S.A.C;RFIGUEREDO;1-SIN STOCK;0;10007477;MODULO FATEK FBS-24X;REPUESTOS;UND;0.0;0.0;0.08;0.12;433.5;54.19
30;A & S AUTOMATIZACION INDUSTRIAL S.A.C;JCAMACHO;1-SIN STOCK;0;10008686;MODULO DE COMUNICACION FATEK;SUMINISTROS;UND;0.0;0.0;0.08;0.12;323.19;40.4
30;A & S AUTOMATIZACION INDUSTRIAL S.A.C;RFIGUEREDO;1-SIN STOCK;0;10017397;CABLE DE CONEXION HD30-22AWG-200;REPUESTOS;UND;0.0;0.0;0.08;0.12;220.025;27.5
30;A & S AUTOMATIZACION INDUSTRIAL S.A.C;RFIGUEREDO;1-SIN STOCK;0;10007480;MODULO FATEK FBS-CBES ETHERNET;REPUESTOS;UND;0.0;0.0;0.08;0.12;219.7;27.46
30;A & S AUTOMATIZACION INDUSTRIAL S.A.C;JCAMACHO;1-SIN STOCK;0;10019230;CABLE DE PROGRAMCION PARA PLC FATEK USB - RS232;REPUESTOS;UND;0.0;0.0;0.08;0.12;153.09;19.14
31;KAESER COMPRESORES DEL PERU SRL;JCAMACHO;1-SIN STOCK;0;10018831;KIT DE DESGASTE ECO DRAIN 13/13CO NRO PARTE: 8.2454.0;REPUESTOS;UND;0.0;0.0;0.33;0.5;593.296;296.05
31;KAESER COMPRESORES DEL PERU SRL;JCAMACHO;1-SIN STOCK;0;10026840;ECO-DRAIN 12 95-240VAC-COMPLETO;REPUESTOS;UND;0.0;0.0;0.08;0.12;2593.006;324.13
31;KAESER COMPRESORES DEL PERU SRL;RFIGUEREDO;1-SIN STOCK;0;10026046;DRENAJE PARA FILTRO - KAESER - MOD/ECODRAIN32;REPUESTOS;UND;0.0;0.0;0.08;0.12;1162.995;145.37
31;KAESER COMPRESORES DEL PERU SRL;RFIGUEREDO;1-SIN STOCK;0;10018008;KIT DE DESGASTE ECO-DR.12/12CO NRO. PARTE: 8.2449.0;REPUESTOS;UND;0.0;0.0;0.08;0.12;556.215;69.53
32;MATSAN INDUSTRIAL E.I.R.L.;JCAMACHO;1-SIN STOCK;0;10025130;PISTON NEUMATICO DE DOBLE EFECTO Ø 20 X 50 MM  MARCA MICRO MODELO MD8;REPUESTOS;UND;0.0;0.0;0.67;1.0;265.0;264.47
32;MATSAN INDUSTRIAL E.I.R.L.;RFIGUEREDO;1-SIN STOCK;0;10013399;PISTON NEUMATICO;REPUESTOS;UND;0.0;0.0;0.33;0.5;182.2;90.92
32;MATSAN INDUSTRIAL E.I.R.L.;RFIGUEREDO;1-SIN STOCK;0;10026246;VENTOSACON FUELLE SPB2 20 ED-65 G1/8-AG  MARCA SCHMALZ;REPUESTOS;UND;0.0;0.0;0.33;0.5;217.88;108.72
32;MATSAN INDUSTRIAL E.I.R.L.;RFIGUEREDO;1-SIN STOCK;0;10014620;PISTON SDA 32X 10 PRESSURE 0.1 - 0.9 MPA;REPUESTOS;UND;0.0;0.0;0.42;0.62;167.95;104.8
32;MATSAN INDUSTRIAL E.I.R.L.;HNOLBERTO;1-SIN STOCK;0;10008655;PISTON NEUMATICO 25X100;REPUESTOS;PZ;0.0;0.0;0.17;0.25;280.0;70.0
32;MATSAN INDUSTRIAL E.I.R.L.;RFIGUEREDO;1-SIN STOCK;0;10004520;PISTON;REPUESTOS;UND;0.0;0.0;0.17;0.25;258.643;64.66
32;MATSAN INDUSTRIAL E.I.R.L.;JCAMACHO;1-SIN STOCK;0;10018576;PISTON NEUMATICO DOBLE EFECTO 50 X 110 MM;REPUESTOS;UND;0.0;0.0;0.08;0.12;491.55;61.44
32;MATSAN INDUSTRIAL E.I.R.L.;HNOLBERTO;1-SIN STOCK;0;10025409;CILINDRO COMPACTO DE 32MM EMB X 10MM CARR.PRESIÓN MÁX. 10BAR (145PSI) MARCA MICRO(DISTANCIA DE 32MM);REPUESTOS;UND;0.0;0.0;0.08;0.12;265.0;33.12
32;MATSAN INDUSTRIAL E.I.R.L.;HNOLBERTO;1-SIN STOCK;0;10025408;CILINDRO COMPACTO  DE 32MM EMB. X 10MMR 2EF C/IO PRESIÓN MÁX. 10BAR (145PSI) MARCA MICRO;REPUESTOS;UND;0.0;0.0;0.08;0.12;210.0;26.25
33;MVM METAL IMPORT EIRL;JCAMACHO;1-SIN STOCK;0;10007931;JUEGO DE MACHO M8 X 1.25 MARCA URANGA;SUMINISTROS;JGO;0.0;0.0;1.33;2.0;93.7728;187.17
33;MVM METAL IMPORT EIRL;JCAMACHO;1-SIN STOCK;0;10003781;JUEGO DE MACHO M10;SUMINISTROS;JGO;0.0;0.0;0.92;1.37;127.0836;174.36
33;MVM METAL IMPORT EIRL;JCAMACHO;1-SIN STOCK;0;10013577;JUEGO DE MACHO M12;SUMINISTROS;UND;0.0;0.0;0.5;0.75;160.2048;119.99
33;MVM METAL IMPORT EIRL;JCAMACHO;1-SIN STOCK;0;10014586;JUEGO DE MACHO DE 1/2;SUMINISTROS;JGO;0.0;0.0;0.25;0.37;194.672;72.81
33;MVM METAL IMPORT EIRL;JCAMACHO;1-SIN STOCK;0;10003988;JUEGO DE MACHO M5;SUMINISTROS;UND;0.0;0.0;0.5;0.75;67.4082;50.49
33;MVM METAL IMPORT EIRL;HNOLBERTO;1-SIN STOCK;0;10009896;MACHO 1/8 NPT;SUMINISTROS;UND;0.0;0.0;0.42;0.62;81.7596;51.02
33;MVM METAL IMPORT EIRL;JCAMACHO;1-SIN STOCK;0;10007933;"JUEGO DE MACHO 3/8""";SUMINISTROS;JGO;0.0;0.0;0.25;0.37;121.032;45.27
33;MVM METAL IMPORT EIRL;HNOLBERTO;1-SIN STOCK;0;10009914;MACHO DE 12MM;SUMINISTROS;UND;0.0;0.0;0.08;0.12;232.767;29.1
33;MVM METAL IMPORT EIRL;RFIGUEREDO;1-SIN STOCK;0;10015602;JUEGO DE MACHO M3;SUMINISTROS;UND;0.0;0.0;0.08;0.12;137.9101;17.24
33;MVM METAL IMPORT EIRL;JCAMACHO;1-SIN STOCK;0;10026982;FRESA WOODRUFF EN  T  13.5X4X56 HSSCO 320005 ZPS;SUMINISTROS;UND;0.0;0.0;0.08;0.12;131.6193;16.45
33;MVM METAL IMPORT EIRL;RFIGUEREDO;1-SIN STOCK;0;10021040;MACHO 1/4 BSP;SUMINISTROS;UND;0.0;0.0;0.08;0.12;115.2198;14.4
33;MVM METAL IMPORT EIRL;RFIGUEREDO;1-SIN STOCK;0;10010908;CUCHILLA PANTOGRAFO CARBURADA K10 6 X 100 MM;SUMINISTROS;UND;0.0;0.0;0.17;0.25;44.4708;11.12
33;MVM METAL IMPORT EIRL;RFIGUEREDO;1-SIN STOCK;0;10019758;CUCHILLA PANTOGRAFO CARBURADA K20 8 X 100MM;SUMINISTROS;UND;0.0;0.0;0.08;0.12;77.4835;9.69
33;MVM METAL IMPORT EIRL;HNOLBERTO;1-SIN STOCK;0;10010540;BROCA DE 0.8 DORMER;SUMINISTROS;UND;0.0;0.0;0.42;0.62;12.7348;7.95
34;FESEPSA;JCAMACHO;1-SIN STOCK;0;10022758;RELOJ PALPADOR 0.08X0.01MM #513-415-10A;SUMINISTROS;UND;0.0;0.0;0.33;0.5;676.4786;337.56
34;FESEPSA;RFIGUEREDO;1-SIN STOCK;0;10025574;"CALIBRADOR DIGITAL 8"" MARCA MITUTOYO CON SALIDA DE DATOS";SUMINISTROS;UND;0.0;0.0;0.08;0.12;1208.2583;151.03
34;FESEPSA;HNOLBERTO;1-SIN STOCK;0;10025452;TRANSMISOR INALAMBRICO U-WAVE TCB / TIPO BUZZER;SUMINISTROS;UND;0.0;0.0;0.08;0.12;1009.2235;126.15
34;FESEPSA;RFIGUEREDO;1-SIN STOCK;0;10007983;"CALIBRADOR DIGITAL 8""  MARCA MITUTOYO";SUMINISTROS;UND;0.0;0.0;0.08;0.12;809.783;101.22
34;FESEPSA;HNOLBERTO;1-SIN STOCK;0;10025451;UNIDAD DE CONEXION ESPECIAL U WAVE;SUMINISTROS;UND;0.0;0.0;0.08;0.12;375.5332;46.94
34;FESEPSA;RFIGUEREDO;1-SIN STOCK;0;10014058;PUNTA PARA RELOJ PALPADOR  (#136013 - Ø2) - MITUTOYO;SUMINISTROS;UND;0.0;0.0;0.25;0.37;27.04;10.11
34;FESEPSA;HNOLBERTO;1-SIN STOCK;0;10025502;PALANCA PARA RELOJ COMPARADOR TIPO S;SUMINISTROS;UND;0.0;0.0;0.08;0.12;18.4924;2.31
35;IMPORTACION, FABRICACION DE VENTILACION JC S.A.C.;RFIGUEREDO;1-SIN STOCK;0;10026334;INYECTOR DE AIRE DOBLE ENTRADA MODELO GAVINETE DE 5.5 HP;SUMINISTROS;UND;0.0;0.0;0.17;0.25;2966.1017;741.53
36;RENTAL FLEET CAR SAC;JCAMACHO;2-ESTA SEMANA;6;10007488;"DISCO DE CORTE DESBASTE DE 4 1/2 """;SUMINISTROS;UND;1.0;0.0;4.74;6.11;5.29;32.33
36;RENTAL FLEET CAR SAC;HEBER;4-EN 30 DIAS;15;10020633;GRASA ALHENA 2 EP - QUAKER 4.5 KG;SUMINISTROS;UND;1.0;0.0;2.0;1.99;239.554;477.67
36;RENTAL FLEET CAR SAC;HEBER;4-EN 30 DIAS;15;10013999;DISCO DE CORTE DIAMETRO 355MM X INTERIOR 25.4MM X ESPESOR 3MM;REPUESTOS;UND;1.0;0.0;2.0;1.99;21.6;43.07
37;SUMINISTROS Y DISTRIBUIDORA ANDINA SOCIEDAD ANONIMA CERRADA;JCAMACHO;3-EN 15 DIAS;8;10003797;MOLYKOTE PASTA HT1200 AEROSOL INTERFLON;SUMINISTROS;UND;1.0;0.0;3.83;4.74;116.4014;551.63
38;NEWTECH TRADING SOCIEDAD ANONIMA CERRADA;HNOLBERTO;1-SIN STOCK;0;10024130;MOTOR DE 2HP 220 VAC;REPUESTOS;UND;0.0;0.0;0.08;0.12;2315.94;289.49
38;NEWTECH TRADING SOCIEDAD ANONIMA CERRADA;HNOLBERTO;1-SIN STOCK;0;10010801;HELICE PARA TORRE DE 60 TON;REPUESTOS;UND;0.0;0.0;0.08;0.12;1929.95;241.24
39;RODAMIENTOS SALAS S.R.L;HNOLBERTO;1-SIN STOCK;0;10020402;RODAMIENTO RIGIDO DE BOLAS 6000 2RS/C3;REPUESTOS;UND;0.0;0.0;4.49;6.74;9.7593;65.75
39;RODAMIENTOS SALAS S.R.L;RFIGUEREDO;1-SIN STOCK;0;10011003;EJE DE LEVA KR35 PPA SKF O FAG;REPUESTOS;UND;0.0;0.0;0.33;0.5;176.0607;87.85
39;RODAMIENTOS SALAS S.R.L;JCAMACHO;1-SIN STOCK;0;10004610;RODAMIENTO 6310 2RS1/C3;REPUESTOS;UND;0.0;0.0;0.33;0.5;95.8839;47.85
39;RODAMIENTOS SALAS S.R.L;HNOLBERTO;1-SIN STOCK;0;10027193;RODAMIENTO  STB 6017ZZ;REPUESTOS;UND;0.0;0.0;0.17;0.25;202.5426;50.64
39;RODAMIENTOS SALAS S.R.L;RFIGUEREDO;1-SIN STOCK;0;10011056;EJE DE LEVA KR30C SKF O FAG;REPUESTOS;UND;0.0;0.0;0.17;0.25;154.6529;38.66
39;RODAMIENTOS SALAS S.R.L;HNOLBERTO;1-SIN STOCK;0;10026123;SEGURO SEEGER J-26 (26mm x 1.2mm);REPUESTOS;UND;0.0;0.0;2.5;3.74;3.1574;11.82
39;RODAMIENTOS SALAS S.R.L;RFIGUEREDO;1-SIN STOCK;0;10013151;ORING 3.53 2-257 (148.82-155.88) VITON;REPUESTOS;UND;0.0;0.0;0.25;0.37;47.3397;17.71
39;RODAMIENTOS SALAS S.R.L;JCAMACHO;1-SIN STOCK;0;10018122;RODAMIENTO 638 LUAX;REPUESTOS;UND;0.0;0.0;0.33;0.5;22.1988;11.08
39;RODAMIENTOS SALAS S.R.L;JCAMACHO;1-SIN STOCK;0;10004589;RODAJE 6208-2Z/C3;REPUESTOS;UND;0.0;0.0;0.33;0.5;24.6213;12.29
39;RODAMIENTOS SALAS S.R.L;HNOLBERTO;1-SIN STOCK;0;10027068;FAJA B - 40;REPUESTOS;UND;0.0;0.0;0.25;0.37;22.1849;8.3
39;RODAMIENTOS SALAS S.R.L;HNOLBERTO;1-SIN STOCK;0;10027191;RODAMIENTO 62202 - 2RS / C3;REPUESTOS;UND;0.0;0.0;0.17;0.25;37.5957;9.4
39;RODAMIENTOS SALAS S.R.L;HNOLBERTO;1-SIN STOCK;0;10027192;RODAMIENTO 540733CA;REPUESTOS;UND;0.0;0.0;0.08;0.12;66.5545;8.32
39;RODAMIENTOS SALAS S.R.L;JCAMACHO;1-SIN STOCK;0;10011890;ARANDELA ONDULADA;SUMINISTROS;UND;0.0;0.0;0.17;0.25;14.7533;3.69
39;RODAMIENTOS SALAS S.R.L;JCAMACHO;1-SIN STOCK;0;10018885;RETEN RADIAL 20 X 35 X 7;REPUESTOS;UND;0.0;0.0;0.25;0.37;8.1401;3.04
39;RODAMIENTOS SALAS S.R.L;HNOLBERTO;1-SIN STOCK;0;10027067;FAJA A - 28;REPUESTOS;UND;0.0;0.0;0.17;0.25;13.4803;3.37
39;RODAMIENTOS SALAS S.R.L;HNOLBERTO;1-SIN STOCK;0;10027197;ANILLO SEEGER J - 130;REPUESTOS;UND;0.0;0.0;0.17;0.25;22.5574;5.64
39;RODAMIENTOS SALAS S.R.L;HNOLBERTO;1-SIN STOCK;0;10005651;FAJA A - 29;REPUESTOS;UND;0.0;0.0;0.17;0.25;13.4803;3.37
39;RODAMIENTOS SALAS S.R.L;JCAMACHO;1-SIN STOCK;0;10012175;RETEN RADIAL 95 - 120 - 12;REPUESTOS;UND;0.0;0.0;0.17;0.25;19.3912;4.85
39;RODAMIENTOS SALAS S.R.L;JCAMACHO;1-SIN STOCK;0;10021783;RODAJE 6000-2RSH / C3;REPUESTOS;UND;0.0;0.0;0.25;0.37;10.1129;3.78
39;RODAMIENTOS SALAS S.R.L;JCAMACHO;1-SIN STOCK;0;10020362;RETEN RADIAL 42 X 30 X 7;REPUESTOS;UND;0.0;0.0;0.17;0.25;7.3656;1.84
39;RODAMIENTOS SALAS S.R.L;JCAMACHO;1-SIN STOCK;0;10004598;RODAMIENTO DE BOLA 6205 LU;REPUESTOS;UND;0.0;0.0;0.08;0.12;15.903;1.99
39;RODAMIENTOS SALAS S.R.L;HNOLBERTO;1-SIN STOCK;0;10027199;FAJA A - 48;REPUESTOS;UND;0.0;0.0;0.08;0.12;15.6479;1.96
39;RODAMIENTOS SALAS S.R.L;HNOLBERTO;1-SIN STOCK;0;10027194;RODAMIENTO PS04 - 6205ZZ;REPUESTOS;UND;0.0;0.0;0.08;0.12;14.2254;1.78
39;RODAMIENTOS SALAS S.R.L;HNOLBERTO;1-SIN STOCK;0;10027198;ANILLO SEEGER A - 85;REPUESTOS;UND;0.0;0.0;0.08;0.12;7.1804;0.9
39;RODAMIENTOS SALAS S.R.L;JCAMACHO;1-SIN STOCK;0;10012287;RETEN RADIAL 50 X 70 X 10;REPUESTOS;UND;0.0;0.0;0.08;0.12;3.4686;0.43
39;RODAMIENTOS SALAS S.R.L;HNOLBERTO;4-EN 30 DIAS;19;10015429;RODAMIENTO 6002 2RS C3;REPUESTOS;UND;2.0;6.0;12.81;11.21;10.3334;115.86
40;INVERSIONES REYNIX S.A.C.;JCAMACHO;1-SIN STOCK;0;10016656;GUANTES;SUMINISTROS;PAR;0.0;0.0;223.73;335.59;1.5;503.38
41;GRUPO ALCA COMPANY S.A.C.;JCAMACHO;1-SIN STOCK;0;10014787;GUANTES DE NITRILO ANSELL HYFLEX 11-840;SUMINISTROS;PAR;0.0;0.0;14.55;21.83;10.8;235.79
41;GRUPO ALCA COMPANY S.A.C.;JCAMACHO;1-SIN STOCK;0;10026755;GUANTE DE PROTECCIÓN NITRILO ORIGINAL SPANDEX AC-840 ALLSAFE;SUMINISTROS;PAR;0.0;0.0;5.91;8.86;11.2;99.21
41;GRUPO ALCA COMPANY S.A.C.;RFIGUEREDO;1-SIN STOCK;0;10026022;HYFLEX 70-118 MANGA DE PUNTO DE KEVLAR DE CALIBRE 24;SUMINISTROS;UND;0.0;0.0;0.58;0.87;37.0;32.3
41;GRUPO ALCA COMPANY S.A.C.;RFIGUEREDO;1-SIN STOCK;0;10015811;GUANTES AISLANTES 00-500V;SUMINISTROS;PAR;0.0;0.0;0.08;0.12;139.6;17.45
41;GRUPO ALCA COMPANY S.A.C.;JCAMACHO;1-SIN STOCK;0;10025061;GUANTE GRASAS Y ACEITE G40 KIMBERLY KLARK;SUMINISTROS;PAR;0.0;0.0;0.42;0.62;7.6;4.74
41;GRUPO ALCA COMPANY S.A.C.;RFIGUEREDO;1-SIN STOCK;0;10017612;GORRO DE SOLDADOR (CHAVO);SUMINISTROS;UND;0.0;0.0;0.17;0.25;17.0;4.25
41;GRUPO ALCA COMPANY S.A.C.;RFIGUEREDO;1-SIN STOCK;0;10026351;CUBRENUCA;SUMINISTROS;UND;0.0;0.0;0.25;0.37;6.5;2.43
41;GRUPO ALCA COMPANY S.A.C.;RFIGUEREDO;1-SIN STOCK;0;10013765;GUANTE CUERO BADANA USO GENERAL PUÑO CORTO;SUMINISTROS;PAR;0.0;0.0;0.17;0.25;5.2;1.3
41;GRUPO ALCA COMPANY S.A.C.;RFIGUEREDO;1-SIN STOCK;0;10005063;GUANTE ANTICORTE CUT 5;SUMINISTROS;UND;0.0;0.0;0.08;0.12;9.5;1.19
41;GRUPO ALCA COMPANY S.A.C.;JCAMACHO;3-EN 15 DIAS;14;10025413;MANGA DE HILO ANTICORTE COVERGUARD;SUMINISTROS;UND;1.0;0.0;2.25;2.37;16.5;39.07
41;GRUPO ALCA COMPANY S.A.C.;JCAMACHO;4-EN 30 DIAS;19;10006631;TAPON AUDITIVO;SUMINISTROS;UND;8.0;20.0;44.33;38.49;0.5;19.25
41;GRUPO ALCA COMPANY S.A.C.;JCAMACHO;4-EN 30 DIAS;27;10017058;LENTES DE SEGURIDAD HC WARRIOR -S10 LUNA CLARA;SUMINISTROS;UND;5.0;0.0;5.74;3.61;2.3;8.3
42;CORPORACION ACIATEC PERU S.A.C.;HNOLBERTO;1-SIN STOCK;0;10014534;CHUMACERA DE PISO;REPUESTOS;UND;0.0;0.0;0.5;0.75;286.0;214.21
42;CORPORACION ACIATEC PERU S.A.C.;RFIGUEREDO;1-SIN STOCK;0;10025577;"BOMBA AGUA TRIFASICO 220V - 5HP - CONEXION SUCCION 2""X2""";REPUESTOS;UND;0.0;0.0;0.08;0.12;1850.0;231.25
43;PROMAK PERU SAC;JCAMACHO;1-SIN STOCK;0;10010747;DIELECTRICO - REFRIGERANTE PARA ELECTROEROSIONADORA (CILINDRO X 55 GALONES);SUMINISTROS;UND;0.0;0.0;0.08;0.12;3430.97;428.87
44;UMP DE PERU SOCIEDAD ANONIMA CERRADA;RFIGUEREDO;1-SIN STOCK;0;10023326;GRASA MOVIL XHP 322 CON NP 99 - 1792;SUMINISTROS;UND;0.0;0.0;0.08;0.12;1317.84;164.73
44;UMP DE PERU SOCIEDAD ANONIMA CERRADA;RFIGUEREDO;1-SIN STOCK;0;10025142;ACEITE MOBIL SHC 625 CON NP 93-4575 (1 GL);SUMINISTROS;UND;0.0;0.0;0.08;0.12;1023.06;127.88
44;UMP DE PERU SOCIEDAD ANONIMA CERRADA;RFIGUEREDO;1-SIN STOCK;0;10023328;ACEITE PARA GUIAS LINEALES CON NP 93 - 3584;SUMINISTROS;UND;0.0;0.0;0.08;0.12;1023.06;127.88
45;FOREST - ELECTROMECHANIC SOLUTION EIRL;RFIGUEREDO;1-SIN STOCK;0;10025835;VENTOSA DE NITRILO DE 3.5 FULLES DIAMETRO 20 MM MODELO ESS-20-CN  NITRILO;REPUESTOS;UND;0.0;0.0;0.83;1.25;191.1758;238.59
45;FOREST - ELECTROMECHANIC SOLUTION EIRL;JCAMACHO;1-SIN STOCK;0;10026737;VENTOSA DE NBR MOD ESS - 20 - CS DE SILICONA  DE 3.5 FUELLES;REPUESTOS;UND;0.0;0.0;0.5;0.75;192.57;144.23
45;FOREST - ELECTROMECHANIC SOLUTION EIRL;RFIGUEREDO;1-SIN STOCK;0;10026211;TAPON PARA RACOR DE TUB 10MMMOD: QSC - 10H (153270);REPUESTOS;UND;0.0;0.0;2.5;3.74;9.0;33.69
46;SOLUCIONES QUIMICAS DEL PERU S.A.;JCAMACHO;1-SIN STOCK;0;10004656;SOLVENTE DIELECTRICO SQP-353;SUMINISTROS;BIDON;0.0;0.0;1.08;1.62;218.595;354.56
46;SOLUCIONES QUIMICAS DEL PERU S.A.;JCAMACHO;5-ALCANZA EL MES;45;10004034;DESENGRASANTE DISOLV-10 SQP-295-F X 5 GALONES;SUMINISTROS;BIDON;5.0;0.0;3.41;0.12;220.025;25.3
47;GRUPO DELTRON S.A.;RFIGUEREDO;1-SIN STOCK;0;10026098;"Unidad de Estado Solido Kingston A400, 480GB, SATA 6Gb/s, 2.5""";SUMINISTROS;UND;0.0;0.0;0.42;0.62;323.644;201.95
47;GRUPO DELTRON S.A.;RFIGUEREDO;1-SIN STOCK;0;10026099;MEMORIA RAM 16 GB |  DDR4 | 2666 MHz | SODIMM;SUMINISTROS;UND;0.0;0.0;0.17;0.25;290.8364;72.71
47;GRUPO DELTRON S.A.;RFIGUEREDO;1-SIN STOCK;0;10026088;MEMORIA RAM 8 GB | DDR4 | 3200 MHz | DIMM;SUMINISTROS;UND;0.0;0.0;0.08;0.12;249.3987;31.17
47;GRUPO DELTRON S.A.;RFIGUEREDO;1-SIN STOCK;0;10026093;MEMORIA RAM 8 GB | DDR4 | 3200 MHz | SODIMM;SUMINISTROS;UND;0.0;0.0;0.08;0.12;149.7332;18.72
47;GRUPO DELTRON S.A.;RFIGUEREDO;1-SIN STOCK;0;10026095;MEMORIA RAM 8 GB | DDR4 | 2666 MHz | DIMM;SUMINISTROS;UND;0.0;0.0;0.08;0.12;140.398;17.55
47;GRUPO DELTRON S.A.;RFIGUEREDO;1-SIN STOCK;0;10026092;MEMORIA RAM 8 GB | DDR4 | 1600 MHz | DIMM;SUMINISTROS;UND;0.0;0.0;0.17;0.25;66.1526;16.54
47;GRUPO DELTRON S.A.;RFIGUEREDO;1-SIN STOCK;0;10026087;MEMORIA RAM 8 GB | DDR3 | 1600 MHz | DIMM;SUMINISTROS;UND;0.0;0.0;0.08;0.12;62.0894;7.76
47;GRUPO DELTRON S.A.;RFIGUEREDO;1-SIN STOCK;0;10026086;MEMORIA RAM 4 GB | DDR3 | 1600 MHz | SODIMM;SUMINISTROS;UND;0.0;0.0;0.08;0.12;36.938;4.62
47;GRUPO DELTRON S.A.;RFIGUEREDO;1-SIN STOCK;0;10026091;MEMORIA RAM 4 GB | DDR3 | 1333 MHz | DIMM;SUMINISTROS;UND;0.0;0.0;0.08;0.12;35.9306;4.49
48;INDUSTRIAL CENTER E.I.R.L.;JCAMACHO;1-SIN STOCK;0;10015171;BOTADOR  Ø12 X 120;REPUESTOS;UND;0.0;0.0;2.91;4.37;4.41;19.25
48;INDUSTRIAL CENTER E.I.R.L.;HNOLBERTO;1-SIN STOCK;0;10008313;RESORTE DE PRESION S/MUESTRA;REPUESTOS;UND;0.0;0.0;6.65;9.98;3.0;29.94
48;INDUSTRIAL CENTER E.I.R.L.;RFIGUEREDO;1-SIN STOCK;0;10017956;FECHADOR AÑO Y MES DIAMETRO 12;SUMINISTROS;UND;0.0;0.0;0.42;0.62;85.0;53.04
48;INDUSTRIAL CENTER E.I.R.L.;HNOLBERTO;1-SIN STOCK;0;10027066;TCN (Ø3 X 160);SUMINISTROS;UND;0.0;0.0;3.99;5.99;7.7;46.11
48;INDUSTRIAL CENTER E.I.R.L.;RFIGUEREDO;1-SIN STOCK;0;10021389;VALVULA DE AIRE SELLADA VA DIAM. 16;REPUESTOS;UND;0.0;0.0;0.25;0.37;99.8;37.33
48;INDUSTRIAL CENTER E.I.R.L.;RFIGUEREDO;1-SIN STOCK;0;10020173;"RESORTE DIAM EXT 145mm, DIAM INT 119mm, DIAM ALAMBRE 1/2"", PASO 80mm, LONGITUD TOTAL 500mm";REPUESTOS;UND;0.0;0.0;0.08;0.12;260.0;32.5
48;INDUSTRIAL CENTER E.I.R.L.;JCAMACHO;1-SIN STOCK;0;10017688;RESORTE 1S16050;REPUESTOS;UND;0.0;0.0;2.66;3.99;5.0;19.96
48;INDUSTRIAL CENTER E.I.R.L.;HNOLBERTO;1-SIN STOCK;0;10027065;TCN (Ø2 X 125 );SUMINISTROS;UND;0.0;0.0;3.99;5.99;5.2;31.14
48;INDUSTRIAL CENTER E.I.R.L.;HNOLBERTO;1-SIN STOCK;0;10020684;TCN (Ø6X100);SUMINISTROS;UND;0.0;0.0;2.5;3.74;6.3;23.58
48;INDUSTRIAL CENTER E.I.R.L.;JCAMACHO;1-SIN STOCK;0;10026697;BOTADOR DIAMETRO 4 M.M. X 100 M.M.;SUMINISTROS;UND;0.0;0.0;1.0;1.5;10.4;15.57
48;INDUSTRIAL CENTER E.I.R.L.;JCAMACHO;1-SIN STOCK;0;10015097;RESORTES 1L26075;REPUESTOS;UND;0.0;0.0;0.33;0.5;30.3;15.12
48;INDUSTRIAL CENTER E.I.R.L.;JCAMACHO;1-SIN STOCK;0;10020741;RESORTE 1S26075;SUMINISTROS;UND;0.0;0.0;0.33;0.5;29.8008;14.87
48;INDUSTRIAL CENTER E.I.R.L.;JCAMACHO;1-SIN STOCK;0;10026698;BOTADOR DIAMETRO 5 M.M. X 100 M.M.;SUMINISTROS;UND;0.0;0.0;1.0;1.5;6.3;9.43
48;INDUSTRIAL CENTER E.I.R.L.;HNOLBERTO;1-SIN STOCK;0;10003804;BARRAS PARA BOTADORES;SUMINISTROS;UND;0.0;0.0;0.5;0.75;8.09;6.06
48;INDUSTRIAL CENTER E.I.R.L.;JCAMACHO;4-EN 30 DIAS;28;10008035;RESORTES ESPECIALES PARA MOLDE;REPUESTOS;UND;6.0;0.0;6.49;3.73;5.0;18.66
49;INVERSIONES TECNO COMERCIAL SA;HNOLBERTO;1-SIN STOCK;0;10013947;FAJA TRANSP. ANTIABRASIVO VERDE BREDA 20 CF  SEGUN MUESTRA;REPUESTOS;UND;0.0;0.0;0.25;0.37;846.75;316.68
49;INVERSIONES TECNO COMERCIAL SA;HNOLBERTO;1-SIN STOCK;0;10018506;FAJA TRANSPORTADORA SEGUN  MUESTRA.;REPUESTOS;UND;0.0;0.0;0.17;0.25;168.55;42.14
50;SMC CORPORATION PERU S.A.C.;HNOLBERTO;1-SIN STOCK;0;10004802;"VALVULA NEUMATICA 5/2 CONEXION 1/2"" 24VDC";REPUESTOS;UND;0.0;0.0;0.5;0.75;417.79;312.92
51;COMERCIAL BCD E.I.R.L.;JCAMACHO;1-SIN STOCK;0;10004139;KIT INDIKO LED 2X36W PHILIPS - LUZ BLANCA;REPUESTOS;UND;0.0;0.0;1.33;2.0;55.0847;109.95
51;COMERCIAL BCD E.I.R.L.;JCAMACHO;1-SIN STOCK;0;10019832;PORTA TABLERO A4;SUMINISTROS;UND;0.0;0.0;1.41;2.12;13.5593;28.76
51;COMERCIAL BCD E.I.R.L.;JCAMACHO;1-SIN STOCK;0;10026678;ROLLO DE CABLE ELECTRICO NRO 12;SUMINISTROS;UND;0.0;0.0;0.08;0.12;218.3898;27.3
51;COMERCIAL BCD E.I.R.L.;JCAMACHO;1-SIN STOCK;0;10026391;LLAVE DE VASO CON PUNTA ALLEN;SUMINISTROS;UND;0.0;0.0;1.66;2.5;8.0508;20.09
51;COMERCIAL BCD E.I.R.L.;JCAMACHO;1-SIN STOCK;0;10026665;MINI ESMERIL INALAMBRICO + ACCESORIOS 12VTOTAL TMGLI12011;EQUIPOS E INSTRUMENTOS;UND;0.0;0.0;0.08;0.12;127.1186;15.89
51;COMERCIAL BCD E.I.R.L.;JCAMACHO;1-SIN STOCK;0;10026803;CORRUGADO NEGRO PARTIDO 3/4 X 50 METROS;SUMINISTROS;UND;0.0;0.0;0.08;0.12;100.0;12.5
51;COMERCIAL BCD E.I.R.L.;JCAMACHO;1-SIN STOCK;0;10026679;Caja universal 2x4 Bticino;SUMINISTROS;UND;0.0;0.0;0.83;1.25;9.9153;12.37
51;COMERCIAL BCD E.I.R.L.;JCAMACHO;1-SIN STOCK;0;10027233;JUEGO DESARMADORES DE PRESICION 6 PIEZAS STANLEY;SUMINISTROS;UND;0.0;0.0;0.08;0.12;91.2518;11.41
51;COMERCIAL BCD E.I.R.L.;JCAMACHO;1-SIN STOCK;0;10026718;CANALETA 14x24 PARA CABLES DE RED MARCA DEXSON;SUMINISTROS;UND;0.0;0.0;1.66;2.5;3.8136;9.51
51;COMERCIAL BCD E.I.R.L.;JCAMACHO;1-SIN STOCK;0;10026709;CABLE GENERICO PARA CELULAR Micro USB a Tipo C;SUMINISTROS;UND;0.0;0.0;0.25;0.37;22.0339;8.24
51;COMERCIAL BCD E.I.R.L.;JCAMACHO;1-SIN STOCK;0;10026717;CANALETA 10x20 PARA CABLES DE RED MARCA DEXSON;SUMINISTROS;UND;0.0;0.0;1.66;2.5;3.2203;8.03
51;COMERCIAL BCD E.I.R.L.;JCAMACHO;1-SIN STOCK;0;10020012;LLAVE DE BOCA 12 - 13MM;SUMINISTROS;UND;0.0;0.0;0.25;0.37;16.5254;6.18
51;COMERCIAL BCD E.I.R.L.;JCAMACHO;1-SIN STOCK;0;10025821;THINER AUTOMOTRIZ - TOTTI;SUMINISTROS;GL;0.0;0.0;0.17;0.25;22.8814;5.72
51;COMERCIAL BCD E.I.R.L.;JCAMACHO;1-SIN STOCK;0;10018235;LLAVE BOCA 10MM;REPUESTOS;UND;0.0;0.0;0.25;0.37;14.4068;5.39
51;COMERCIAL BCD E.I.R.L.;JCAMACHO;1-SIN STOCK;0;10026681;Canaleta 20 x 10 PVC;SUMINISTROS;UND;0.0;0.0;0.83;1.25;3.1356;3.91
51;COMERCIAL BCD E.I.R.L.;JCAMACHO;1-SIN STOCK;0;10007509;BUSHING 3 X 4;REPUESTOS;UND;0.0;0.0;0.08;0.12;30.5085;3.81
51;COMERCIAL BCD E.I.R.L.;JCAMACHO;1-SIN STOCK;0;10026680;CANALETAS 10mmx15mm;SUMINISTROS;UND;0.0;0.0;0.83;1.25;2.5424;3.17
51;COMERCIAL BCD E.I.R.L.;JCAMACHO;1-SIN STOCK;0;10006627;SOCKET P/FOTO AHORRADOR;REPUESTOS;UND;0.0;0.0;0.17;0.25;6.7797;1.69
51;COMERCIAL BCD E.I.R.L.;JCAMACHO;1-SIN STOCK;0;10026805;ABRAZADERA 3/4;SUMINISTROS;UND;0.0;0.0;2.5;3.74;0.4237;1.59
52;AMP QUIMICOS & SUMINISTROS E.I.R.L.;HNOLBERTO;1-SIN STOCK;0;10008783;POLIMETIL SILOXANO;SUMINISTROS;UND;0.0;0.0;0.33;0.5;588.0;293.41
53;MONTAÑO CUCHO CHARLY YORDANI;JCAMACHO;1-SIN STOCK;0;10027079;GUIADORES EN ACERO INOXIDABRE  3.04 ESPESOR 1.5 MM;REPUESTOS;UND;0.0;0.0;1.83;2.75;100.0;274.5
54;BUTILER SANCHEZ JONATHAN JEANS;JCAMACHO;5-ALCANZA EL MES;31;10007337;SOPLADOR DE 0.5 HP DE 3500 RPM MONOFASICO;REPUESTOS;UND;1.0;0.0;1.0;0.5;530.0;263.41
55;DIMERC PERU S.A.C.;JCAMACHO;1-SIN STOCK;0;10017193;MESA;SUMINISTROS;UND;0.0;0.0;0.17;0.25;122.0;30.5
55;DIMERC PERU S.A.C.;JCAMACHO;1-SIN STOCK;0;10008536;LAVAVAJILLA SAPOLIO;SUMINISTROS;UND;0.0;0.0;2.91;4.37;6.49;28.34
55;DIMERC PERU S.A.C.;HNOLBERTO;1-SIN STOCK;0;10025422;PIZARRA CORCHO CON MARCO DE METAL;SUMINISTROS;UND;0.0;0.0;0.08;0.12;202.0;25.25
55;DIMERC PERU S.A.C.;JCAMACHO;1-SIN STOCK;0;10005253;CALCULADORA DE BOLSILLO CASIO HL-815L 8 DIG;SUMINISTROS;UND;0.0;0.0;0.42;0.62;12.69;7.92
55;DIMERC PERU S.A.C.;HNOLBERTO;1-SIN STOCK;0;10005196;CHINCHES DORADOS CAJAX100;SUMINISTROS;CJA;0.0;0.0;8.4;12.6;0.95;11.97
55;DIMERC PERU S.A.C.;JCAMACHO;1-SIN STOCK;0;10008537;PAPEL TOALLA SCOTT PACK X 3 ROLLOS DE 54 HOJAS, ROLLO DE 23 X 22cm;SUMINISTROS;UND;0.0;0.0;0.08;0.12;73.2;9.15
55;DIMERC PERU S.A.C.;JCAMACHO;1-SIN STOCK;0;10005211;TINTA P/TAMPON LAYCONSA;SUMINISTROS;UND;0.0;0.0;0.42;0.62;1.55;0.97
55;DIMERC PERU S.A.C.;JCAMACHO;1-SIN STOCK;0;10005192;TABLERO PLASTICO;SUMINISTROS;UND;0.0;0.0;0.33;0.5;7.12;3.55
55;DIMERC PERU S.A.C.;HNOLBERTO;1-SIN STOCK;0;10005173;CUADERNO JUSTUS A4 CUADRICULADO ANILLADO;GASTOS ADMINISTRATIVOS;UND;0.0;0.0;0.33;0.5;3.95;1.97
55;DIMERC PERU S.A.C.;JCAMACHO;1-SIN STOCK;0;10005275;PAPEL DE COLORES T/A4 ATLAS;SUMINISTROS;UND;0.0;0.0;2.16;3.24;0.288;0.93
55;DIMERC PERU S.A.C.;RFIGUEREDO;1-SIN STOCK;0;10008041;DISPENSADOR P/CINTA SCOTCH DE 3/4;SUMINISTROS;UND;0.0;0.0;0.25;0.37;6.08;2.27
55;DIMERC PERU S.A.C.;JCAMACHO;1-SIN STOCK;0;10010537;TACHO PARA BASURA OFICINA;SUMINISTROS;UND;0.0;0.0;0.08;0.12;13.5;1.69
55;DIMERC PERU S.A.C.;HNOLBERTO;1-SIN STOCK;0;10025521;PLASTELINA FABER CASTELL;SUMINISTROS;PQT;0.0;0.0;0.08;0.12;4.55;0.57
55;DIMERC PERU S.A.C.;RFIGUEREDO;1-SIN STOCK;0;10005194;TAJADOR DE METAL ARTESCO;SUMINISTROS;UND;0.0;0.0;0.33;0.5;0.464;0.23
55;DIMERC PERU S.A.C.;JCAMACHO;2-ESTA SEMANA;6;10005202;CUTTER  DE PLASTICO;SUMINISTROS;UND;1.0;0.0;5.07;6.61;2.29;15.14
55;DIMERC PERU S.A.C.;JCAMACHO;3-EN 15 DIAS;13;10022160;TRAPEADOR;SUMINISTROS;UND;1.0;1.0;4.74;5.11;5.6497;28.88
55;DIMERC PERU S.A.C.;JCAMACHO;5-ALCANZA EL MES;31;10005198;CINTA SCOTH TRANSPARENTE 19 MM X 65 MT 550 3M;SUMINISTROS;UND;13.0;0.0;12.89;6.34;4.9;31.05
55;DIMERC PERU S.A.C.;RFIGUEREDO;5-ALCANZA EL MES;37;10005355;CINTA ADHESIVA 3/4X36 YD PEGAFAN;SUMINISTROS;RLL;1.0;0.0;0.83;0.25;1.91;0.47
55;DIMERC PERU S.A.C.;JCAMACHO;5-ALCANZA EL MES;38;10003824;CAJAS DE AGUA DE MESA DE 20LT;SUMINISTROS;CAJA;0.0;12.0;9.56;2.35;20.5;48.11
56;CRONOSTEC S.A.C.;JCAMACHO;1-SIN STOCK;0;10009952;ESTABILIZADOR FORZA;SUMINISTROS;UND;0.0;0.0;1.08;1.62;75.2;121.97
56;CRONOSTEC S.A.C.;JCAMACHO;1-SIN STOCK;0;10009952;ESTABILIZADOR FORZA;SUMINISTROS;UND;0.0;0.0;1.08;1.62;75.2;121.97
56;CRONOSTEC S.A.C.;HNOLBERTO;1-SIN STOCK;0;10005204;ENGRAPADOR WEX 11-1056-11 C/SACAGRAPAS;SUMINISTROS;UND;0.0;0.0;0.25;0.37;8.44;3.16
56;CRONOSTEC S.A.C.;JCAMACHO;1-SIN STOCK;0;10005169;SOBRE MANILA T/A4 X 50;SUMINISTROS;UND;0.0;0.0;0.25;0.37;0.191;0.07
56;CRONOSTEC S.A.C.;JCAMACHO;1-SIN STOCK;0;10005444;PORTA LAPICERO CUADRADO ARTESCO;GASTOS ADMINISTRATIVOS;UND;0.0;0.0;0.08;0.12;3.06;0.38
57;LABEL PERU SAC;HNOLBERTO;1-SIN STOCK;0;10026860;ETIQUETA COUCHE PRECISA 40MM X 75MM;EMPAQUES y EMBALAJES;UND;0.0;0.0;166.34;249.51;0.1709;42.64
57;LABEL PERU SAC;HNOLBERTO;5-ALCANZA EL MES;32;10025911;ETIQUETA 16-00001742 GALONERA SH ULTRALUCENT X4L - B36 V01 (FRONTAL);EMPAQUES y EMBALAJES;UND;5200.0;0.0;4915.31;2172.97;0.0941;204.43
58;CONSUMIBLES INDUSTRIALES S.A.C.;JCAMACHO;4-EN 30 DIAS;21;10024265;PROTECTOR ANTICORROSIVO AC 6000 - AZUL;SUMINISTROS;UND;2.0;0.0;2.91;2.37;34.9;82.57
58;CONSUMIBLES INDUSTRIALES S.A.C.;JCAMACHO;4-EN 30 DIAS;24;10013701;PROTECTOR ANTICORROSIVO ACT6100 TRANSPARENTE;SUMINISTROS;UND;5.0;0.0;6.32;4.48;34.9;156.39
59;SAGAPI EIRL;HNOLBERTO;1-SIN STOCK;0;10026622;MINIRACK DE 05 NIVELES DE 2.08MT DE LARGO X 0.50 DE ANCHO Y;EQUIPOS E INSTRUMENTOS;UND;0.0;0.0;0.17;0.25;889.8305;222.46
60;HOMECENTERS PERUANOS S.A.;RFIGUEREDO;1-SIN STOCK;0;10018079;Escalera Plataforma Metal 4 Pasos;SUMINISTROS;UND;0.0;0.0;0.25;0.37;179.2938;67.06
60;HOMECENTERS PERUANOS S.A.;RFIGUEREDO;1-SIN STOCK;0;10025530;SILLA EUROSIT COLOR NEGRO;GASTOS ADMINISTRATIVOS;UND;0.0;0.0;0.42;0.62;93.1356;58.12
60;HOMECENTERS PERUANOS S.A.;HNOLBERTO;1-SIN STOCK;0;10025423;ARMARIO TITAN ALTO KETER;GASTOS DE GESTIÓN;UND;0.0;0.0;0.08;0.12;402.5593;50.32
60;HOMECENTERS PERUANOS S.A.;RFIGUEREDO;1-SIN STOCK;0;10026149;"EXTRACTOR DE AIRE INDUSTRIAL DE 16"" 220V 150W  ULIX";REPUESTOS;UND;0.0;0.0;0.17;0.25;143.2203;35.81
60;HOMECENTERS PERUANOS S.A.;HNOLBERTO;1-SIN STOCK;0;10011440;NIVEL;REPUESTOS;UND;0.0;0.0;0.42;0.62;6.6949;4.18
61;EMPAQUES Y SERVICIOS S.A.C;JVILELA;1-SIN STOCK;0;10025697;LAINAS DE ALUMINIO PARA SELLADO X INDUCCION 97 M;COMPLEMENTO PT;UND;0.0;0.0;83.17;124.75;0.2873;35.84
61;EMPAQUES Y SERVICIOS S.A.C;HNOLBERTO;5-ALCANZA EL MES;42;10025796;LAINA DE ALUMINIO LIFE PARA SELLADO POR INDUCCION EASY PEEL PESTAÑA 83.5 MM - EMPAQUES Y SERVICIOS;COMPLEMENTO PT;UND;11480.0;0.0;8231.69;867.54;0.2024;175.57
62;KOVES PERU SAC;JCAMACHO;1-SIN STOCK;0;10007932;JUEGO DE MACHO M6;SUMINISTROS;JGO;0.0;0.0;0.75;1.12;69.4503;77.99
62;KOVES PERU SAC;RFIGUEREDO;1-SIN STOCK;0;10014994;PLACA CARBURADA P/ FRESAR 8 FILOS SNEG1205ANR-GR YBG-205;SUMINISTROS;UND;0.0;0.0;2.5;3.74;25.1324;94.07
62;KOVES PERU SAC;JCAMACHO;1-SIN STOCK;0;10017250;PLACA CARB P/FRESAR 8 FILOS SNEG1205ANR-GR YBG-205;SUMINISTROS;CJA;0.0;0.0;0.08;0.12;24.9598;3.12
62;KOVES PERU SAC;RFIGUEREDO;1-SIN STOCK;0;10020876;FRESA ESFERICA PM-2B - R 0.5 - ZCC;SUMINISTROS;UND;0.0;0.0;0.33;0.5;30.2043;15.07
62;KOVES PERU SAC;RFIGUEREDO;1-SIN STOCK;0;10020878;FRESA ESFERICA PM-2B - R1 - ZCC;SUMINISTROS;UND;0.0;0.0;0.17;0.25;30.2043;7.55
63;INVERSIONES MULTIGRAFIC E.I.R.L.;RFIGUEREDO;1-SIN STOCK;0;10005392;FORMATO CONTROL DE ARRANQUE DE MAQUINA;GASTOS ADMINISTRATIVOS;UND;0.0;0.0;83.34;125.0;0.3475;43.43
63;INVERSIONES MULTIGRAFIC E.I.R.L.;RFIGUEREDO;1-SIN STOCK;0;10013703;PLANTILLA PARA ROTULACION;SUMINISTROS;UND;0.0;0.0;6.16;9.23;6.6422;61.32
63;INVERSIONES MULTIGRAFIC E.I.R.L.;HNOLBERTO;1-SIN STOCK;0;10010394;IMPRESION FORMATOS INTERNOS;SUMINISTROS;UND;0.0;0.0;0.08;0.12;135.5932;16.95
63;INVERSIONES MULTIGRAFIC E.I.R.L.;RFIGUEREDO;1-SIN STOCK;0;10025273;IMPRESION DE PLANOS;GASTOS ADMINISTRATIVOS;UND;0.0;0.0;0.08;0.12;46.6102;5.83
63;INVERSIONES MULTIGRAFIC E.I.R.L.;RFIGUEREDO;1-SIN STOCK;0;10026289;ALMOHADILLA PARA SELLO PRINTER S-826;REPUESTOS;UND;0.0;0.0;0.08;0.12;10.1695;1.27
63;INVERSIONES MULTIGRAFIC E.I.R.L.;RFIGUEREDO;2-ESTA SEMANA;0;10005351;FORMATO DE REPORTE DE PRODUCCION;GASTOS ADMINISTRATIVOS;UND;3.0;0.0;665.44;995.16;0.0689;68.52
64;VALVERDE PROVEEDORES SOCIEDAD ANONIMA CERRADA;JCAMACHO;1-SIN STOCK;0;10011260;TALADRO;SUMINISTROS;UND;0.0;0.0;0.17;0.25;762.71;190.68
65;CROMARSA EIRL;RFIGUEREDO;1-SIN STOCK;0;10023946;COLUMNA DE MAQUINA SOPLADORA;REPUESTOS;UND;0.0;0.0;0.08;0.12;842.5;105.31
65;CROMARSA EIRL;HNOLBERTO;1-SIN STOCK;0;10025630;BOCINA DENTADA PARA FRENO ELECTROMAGNETICO;REPUESTOS;UND;0.0;0.0;0.08;0.12;650.0;81.25
66;CONTINENTAL S.A.C.;JCAMACHO;1-SIN STOCK;0;10026701;CINTA ADHESIVA 3M SCOTCH 550/TRANSPARENTE /19MM X 33M;SUMINISTROS;UND;0.0;0.0;8.15;12.23;1.29;15.77
66;CONTINENTAL S.A.C.;JCAMACHO;1-SIN STOCK;0;10026485;CUADERNO CUADRICULADO A4 - 100 HOJAS;GASTOS ADMINISTRATIVOS;UND;0.0;0.0;0.5;0.75;3.4825;2.61
66;CONTINENTAL S.A.C.;JCAMACHO;1-SIN STOCK;0;10005386;TAMPON DACTILAR TRODAT;SUMINISTROS;UND;0.0;0.0;0.58;0.87;2.32;2.03
66;CONTINENTAL S.A.C.;JCAMACHO;1-SIN STOCK;0;10005473;GOMA LIQUIDA F. CASTELL X 250ML C/APLICA;SUMINISTROS;UND;0.0;0.0;0.17;0.25;2.31;0.58
66;CONTINENTAL S.A.C.;JCAMACHO;2-ESTA SEMANA;3;10005161;PLUMON INDELEBLE F. CASTELL Nø23 P/GRUES;GASTOS ADMINISTRATIVOS;UND;2.0;0.0;22.12;31.18;2.1783;67.93
66;CONTINENTAL S.A.C.;JCAMACHO;2-ESTA SEMANA;3;10005197;"NOTAS POST IT N.654 3"" X 3"" 3M";SUMINISTROS;UND;1.0;0.0;9.73;13.6;0.0599;0.81
66;CONTINENTAL S.A.C.;JCAMACHO;4-EN 30 DIAS;17;10005164;ARCHIVADOR ARTESCO T/OFICIO LOMO ANCHO;GASTOS ADMINISTRATIVOS;UND;12.0;0.0;22.12;21.18;3.39;71.82
66;CONTINENTAL S.A.C.;JCAMACHO;5-ALCANZA EL MES;33;10005154;BOLIGRAFO TRILUX  031 FABER CASTELL AZUL;GASTOS ADMINISTRATIVOS;UND;46.0;0.0;42.75;18.12;0.33;5.98
66;CONTINENTAL S.A.C.;JCAMACHO;5-ALCANZA EL MES;41;10025910;SILICONA LIQUIDA;SUMINISTROS;LT;1.0;0.0;0.75;0.12;4.59;0.56
67;HUAYAMBAL CASTILLO JUNIOR ARMANDO;JCAMACHO;1-SIN STOCK;0;10010326;MASCARILLA PARA POLVO N95 M920 - STEELPRO;SUMINISTROS;UND;0.0;0.0;0.92;1.37;20.5;28.13
67;HUAYAMBAL CASTILLO JUNIOR ARMANDO;HNOLBERTO;1-SIN STOCK;0;10015809;"GUANTES DE NITRILO SOL-VEX VERDE 13"" LARGO 0.15MM CON FLOCK (37175)";SUMINISTROS;PAR;0.0;0.0;0.58;0.87;5.04;4.4
67;HUAYAMBAL CASTILLO JUNIOR ARMANDO;JCAMACHO;1-SIN STOCK;0;10004866;GUANTE DE CUERO;SUMINISTROS;UND;0.0;0.0;0.17;0.25;26.41;6.6
67;HUAYAMBAL CASTILLO JUNIOR ARMANDO;JCAMACHO;1-SIN STOCK;0;10004560;ADAPTADOR 502 PARA FILTROS PAR;SUMINISTROS;UND;0.0;0.0;0.17;0.25;14.7;3.67
67;HUAYAMBAL CASTILLO JUNIOR ARMANDO;JCAMACHO;1-SIN STOCK;0;10004843;ESCARPIN DE CUERO CROMO P/SOLDADOR;SUMINISTROS;UND;0.0;0.0;0.08;0.12;16.5;2.06
67;HUAYAMBAL CASTILLO JUNIOR ARMANDO;JCAMACHO;2-ESTA SEMANA;5;10010522;CASCO DE SEGURIDAD MARCA MSA;SUMINISTROS;UND;1.0;0.0;6.4;8.61;13.8;118.76
68;MYMOTIVOS CORP SAC;RFIGUEREDO;1-SIN STOCK;0;10017557;EXTINTOR CO2 DE 10LB;SUMINISTROS;UND;0.0;0.0;0.25;0.37;260.0;97.24
68;MYMOTIVOS CORP SAC;JCAMACHO;1-SIN STOCK;0;10022865;ACOPLE  SEGUN MUESTRA;REPUESTOS;UND;0.0;0.0;0.17;0.25;60.0;15.0
68;MYMOTIVOS CORP SAC;RFIGUEREDO;1-SIN STOCK;0;10009780;EXTINTORES DE POS 06KG;SUMINISTROS;UND;0.0;0.0;0.25;0.37;90.0;33.66
68;MYMOTIVOS CORP SAC;RBENITES;1-SIN STOCK;0;10017676;PEDESTAL PARA EXTINTOR;SUMINISTROS;UND;0.0;0.0;0.08;0.12;65.0;8.12
68;MYMOTIVOS CORP SAC;JCAMACHO;1-SIN STOCK;0;10017569;CORREAJE PARA EXTINTOR;SUMINISTROS;UND;0.0;0.0;0.08;0.12;4.0;0.5
69;IEX S.A.;RFIGUEREDO;1-SIN STOCK;0;10011515;VALVULA PRECOMANDADA;REPUESTOS;UND;0.0;0.0;0.08;0.12;1200.5325;150.07
70;SERVICIO DE MANTENIMIENTO CNC MAN E.I.R.L.;RFIGUEREDO;1-SIN STOCK;0;10026480;VENTILADOR AXIAL FAN AC 110V 80W;REPUESTOS;UND;0.0;0.0;0.08;0.12;974.12;121.77
70;SERVICIO DE MANTENIMIENTO CNC MAN E.I.R.L.;RFIGUEREDO;1-SIN STOCK;0;10026482;REFLECTOR LED DE 115 V 50 W;REPUESTOS;UND;0.0;0.0;0.08;0.12;132.202;16.53
70;SERVICIO DE MANTENIMIENTO CNC MAN E.I.R.L.;RFIGUEREDO;1-SIN STOCK;0;10026481;PILA BATERIA LIR 2012 DE 3.6V;REPUESTOS;UND;0.0;0.0;0.08;0.12;34.79;4.35
71;RUCONSA S.A.C.;JCAMACHO;1-SIN STOCK;0;10018654;RETEN PARA TAPA CON DOBLE LABIO 28 X 36 X 5.7;REPUESTOS;UND;0.0;0.0;0.67;1.0;16.9492;16.92
71;RUCONSA S.A.C.;RFIGUEREDO;1-SIN STOCK;0;10022299;RETEN PARA EMBOLO 30 X 40 X 6;REPUESTOS;UND;0.0;0.0;0.5;0.75;16.9492;12.69
71;RUCONSA S.A.C.;JCAMACHO;1-SIN STOCK;0;10023150;DASH  Ø EXTERIOR 76 X Ø INTERIOR 66.8 X 10.3;REPUESTOS;UND;0.0;0.0;0.08;0.12;110.1695;13.77
71;RUCONSA S.A.C.;JCAMACHO;1-SIN STOCK;0;10022835;GUIA POM 35 X 40 X 9.5;REPUESTOS;UND;0.0;0.0;0.42;0.62;12.7119;7.93
71;RUCONSA S.A.C.;JCAMACHO;1-SIN STOCK;0;10019394;GUIA POM 35 X 40 X 7;REPUESTOS;UND;0.0;0.0;0.33;0.5;16.9491;8.46
71;RUCONSA S.A.C.;JCAMACHO;1-SIN STOCK;0;10020649;GUIA POM 58 X 63 X 9.7;REPUESTOS;UND;0.0;0.0;0.17;0.25;16.95;4.24
71;RUCONSA S.A.C.;RFIGUEREDO;1-SIN STOCK;0;10012262;RETEN PARA TAPA 25 X 33 X 5 DOBLE LABIO;REPUESTOS;UND;0.0;0.0;0.17;0.25;15.2542;3.81
71;RUCONSA S.A.C.;RFIGUEREDO;1-SIN STOCK;0;10019320;PISTON SEAL 28 X 40 X 4;REPUESTOS;UND;0.0;0.0;0.17;0.25;23.7288;5.93
71;RUCONSA S.A.C.;HNOLBERTO;1-SIN STOCK;0;10020379;RETEN PARA TAPA 40 X 50 X 6 DOBLE LABIO;REPUESTOS;UND;0.0;0.0;0.17;0.25;25.4237;6.36
71;RUCONSA S.A.C.;JCAMACHO;1-SIN STOCK;0;10018872;RETEN HIDRAULICO 25 X 33 X 5;REPUESTOS;UND;0.0;0.0;0.25;0.37;14.4068;5.39
71;RUCONSA S.A.C.;JCAMACHO;1-SIN STOCK;0;10018454;RETEN PARA EMBOLO 40 X 50 X 9.5;REPUESTOS;UND;0.0;0.0;0.17;0.25;21.1864;5.3
71;RUCONSA S.A.C.;RFIGUEREDO;1-SIN STOCK;0;10022135;RETEN PARA TAPA 36 X 46 X 8 DOBLE LABIO;REPUESTOS;UND;0.0;0.0;0.17;0.25;18.6441;4.66
71;RUCONSA S.A.C.;JCAMACHO;1-SIN STOCK;0;10018455;RETEN PARA TAPA 36 X 46 X 7.3 DOBLE LABIO;REPUESTOS;UND;0.0;0.0;0.17;0.25;20.339;5.08
71;RUCONSA S.A.C.;JCAMACHO;1-SIN STOCK;0;10012152;GUIA POM 45 X 50 X 9.3;REPUESTOS;UND;0.0;0.0;0.17;0.25;16.9492;4.24
71;RUCONSA S.A.C.;JCAMACHO;1-SIN STOCK;0;10020620;PISTON SEAL ØEXT 50MM X 3.5 MM DE ALTURA;REPUESTOS;UND;0.0;0.0;0.08;0.12;29.661;3.71
71;RUCONSA S.A.C.;JCAMACHO;1-SIN STOCK;0;10018453;RETEN LIMPIADOR 36 X 44 X 4/7;REPUESTOS;UND;0.0;0.0;0.17;0.25;14.4068;3.6
71;RUCONSA S.A.C.;JCAMACHO;1-SIN STOCK;0;10012263;RETEN HIDRAULICO LIMPIADOR 25X33X4.5/6;REPUESTOS;UND;0.0;0.0;0.17;0.25;12.7119;3.18
71;RUCONSA S.A.C.;JCAMACHO;1-SIN STOCK;0;10012405;ORING 2.62 2-144 (63.17-68.41) VITON;REPUESTOS;UND;0.0;0.0;0.17;0.25;5.9322;1.48
71;RUCONSA S.A.C.;RFIGUEREDO;1-SIN STOCK;0;10013860;PISTON SEAL 38 X 50 X 4;REPUESTOS;UND;0.0;0.0;0.08;0.12;25.4237;3.18
71;RUCONSA S.A.C.;JCAMACHO;1-SIN STOCK;0;10023149;"RETEN PARA TAPA CON ORING INTERNO  1 1/2"" X 2"" X 3/8""";REPUESTOS;UND;0.0;0.0;0.08;0.12;25.4237;3.18
71;RUCONSA S.A.C.;JCAMACHO;1-SIN STOCK;0;10017616;"RETEN LIMPIADOR 1 1/2"" X 1 7/8"" X 3/16";REPUESTOS;UND;0.0;0.0;0.08;0.12;21.1864;2.65
71;RUCONSA S.A.C.;JCAMACHO;1-SIN STOCK;0;10013071;ORING 2.62 2-138 (53.64-58.88) VITON;REPUESTOS;UND;0.0;0.0;0.17;0.25;1.6949;0.42
71;RUCONSA S.A.C.;JCAMACHO;1-SIN STOCK;0;10019373;RETEN PARA TAPA DOBLE LABIO 28 X 38 X 6;REPUESTOS;UND;0.0;0.0;0.08;0.12;16.9492;2.12
71;RUCONSA S.A.C.;JCAMACHO;1-SIN STOCK;0;10012617;ORING 3.53 2-228 (56.74-63.80) VITON;REPUESTOS;UND;0.0;0.0;0.17;0.25;7.6271;1.91
71;RUCONSA S.A.C.;JCAMACHO;1-SIN STOCK;0;10020651;ORING MM 4.00 x 56.00 VITON;REPUESTOS;UND;0.0;0.0;0.17;0.25;3.3985;0.85
71;RUCONSA S.A.C.;JCAMACHO;1-SIN STOCK;0;10012154;ORING MM 2.70 x 47.00 NITRILO;REPUESTOS;UND;0.0;0.0;0.17;0.25;1.6949;0.42
71;RUCONSA S.A.C.;JCAMACHO;4-EN 30 DIAS;21;10007609;ORING 2.62 2-110 (9.19-14.43) NITRILO;REPUESTOS;UND;18.0;0.0;26.61;21.92;0.4237;9.29
72;FADISE IMPORT S.A.C.;JCAMACHO;1-SIN STOCK;0;10026122;RETASO DE TELA;SUMINISTROS;KG;0.0;0.0;21.87;32.81;1.9068;62.56
72;FADISE IMPORT S.A.C.;JCAMACHO;4-EN 30 DIAS;23;10007883;JABON  LIQUIDO PARA MANOS;SUMINISTROS;UND;4.0;2.0;7.9;5.85;11.8644;69.43
73;GRUPO CAHEMA S.A.C.;JCAMACHO;1-SIN STOCK;0;10022271;"TALADRO PERCUTOR INALAMBRICO 1/2"" 20V BRUSHLESS MODELO DCD796P1 MARCA DEWALT";REPUESTOS;UND;0.0;0.0;0.17;0.25;466.1017;116.53
74;FADISENS SAC;HNOLBERTO;1-SIN STOCK;0;10027195;ENGRANAJE  VCN ( Z=60 ) , M=1.5);REPUESTOS;UND;0.0;0.0;0.08;0.12;604.556;75.57
74;FADISENS SAC;HNOLBERTO;1-SIN STOCK;0;10027196;ENGRANAJE  (Z=20 , M=1.5);REPUESTOS;UND;0.0;0.0;0.08;0.12;264.0512;33.01
75;DISTRIBUIDORA COMERCIAL JC S.A.C;JCAMACHO;5-ALCANZA EL MES;33;10008807;CARTON PLAST.;SUMINISTROS;MT;16.0;0.0;14.64;5.96;16.9492;100.97
76;ALLTRONICS PERU SAC;JCAMACHO;1-SIN STOCK;0;10024066;CABLE DE FIBRA OPTICA TIPO BARRERA M 04 OPTEX NF-TB01;REPUESTOS;UND;0.0;0.0;0.33;0.5;135.5932;67.66
76;ALLTRONICS PERU SAC;JCAMACHO;1-SIN STOCK;0;10008500;AMPERIMETRO DIGITAL CON BASE MARCA EMAS, MODELO RDA 1A;REPUESTOS;UND;0.0;0.0;0.08;0.12;237.2881;29.66
77;WURTH PERU S.A.C.;JCAMACHO;1-SIN STOCK;0;10022249;"Pistola impacto neumática encastre 1/2"", torque: 650Nm - Stanley STMT74840";SUMINISTROS;UND;0.0;0.0;0.17;0.25;385.5085;96.38
78;VELASCO INGENIEROS E.I.R.L.;JCAMACHO;1-SIN STOCK;0;10026778;RETEN RADIAL 150 X 180 X 12;REPUESTOS;UND;0.0;0.0;0.17;0.25;280.0;70.0
78;VELASCO INGENIEROS E.I.R.L.;JCAMACHO;1-SIN STOCK;0;10027351;FAJA EN V C - 2050;REPUESTOS;UND;0.0;0.0;0.25;0.37;67.7966;25.36
79;LOPEZ VILELA LORENZO;RFIGUEREDO;1-SIN STOCK;0;10025968;ESMERIL ANGULAR INALAMBRICO DEWALT 20V DCG413B-K3 CON BATERIA Y CARGADOR;REPUESTOS;UND;0.0;0.0;0.08;0.12;508.4636;63.56
79;LOPEZ VILELA LORENZO;RFIGUEREDO;1-SIN STOCK;0;10025798;CUCHILLA CORTADORA PARA MAYÓLICA RUBÍ DE 10 MM;REPUESTOS;UND;0.0;0.0;0.17;0.25;61.8559;15.46
79;LOPEZ VILELA LORENZO;RFIGUEREDO;1-SIN STOCK;0;10020011;LLAVE DE BOCA 30 - 32MM;SUMINISTROS;UND;0.0;0.0;0.17;0.25;29.6653;7.42
80;DIAZ COTERA ARTIDORO WILFREDO;HNOLBERTO;1-SIN STOCK;0;10027025;BALDOSAS DE POLIPROPILENO ALTO IMPACTO COLOR AZUL;SUMINISTROS;UND;0.0;0.0;8.32;12.47;6.8786;85.81
81;IMPORTACIONES CODIZA S.A.;RFIGUEREDO;1-SIN STOCK;0;10026248;PISO DE GOMA ESTOPEROL;REPUESTOS;MT;0.0;0.0;0.83;1.25;68.0;84.86
82;COLD IMPORT S A;HNOLBERTO;1-SIN STOCK;0;10026519;COMPRESOR DE AIRE ACONDICIONADO MODELO  ASL 152DG - C7EU1 GAS R410A;REPUESTOS;UND;0.0;0.0;0.08;0.12;652.5424;81.57
83;HUNTER NEGOCIOS E INVERSIONES S.A.C.;HNOLBERTO;1-SIN STOCK;0;10026466;PANTALLA + CAMARA RETROCESO;REPUESTOS;UND;0.0;0.0;0.08;0.12;550.0;68.75
83;HUNTER NEGOCIOS E INVERSIONES S.A.C.;HNOLBERTO;1-SIN STOCK;0;10026467;CABLEADO ADICIONAL PARA CAMARA;REPUESTOS;UND;0.0;0.0;0.08;0.12;40.0;5.0
83;HUNTER NEGOCIOS E INVERSIONES S.A.C.;HNOLBERTO;1-SIN STOCK;0;10026468;BOTONES ON OF;REPUESTOS;UND;0.0;0.0;0.08;0.12;30.0;3.75
83;HUNTER NEGOCIOS E INVERSIONES S.A.C.;HNOLBERTO;1-SIN STOCK;0;10026469;TERMINALES + CABLE;REPUESTOS;UND;0.0;0.0;0.08;0.12;20.0;2.5
83;HUNTER NEGOCIOS E INVERSIONES S.A.C.;HNOLBERTO;1-SIN STOCK;0;10026470;FUSIBLE AÉREO PARA CAMIÓN;REPUESTOS;UND;0.0;0.0;0.08;0.12;10.0;1.25
84;JULCA AROTUMA LUIS FERNANDO;RFIGUEREDO;1-SIN STOCK;0;10021492;PORTA PARA AVELLANAR CFSPR041S16L TS4 CLAMP TORQUE 3.5N m (2.58FT.LBF);SUMINISTROS;UND;0.0;0.0;0.08;0.12;368.9922;46.12
84;JULCA AROTUMA LUIS FERNANDO;JCAMACHO;1-SIN STOCK;0;10021361;JUEGO DE MACHO M16;SUMINISTROS;UND;0.0;0.0;0.08;0.12;241.1191;30.14
85;PUMA RAMOS LISARDO;JCAMACHO;1-SIN STOCK;0;10008568;"GARRUCHA PESADA 4""";REPUESTOS;UND;0.0;0.0;1.33;2.0;38.1356;76.12
86;FABRICACIONES DIGITALES DEL PERU S.A;HNOLBERTO;1-SIN STOCK;0;10018940;RESINA PARA IMPRESORA 3D ANYCUBIC PHOTON X;SUMINISTROS;UND;0.0;0.0;1.16;1.75;42.3729;74.03
86;FABRICACIONES DIGITALES DEL PERU S.A;RFIGUEREDO;5-ALCANZA EL MES;33;10026268;TARGETS PARA ESCANEO 3D;EQUIPOS E INSTRUMENTOS;UND;1.0;0.0;0.92;0.37;4.2373;1.58
87;G & L SOLUCIONES EMPRESARIALES E.I.R.L.;RFIGUEREDO;1-SIN STOCK;0;10024646;SECADOR DE MANO - SLIM VELOSTER PLÁSTICO ABS (250-480W);REPUESTOS;UND;0.0;0.0;0.33;0.5;143.2203;71.47
88;A Y M PLAST S.R.L.;JCAMACHO;1-SIN STOCK;0;10018298;TOMATODOS X 1LT;SUMINISTROS;UND;0.0;0.0;10.98;16.47;4.2373;69.78
89;TUYA MORENO MARISELA MERCEDES BELENITA;RFIGUEREDO;1-SIN STOCK;0;10021059;"GARRUCHA GIRATORIA DE 4"" CON FRENO Y ESPIGA DE 1/2.";REPUESTOS;UND;0.0;0.0;0.67;1.0;59.322;59.2
89;TUYA MORENO MARISELA MERCEDES BELENITA;RFIGUEREDO;1-SIN STOCK;0;10025270;"RUEDA DE COCHE DE 6"" (Eje: Rodamiento: 6202)";REPUESTOS;UND;0.0;0.0;0.33;0.5;20.339;10.15
90;INVERSIONES ESCALUMI S.A.C.;HNOLBERTO;1-SIN STOCK;0;10024334;ESCALERA DE TIJERA DE 8 PASOS;ACTIVOS FIJOS;UND;0.0;0.0;0.08;0.12;550.8475;68.86
91;PLP ELECTRIC SOCIEDAD ANONIMA CERRADA;HNOLBERTO;1-SIN STOCK;0;10025980;EEJE DE VENTILADOR;REPUESTOS;UND;0.0;0.0;0.17;0.25;270.0;67.5
92;SOLPACK S.A.C.;HNOLBERTO;1-SIN STOCK;0;10025597;"Cinta adhesiva 2"" x 100 metros";EMPAQUES y EMBALAJES;UND;0.0;0.0;23.95;35.93;1.8105;65.05
93;GRUPO CHEGAR SAC;RFIGUEREDO;1-SIN STOCK;0;10025180;"TUBOS CUADRAROS DE 1 1/2"" X 1 1/2""";SUMINISTROS;UND;0.0;0.0;0.17;0.25;29.66;7.42
93;GRUPO CHEGAR SAC;HNOLBERTO;4-EN 30 DIAS;20;10009808;PLANCHA GALVANIZADA;SUMINISTROS;UND;1.0;0.0;1.5;1.25;42.3729;52.8
94;CORPORACION RODASUR SAC;JCAMACHO;1-SIN STOCK;0;10019624;RODAMIENTO 6012/C3;REPUESTOS;UND;0.0;0.0;0.5;0.75;35.7075;26.74
94;CORPORACION RODASUR SAC;JCAMACHO;1-SIN STOCK;0;10027162;MANGUITO CONICO DE FIJACION  3020 - DIAMETRO 50 MM;REPUESTOS;UND;0.0;0.0;0.17;0.25;69.9782;17.49
94;CORPORACION RODASUR SAC;JCAMACHO;1-SIN STOCK;0;10004622;RODAMIENTO 6008-2RS1;REPUESTOS;UND;0.0;0.0;0.25;0.37;26.4615;9.9
94;CORPORACION RODASUR SAC;JCAMACHO;5-ALCANZA EL MES;37;10004597;RODAMIENTO 6004 2-RS/C3;REPUESTOS;UND;1.0;0.0;0.83;0.25;12.1406;3.01
95;TEST & CONTROL SAC;JCAMACHO;1-SIN STOCK;0;10026967;PESA DE LABORATORIO DE 20 KG;SUMINISTROS;UND;0.0;0.0;0.08;0.12;450.0;56.25
96;DAVALOS LOZA SILENA MARINA;HNOLBERTO;1-SIN STOCK;0;10015351;ESTANTE;GASTOS DE GESTIÓN;UND;0.0;0.0;0.25;0.37;135.5932;50.71
97;LINE TECH E.I.R.L.;RFIGUEREDO;1-SIN STOCK;0;10025658;Marcadores de tensión superficial;GASTOS ADMINISTRATIVOS;UND;0.0;0.0;0.08;0.12;403.0;50.38
98;GRAFIFLEX PERU S.A.C.;HNOLBERTO;2-ESTA SEMANA;0;10023755;ETIQUETA ZF-0164000 GALON 4L BCO PERLADO LANOSHAMP CLEAR - POSTERIOR;EMPAQUES y EMBALAJES;UND;1.0;0.0;434.14;650.22;0.0728;47.31
99;FREDY MONTERO VALLADOLID;JCAMACHO;1-SIN STOCK;0;10008747;JUEGO DE LLAVES ALLEN  PULGADAS;SUMINISTROS;UND;0.0;0.0;0.58;0.87;33.8983;29.59
99;FREDY MONTERO VALLADOLID;JCAMACHO;1-SIN STOCK;0;10014048;JUEGO DE LLAVES ALLEN  MILIMETRICAS;SUMINISTROS;JGO;0.0;0.0;0.33;0.5;33.8983;16.92
100;CORPORACION INDUSTRIAL TRADING S.A.C.;HNOLBERTO;1-SIN STOCK;0;10011340;CUENTA HILOS;SUMINISTROS;UND;0.0;0.0;0.25;0.37;50.0;18.7
100;CORPORACION INDUSTRIAL TRADING S.A.C.;HNOLBERTO;1-SIN STOCK;0;10018169;GONIOMETRO;SUMINISTROS;UND;0.0;0.0;0.08;0.12;62.0;7.75
100;CORPORACION INDUSTRIAL TRADING S.A.C.;RFIGUEREDO;1-SIN STOCK;0;10025761;LLAVE MIXTA 26;SUMINISTROS;UND;0.0;0.0;0.08;0.12;47.1;5.89
100;CORPORACION INDUSTRIAL TRADING S.A.C.;RFIGUEREDO;1-SIN STOCK;0;10009908;CRUCETA;SUMINISTROS;UND;0.0;0.0;0.17;0.25;10.5;2.62
100;CORPORACION INDUSTRIAL TRADING S.A.C.;RFIGUEREDO;1-SIN STOCK;0;10025753;DISCO DIAMANTADO VERDE PARA PORCELANATO Y MAYOLICA DE 4 1/2;REPUESTOS;UND;0.0;0.0;0.08;0.12;26.5;3.31
100;CORPORACION INDUSTRIAL TRADING S.A.C.;RFIGUEREDO;1-SIN STOCK;0;10007842;VIDRIO P / SOLDADOR # 12;SUMINISTROS;UND;0.0;0.0;0.17;0.25;2.0;0.5
100;CORPORACION INDUSTRIAL TRADING S.A.C.;RFIGUEREDO;1-SIN STOCK;0;10009904;VIDRIO OSCURO SOLDAR # 12;SUMINISTROS;UND;0.0;0.0;0.17;0.25;2.0;0.5
100;CORPORACION INDUSTRIAL TRADING S.A.C.;JCAMACHO;5-ALCANZA EL MES;41;10018061;TUBO CUADRADO DE FIERRO;REPUESTOS;UND;1.0;0.0;0.75;0.12;42.0;5.17
101;ZHEJIANG JINZHI PNEUMATIC TECHNOLOGY CO.,LTD.;JCAMACHO;3-EN 15 DIAS;12;10010823;CONECTOR RAPIDO CODO CORTO 1/4 PARA MANGUERA 10MM;REPUESTOS;UND;16.0;0.0;40.75;45.13;0.9277;41.87
102;KCORAHUA ZARATE WIBERT DANIEL;HNOLBERTO;1-SIN STOCK;0;10026304;BICICLETA CONVENCIONAL;GASTO DE VENTAS;UND;0.0;0.0;0.08;0.12;330.5085;41.31
103;FERNANDEZ QUIROZ GIANNI JONEL;JCAMACHO;1-SIN STOCK;0;10013808;ZAPATO SEGURIDAD IND. T:36;SUMINISTROS;PAR;0.0;0.0;1.08;1.62;25.4237;41.24
104;REPRESENTACIONES ACTIVAS SOCIEDAD ANONIMA / REPRESENTACIONES ACTIVAS S.A.;HNOLBERTO;1-SIN STOCK;0;10025774;JEBE PARA MALLA DE SERIGERAFIA 3500 X 25 X 0.5  SH MEDIUM;REPUESTOS;RLL;0.0;0.0;0.08;0.12;314.2966;39.29
105;DATA STORE PERU S.A.C.;RFIGUEREDO;1-SIN STOCK;0;10026408;PULUZ PHOTO CAJA PARA TOMAS DIGITALES  3D;SUMINISTROS;UND;0.0;0.0;0.08;0.12;313.5593;39.19
106;QUISPE HILARIO DIANA ALEXANDRA;HNOLBERTO;1-SIN STOCK;0;10009882;PLANCHA 22MM;SUMINISTROS;UND;0.0;0.0;0.17;0.25;150.0;37.5
107;MEGAESTRUCTURAS LENNON S.R.L.;JCAMACHO;1-SIN STOCK;0;10010042;BOTIQUÍN DE PRIMEROS AUXILIOS – PARED;SUMINISTROS;UND;0.0;0.0;0.5;0.75;23.05;17.26
107;MEGAESTRUCTURAS LENNON S.R.L.;HNOLBERTO;1-SIN STOCK;0;10010041;EXTINTOR DE PQS DE 09 KG;SUMINISTROS;UND;0.0;0.0;0.08;0.12;82.84;10.36
107;MEGAESTRUCTURAS LENNON S.R.L.;HNOLBERTO;1-SIN STOCK;0;10026471;CONOS DE SEGURIDAD DE 70 CM;SUMINISTROS;UND;0.0;0.0;0.17;0.25;37.2246;9.31
108;HUNTER PERU SAC;JCAMACHO;1-SIN STOCK;0;10025072;PULVERIZADOR PARA AIRE DE LIMPIEZA MARCA TRUPER;SUMINISTROS;UND;0.0;0.0;0.25;0.37;38.1356;14.26
108;HUNTER PERU SAC;RFIGUEREDO;1-SIN STOCK;0;10026029;"MANOMETRO CON ROSCA VERTICAL 0-100 PSI C/GLISERINA 2.5"" X 1/4 NPT";REPUESTOS;UND;0.0;0.0;0.17;0.25;55.0847;13.77
108;HUNTER PERU SAC;RFIGUEREDO;1-SIN STOCK;0;10026030;"MANGUERA FLEXIBLE PARA GAS NATURAL 1.5mts. - 3/8"" X 1/2"" X 1/2""";REPUESTOS;UND;0.0;0.0;0.08;0.12;36.0169;4.5
108;HUNTER PERU SAC;RFIGUEREDO;1-SIN STOCK;0;10007242;"TEE HEMBRA 1/4"" NPT";REPUESTOS;UND;0.0;0.0;0.42;0.62;2.9666;1.85
108;HUNTER PERU SAC;JCAMACHO;1-SIN STOCK;0;10013882;ACEITERA MANUAL;SUMINISTROS;UND;0.0;0.0;0.08;0.12;15.2542;1.91
109;MOSQUERA MELENDEZ ERIKA BEATRIZ;HNOLBERTO;1-SIN STOCK;0;10025973;PIEZAS DE RASTREADOR;MATERIALES AUXILIARES;UND;0.0;0.0;0.33;0.5;70.0;34.93
110;QUISPE GUEVARA JOSE YOSMER;HNOLBERTO;1-SIN STOCK;0;10025323;BISAGRA;REPUESTOS;UND;0.0;0.0;1.33;2.0;2.5433;5.08
110;QUISPE GUEVARA JOSE YOSMER;JCAMACHO;1-SIN STOCK;0;10026346;"VALVULA CHECK 1"" - BRONCE";REPUESTOS;UND;0.0;0.0;0.17;0.25;72.0339;18.01
110;QUISPE GUEVARA JOSE YOSMER;RFIGUEREDO;1-SIN STOCK;0;10006162;SILICONA PARA VIDRIO X300ml;SUMINISTROS;UND;0.0;0.0;0.83;1.25;8.47;10.57
111;MV INDUSTRIAL ELECTRONICS SOLUTIONS E.I.R.L.;RFIGUEREDO;1-SIN STOCK;0;10008608;FILTRO DE ACEITE DE DIA. EXT. 50 mm DIA. INT. 25 mm LONG 206 mm;REPUESTOS;UND;0.0;0.0;0.08;0.12;134.6;16.83
111;MV INDUSTRIAL ELECTRONICS SOLUTIONS E.I.R.L.;HNOLBERTO;5-ALCANZA EL MES;41;10019233;FILTRO DE PAPEL B30E;REPUESTOS;UND;1.0;0.0;0.75;0.12;134.6;16.56
112;RASH PERU SAC;HNOLBERTO;1-SIN STOCK;0;10026579;TERMOHIGRÓMETROS;EQUIPOS E INSTRUMENTOS;UND;0.0;0.0;0.25;0.37;88.8983;33.25
113;REFRIGERACION RENZO S.A.;RFIGUEREDO;1-SIN STOCK;0;10026490;ACEITE PARA BOMBA DE VACIO DE 950 ML;SUMINISTROS;UND;0.0;0.0;0.08;0.12;31.7797;3.97
113;REFRIGERACION RENZO S.A.;JCAMACHO;4-EN 30 DIAS;24;10017653;CODO DE COBRE;REPUESTOS;UND;0.0;6.0;7.65;5.48;1.18;6.46
113;REFRIGERACION RENZO S.A.;JCAMACHO;4-EN 30 DIAS;28;10005514;TUBO DE COBRE;REPUESTOS;UND;0.0;4.0;4.33;2.49;7.34;18.25
113;REFRIGERACION RENZO S.A.;JCAMACHO;5-ALCANZA EL MES;31;10008031;UNION DE COBRE;REPUESTOS;UND;0.0;4.0;3.99;1.99;1.18;2.35
113;REFRIGERACION RENZO S.A.;JCAMACHO;5-ALCANZA EL MES;43;10026400;AISLAMIENTO TERMICO ARMAFLEX;REPUESTOS;UND;6.0;2.0;5.66;0.48;2.88;1.39
114;OFESSION E.I.R.L.;RFIGUEREDO;1-SIN STOCK;0;10026946;BALANZA ELECTRONICA COLGANTE CON PANTALLA DIGITAL;EQUIPOS E INSTRUMENTOS;UND;0.0;0.0;0.08;0.12;242.3729;30.3
115;MATSERPLAST ASB SOCIEDAD ANONIMA CERRADA;RFIGUEREDO;1-SIN STOCK;0;10014875;PERNO  M5X12;REPUESTOS;UND;0.0;0.0;0.42;0.62;40.0;24.96
116;INVERS & MULTISERV GENERALES FUSTAMANTE E.I.R.L;JCAMACHO;5-ALCANZA EL MES;44;10024658;PH PARACAS BLACK 4X6;SUMINISTROS;RLL;390.0;0.0;272.46;18.69;1.3347;24.95
117;GROUP SYSTEM COMPANY PERU S.A.C.;HNOLBERTO;1-SIN STOCK;0;10025224;LICENCIA MICROSOFT OFFICE 2021 PROFESIONAL (versión perpetua);SUMINISTROS;UND;0.0;0.0;0.08;0.12;198.816;24.85
118;ELECTRICOS GENERALES IMPORT EXPORT S.R.L;JCAMACHO;4-EN 30 DIAS;20;10017983;MANOMETRO;REPUESTOS;UND;1.0;0.0;1.5;1.25;19.0634;23.75
119;LCRS IMPORTS & SOLUTIONS E.I.R.L.;HNOLBERTO;1-SIN STOCK;0;10026752;PARLANTE ES INTERNOS PARA ACER R+L;SUMINISTROS;UND;0.0;0.0;0.08;0.12;180.0;22.5
120;VALERO ROBLES LUIS MIGUEL;RFIGUEREDO;1-SIN STOCK;0;10012826;ESCARIADOR DE MANO 10MM;SUMINISTROS;UND;0.0;0.0;0.08;0.12;169.4915;21.19
121;ITP SOLUCIONES EIRL;RFIGUEREDO;1-SIN STOCK;0;10024927;"BANDEJA EXTERNA PARA ROLLOS DE ETIQUETAS DE TUCO DE 3""";SUMINISTROS;UND;0.0;0.0;0.08;0.12;160.92;20.12
122;DISTRIBUIDOR AR SOCIEDAD ANONIMA CERRADA;HNOLBERTO;1-SIN STOCK;0;10027214;TUERCA DESLIZANTE EN T PARA PERFIL DE ALUMINIO  M6;REPUESTOS;UND;0.0;0.0;2.5;3.74;4.1525;15.54
122;DISTRIBUIDOR AR SOCIEDAD ANONIMA CERRADA;HNOLBERTO;1-SIN STOCK;0;10023533;TAPACANTO P/ MELAMINE;SUMINISTROS;UND;0.0;0.0;2.08;3.12;1.3559;4.23
123;YIWU JIANLING IMPORT AND EXPORT CO.,LTD;EAVALOS;1-SIN STOCK;0;10007471;CONTACTOR DE 5.5 KW 220 LC1D25 M7;REPUESTOS;UND;0.0;0.0;0.25;0.37;51.632;19.31
124;IMPORTACIONES INDUSTRIALES BENDEZU E.I.R.L.;JCAMACHO;1-SIN STOCK;0;10020629;BROCA DE CENTRAR A 3.15 X 10.00 HSS 92102 GUERING EXTRALARGA;SUMINISTROS;UND;0.0;0.0;0.17;0.25;33.1153;8.28
124;IMPORTACIONES INDUSTRIALES BENDEZU E.I.R.L.;JCAMACHO;1-SIN STOCK;0;10023748;TUERCA CON BRIDA M14;REPUESTOS;UND;0.0;0.0;0.33;0.5;9.4393;4.71
124;IMPORTACIONES INDUSTRIALES BENDEZU E.I.R.L.;RFIGUEREDO;1-SIN STOCK;0;10024573;CALIBRADOR DE GALGAS;SUMINISTROS;UND;0.0;0.0;0.08;0.12;30.2244;3.78
125;JANA GROUP FERRETEROS S.A.C.;JCAMACHO;1-SIN STOCK;0;10023248;"ADAPTADOR PPR DE 1"" CON ROSCA MACHO DE METAL";REPUESTOS;UND;0.0;0.0;0.67;1.0;15.2542;15.22
125;JANA GROUP FERRETEROS S.A.C.;JCAMACHO;1-SIN STOCK;0;10026748;TUBO DE 32 MM PPR;REPUESTOS;UND;0.0;0.0;0.08;0.12;5.9322;0.74
126;ELIO HUAMANTALLA AÑO;RFIGUEREDO;1-SIN STOCK;0;10007565;TANQUE PULMON;SUMINISTROS;UND;0.0;0.0;0.25;0.37;42.3729;15.85
127;BLCH PNEUMATIC SCIENCE &TECHNOLOGY CO.,LTD;JCAMACHO;2-ESTA SEMANA;5;10004009;YEE NEUMATICA M10;REPUESTOS;UND;1.0;0.0;6.57;8.86;1.6887;14.96
128;FEJUCY S.A.C.;JCAMACHO;1-SIN STOCK;0;10004367;PERNO SOCKET M12 X 130;REPUESTOS;UND;0.0;0.0;0.67;1.0;2.6106;2.61
128;FEJUCY S.A.C.;RFIGUEREDO;1-SIN STOCK;0;10004418;PERNO SOCKET M16X120;REPUESTOS;UND;0.0;0.0;0.5;0.75;2.2397;1.68
128;FEJUCY S.A.C.;JCAMACHO;1-SIN STOCK;0;10014659;PERNO AVELLANADO M5 X 14;REPUESTOS;UND;0.0;0.0;11.23;16.84;0.1248;2.1
128;FEJUCY S.A.C.;RFIGUEREDO;1-SIN STOCK;0;10004344;PERNO SOCKET M10 X 55;REPUESTOS;UND;0.0;0.0;1.66;2.5;0.8767;2.19
128;FEJUCY S.A.C.;RFIGUEREDO;1-SIN STOCK;0;10004331;PERNO SOCKET 1/2X2;REPUESTOS;UND;0.0;0.0;2.08;3.12;0.6724;2.1
128;FEJUCY S.A.C.;HNOLBERTO;2-ESTA SEMANA;2;10008169;ARANDELA A PRESION 3/8;REPUESTOS;UND;1.0;0.0;18.3;26.45;0.0337;0.89
128;FEJUCY S.A.C.;JCAMACHO;4-EN 30 DIAS;22;10014600;PRISIONERO M6X10;REPUESTOS;UND;4.0;0.0;5.57;4.36;0.091;0.4
128;FEJUCY S.A.C.;RFIGUEREDO;5-ALCANZA EL MES;37;10004347;PERNO SOCKET 1/4X3/4;REPUESTOS;UND;2.0;0.0;1.66;0.49;0.1248;0.06
128;FEJUCY S.A.C.;JCAMACHO;5-ALCANZA EL MES;42;10004405;PERNO SOCKET M12X30;REPUESTOS;UND;22.0;0.0;15.88;1.83;0.4034;0.74
129;YALAN MAZZA ROCIO ALEXANDRA;RFIGUEREDO;1-SIN STOCK;0;10017689;PANTALON EN TELA DRILL CON CINTA REFLECTIVA COLOR AZUL MARINO TALLA: 40;SUMINISTROS;UND;0.0;0.0;0.25;0.37;33.8983;12.68
130;RODRIGUEZ FUENTES WILBER ALEXIS;RFIGUEREDO;1-SIN STOCK;0;10026051;"VARILLA DE COBRE DE 5/8""";REPUESTOS;UND;0.0;0.0;0.08;0.12;100.0;12.5
131;PSV GROUP PERU E.I.R.L.;HNOLBERTO;1-SIN STOCK;0;10026423;PAPEL KRAFT;SUMINISTROS;RLL;0.0;0.0;0.17;0.25;50.0;12.5
132;JULCA VARGAS DE SALAZAR JESUS MELIDA;JCAMACHO;1-SIN STOCK;0;10018088;BATA DE TELA;SUMINISTROS;UND;0.0;0.0;0.25;0.37;29.661;11.09
133;MULTIREPUESTOS RAMOS PERU E.I.R.L.;RFIGUEREDO;1-SIN STOCK;0;10018760;"GARRUCHAS GIRATORIAS DE 4"" CON FRENO Y ESPIGA  M16";REPUESTOS;UND;0.0;0.0;0.17;0.25;40.2542;10.06
134;SUAREZ AVILA CRISTIAN;JCAMACHO;1-SIN STOCK;0;10026745;"TEE MECANICA SALIDA ROSCADA  3"" X 1""";REPUESTOS;UND;0.0;0.0;0.25;0.37;15.25;5.7
134;SUAREZ AVILA CRISTIAN;JCAMACHO;1-SIN STOCK;0;10026746;"TEE MECANICA 2"" X 1"" RANURADO";REPUESTOS;UND;0.0;0.0;0.17;0.25;11.025;2.76
134;SUAREZ AVILA CRISTIAN;JCAMACHO;1-SIN STOCK;0;10026747;"TAPON DE  3""  RANURADO";REPUESTOS;UND;0.0;0.0;0.08;0.12;10.17;1.27
135;GJK ESMAYDER ELECTRIC S.A.C.;RFIGUEREDO;1-SIN STOCK;0;10025575;STIKERS DE IDENTIFICACION DE CARGAS Y DIFERENCIALES PARA TABLERO ELECTRICO;REPUESTOS;UND;0.0;0.0;2.08;3.12;2.8983;9.04
136;MULTISERVICIOS PREMIUM EXPRESS J Y J E.I.R.L.;JCAMACHO;1-SIN STOCK;0;10008407;VASTAGO;SUMINISTROS;UND;0.0;0.0;0.17;0.25;33.8983;8.47
137;GRIMALDO ZUBIETA ROBERT GIANCARLO;HNOLBERTO;1-SIN STOCK;0;10026739;PISO PARA JEBE NEGRO;SUMINISTROS;UND;0.0;0.0;0.08;0.12;42.3729;5.3
137;GRIMALDO ZUBIETA ROBERT GIANCARLO;HNOLBERTO;1-SIN STOCK;0;10003886;CANDADO 50 MM BRONCE YALE;SUMINISTROS;UND;0.0;0.0;0.08;0.12;25.4237;3.18
138;RIMEDHSA E.I.R.L.;HNOLBERTO;1-SIN STOCK;0;10025483;CUBRE CALZADO CELESTE SIMPLE;SUMINISTROS;CJA;0.0;0.0;4.41;6.61;1.2241;8.09
139;GLOBAL PERU NORTE S.A.C.;JCAMACHO;1-SIN STOCK;0;10025549;TOCAS DESCARTABLES PARA CABELLO;SUMINISTROS;UND;0.0;0.0;0.08;0.12;61.8729;7.73
140;DEF PERU S.A.C.;JCAMACHO;1-SIN STOCK;0;10021956;PIEDRA PARA ESMERIL A60 N5 V1 (152.4X19.05X31.8) ALCAR ABRASIVOS;REPUESTOS;UND;0.0;0.0;0.08;0.12;60.345;7.54
141;BETTER CLEAN SANEAMIENTO S.A.C.;JCAMACHO;1-SIN STOCK;0;10013695;TRAMPA;SUMINISTROS;UND;0.0;0.0;0.42;0.62;9.0;5.62
142;FRIO IMPORTACIONES S.A.C.;HNOLBERTO;1-SIN STOCK;0;10011962;FILTRO DE GAS;SUMINISTROS;UND;0.0;0.0;0.08;0.12;40.848;5.11
143;3M SOLUTIONS S.A.C.;RFIGUEREDO;1-SIN STOCK;0;10018181;TACO METALICO DE EXPANSION 3/8 X 3;REPUESTOS;UND;0.0;0.0;0.42;0.62;1.2712;0.79
143;3M SOLUTIONS S.A.C.;RFIGUEREDO;1-SIN STOCK;0;10026402;UNION MIXTA PVC;REPUESTOS;UND;0.0;0.0;0.08;0.12;2.9661;0.37
143;3M SOLUTIONS S.A.C.;JCAMACHO;4-EN 30 DIAS;19;10010350;TUBO DE PVC;SUMINISTROS;UND;0.0;1.0;1.58;1.37;2.5424;3.48
144;GRUPO HUANCAS IMPORT S.A.C.;JCAMACHO;1-SIN STOCK;0;10004107;TARUGOS;SUMINISTROS;UND;0.0;0.0;35.1;52.65;0.0847;4.46
145;PAES TEXTIL S.A.C.;HNOLBERTO;1-SIN STOCK;0;10005250;CHALECO PARA PERSONAL;SUMINISTROS;UND;0.0;0.0;0.08;0.12;35.0;4.38
146;CORPORACION AMERICANA DEL SONIDO E.I.R.L.;RFIGUEREDO;1-SIN STOCK;0;10026047;MICROFONO CON CABLE;GASTOS ADMINISTRATIVOS;UND;0.0;0.0;0.08;0.12;33.8983;4.24
147;CORPORACION GOLDEN ANKA S.A.C.;HNOLBERTO;1-SIN STOCK;0;10026413;RETARDADOR VINILICO X LT;MATERIALES AUXILIARES;LT;0.0;0.0;0.08;0.12;22.3983;2.8
147;CORPORACION GOLDEN ANKA S.A.C.;HNOLBERTO;1-SIN STOCK;0;10026510;TAPAS DE APLICADOR DE ALUMINIO;SUMINISTROS;UND;0.0;0.0;0.25;0.37;3.0;1.12
148;CAMASCA HIDRAULICOS E.I.R.L;JCAMACHO;1-SIN STOCK;0;10011283;APLICADOR DE SILICONA;SUMINISTROS;UND;0.0;0.0;0.17;0.25;12.711;3.18
148;CAMASCA HIDRAULICOS E.I.R.L;JCAMACHO;1-SIN STOCK;0;10019223;"CODE DE PVC DE 2"" X 45° PARA DESAGUE";REPUESTOS;UND;0.0;0.0;0.08;0.12;3.389;0.42
149;SAHUANAY HUISACAYNA DE ALTAMIRANO MARIA;HNOLBERTO;1-SIN STOCK;0;10025230;CANDADO 60MM ECONOMICO;SUMINISTROS;UND;0.0;0.0;0.25;0.37;8.5;3.18
150;SECURITY CORPORATE SUPPLY S.A.;HNOLBERTO;1-SIN STOCK;0;10025366;PARES DE BALUNES PASIVOS HIKVISION DS-1H18S/E;SUMINISTROS;UND;0.0;0.0;0.17;0.25;12.7119;3.18
151;COMPAÑIA FOOD RETAIL S.A.C.;JCAMACHO;1-SIN STOCK;0;10010849;ACIDO MURIATICO;SUMINISTROS;UND;0.0;0.0;0.17;0.25;12.5424;3.14
152;INVERSIONES NKM E.I.R.L.;JCAMACHO;3-EN 15 DIAS;15;10010995;STICKER PAPEL AUTOADHESIVO;SUMINISTROS;UND;2.0;0.0;4.08;4.11;0.7208;2.96
153;IMPORTADORA MULTIPERNOS INDUSTRIAL E.I.R.L.;HNOLBERTO;3-EN 15 DIAS;9;10025771;PRISIONERO M8 X 10;REPUESTOS;UND;3.0;0.0;10.31;12.47;0.1852;2.31
154;PAUCAR CASTELLARES GERTRUDIZ;RFIGUEREDO;1-SIN STOCK;0;10007094;VENTILADOR DE ALUMINIO PARA MOTOR ELECTRICO;REPUESTOS;UND;0.0;0.0;0.08;0.12;13.5594;1.69
155;COMPAÑIA HARD DISCOUNT S.A.C.;JCAMACHO;1-SIN STOCK;0;10021908;VASO DESCARTABLE (GASTO);GASTOS ADMINISTRATIVOS;UND;0.0;0.0;41.59;62.38;0.0216;1.35
156;CALL MORENO PEDRO ALBERTO;RFIGUEREDO;1-SIN STOCK;0;10013891;PERNO HEXAGONAL  M12X30 CABEZA;REPUESTOS;UND;0.0;0.0;1.25;1.87;0.69;1.29
157;IMPORTACIONES CNR ROMERO SAC;JCAMACHO;1-SIN STOCK;0;10026758;PIN DE EXPANCION 4 X 50 mm;REPUESTOS;UND;0.0;0.0;0.17;0.25;2.5424;0.64
158;CIA COMERCIAL INDUSTRIAL PERUANO SUECA SA;HNOLBERTO;5-ALCANZA EL MES;43;10008504;ACERO AM-AISI 4340 (VCN);SUMINISTROS;UND;0.0;2.0;1.41;0.12;4.032;0.49
