ZONA;NATURALEZA;CODIGO;DESCRIPCION;FAMILIA;UNIDAD;CANTIDAD;VIAJES/ANIO;IMPORTE S/;PROVEEDOR;>> UBICACION (RACK-NIVEL-POSICION);>> ETIQUETA IMPRESA (SI/NO)
A;GENERAL;10008112;PAPEL TOALLA BASICA NATURAL X 200 MT;SUMINISTROS;UND;10.71;193;95.29;DISTRIBUIDORA DAMAFI E.I.R.L.;;
A;SENSIBLE_UV;10004918;"BOLSAS PE 27.5"" X 50"" X 1.8 C/F 2.5";EMPAQUES y EMBALAJES;UND;7956.02;1665;1125.78;IVOM PLAST SAC;;
A;SENSIBLE_UV;10004916;"BOLSAS PE 27""X50"" X 1.8MM NAT C/FUELLE 2.5""";EMPAQUES y EMBALAJES;UND;4410.33;1238;611.71;IVOM PLAST SAC;;
A;SENSIBLE_UV;10003808;STRECH FILM  PRE - ESTIRADO;EMPAQUES y EMBALAJES;UND;35.74;1152;572.4;TIENDAS DEL MEJORAMIENTO DEL HOGAR SA;;
A;SENSIBLE_UV;10015060;"BOLSAS DE  40"" X 29"" X 1.0 EN R1";EMPAQUES y EMBALAJES;UND;483.88;608;80.27;IVOM PLAST SAC;;
A;SENSIBLE_UV;10021829;"BOLSA DE PE 27.5""X50""X 2.5 MICRAS DE PULGADA CON F/L  2.5""";EMPAQUES y EMBALAJES;UND;2764.24;600;1843.75;IVOM PLAST SAC;;
A;SENSIBLE_UV;10004923;"BOLSAS DE P.E. 29.5"" X 50"" X 1.8 C/FUELLE 2.5";EMPAQUES y EMBALAJES;UND;2219.68;564;336.5;IVOM PLAST SAC;;
A;SENSIBLE_UV;10005039;"BOLSAS 27"" X 50"" X 1.8M EN R1 C/FUELLE 2.5";EMPAQUES y EMBALAJES;UND;5682.96;371;2329.44;IVOM PLAST SAC;;
A;SENSIBLE_UV;10014878;"BOLSAS DE 27"" X 40"" X 1.8 C/F 2.5"" EN R1";EMPAQUES y EMBALAJES;UND;84.54;361;27.93;IVOM PLAST SAC;;
A;SENSIBLE_UV;10004919;"BOLSAS DE P.E. 27"" X 40"" X 1.8 C/F 2.5""";EMPAQUES y EMBALAJES;UND;1610.48;347;599.26;IVOM PLAST SAC;;
A;SENSIBLE_UV;10021929;"BOLSA DE PE  27""X50""X 2.5 MICRAS DE PULGADA CON F/L  2.5""";EMPAQUES y EMBALAJES;UND;2455.56;311;1588.5;IVOM PLAST SAC;;
A;SENSIBLE_UV;10025427;"BOLSA 27"" X 42"" X 1.8MM C/FUELLE LATERAL DE 2.5"" NATURAL";EMPAQUES y EMBALAJES;UND;83.47;282;32.23;IVOM PLAST SAC;;
A;SENSIBLE_UV;10025431;"BOLSA 27.5"" X 42"" X 1.8MM R1 C/FUELLE LATERAL DE 2.5""";EMPAQUES y EMBALAJES;UND;7620.12;259;2712.76;IVOM PLAST SAC;;
A;SENSIBLE_UV;10025430;"BOLSA 27"" X 42"" X 1.8MM R1 C/FUELLE LATERAL DE 2.5""";EMPAQUES y EMBALAJES;UND;6920.82;253;2429.21;IVOM PLAST SAC;;
A;SENSIBLE_UV;10023725;"BOLSA 34""X48""X1.5MM ALTA VIRGEN (MUESTRA)";EMPAQUES y EMBALAJES;UND;2696.97;217;1271.08;IVOM PLAST SAC;;
A;SENSIBLE_UV;10004937;"BOLSA 28.5"" X 50"" X 1.8"" R1 C/FUELLE 2.5";EMPAQUES y EMBALAJES;UND;2701.98;191;1168.07;IVOM PLAST SAC;;
B;CORROSIBLE;10015429;RODAMIENTO 6002 2RS C3;REPUESTOS;UND;11.16;28;115.32;RODAMIENTOS SALAS S.R.L;;
B;CORROSIBLE;10007582;RODAMIENTO COD. 6202 2RS /C3;REPUESTOS;UND;3.06;24;49.49;RODAMIENTOS FAB PERU S.A.C.;;
B;CORROSIBLE;10020116;RODAMIENTO;REPUESTOS;UND;3.73;23;69.59;RODAMIENTOS FAB PERU S.A.C.;;
B;CORROSIBLE;10004405;PERNO SOCKET M12X30;REPUESTOS;UND;1.76;23;0.71;FEJUCY S.A.C.;;
B;CORROSIBLE;10004599;RODAMIENTO 6206 2RS C3;REPUESTOS;UND;2.11;18;39.39;RODAMIENTOS FAB PERU S.A.C.;;
B;ELECTRONICO;10007471;CONTACTOR DE 5.5 KW 220 LC1D25 M7;REPUESTOS;UND;0.37;25;19.26;YIWU JIANLING IMPORT AND EXPORT CO.,LTD;;
B;EPP;10006631;TAPON AUDITIVO;SUMINISTROS;UND;38.31;171;19.16;GRUPO ALCA COMPANY S.A.C.;;
B;EPP;10005123;ZAPATO DE SEGURIDAD INDUSTRIAL;SUMINISTROS;PAR;11.18;133;274.88;DISTRIBUIDORA DAMAFI E.I.R.L.;;
B;EPP;10010522;CASCO DE SEGURIDAD MARCA MSA;SUMINISTROS;UND;8.58;93;118.4;HUAYAMBAL CASTILLO JUNIOR ARMANDO;;
B;EPP;10017058;LENTES DE SEGURIDAD HC WARRIOR -S10 LUNA CLARA;SUMINISTROS;UND;3.58;62;8.25;GRUPO ALCA COMPANY S.A.C.;;
B;EPP;10013701;PROTECTOR ANTICORROSIVO ACT6100 TRANSPARENTE;SUMINISTROS;UND;4.46;62;155.48;CONSUMIBLES INDUSTRIALES S.A.C.;;
B;EPP;10023144;GUANTE ANTICORTE HYFLEX 11-727;SUMINISTROS;UND;21.15;43;304.77;DISTRIBUIDORA DAMAFI E.I.R.L.;;
B;EPP;10005060;GUANTES DE HILO 70GR LIVIANO;SUMINISTROS;PAR;38.07;39;129.06;DISTRIBUIDORA DAMAFI E.I.R.L.;;
B;EPP;10024265;PROTECTOR ANTICORROSIVO AC 6000 - AZUL;SUMINISTROS;UND;2.35;36;82.15;CONSUMIBLES INDUSTRIALES S.A.C.;;
B;EPP;10016656;GUANTES;SUMINISTROS;PAR;334.67;31;502.01;INVERSIONES REYNIX S.A.C.;;
B;EPP;10013813;ZAPATO SEGURIDAD IND. T:41;SUMINISTROS;PAR;3.98;26;104.58;DISTRIBUIDORA DAMAFI E.I.R.L.;;
B;EPP;10013812;ZAPATO SEGURIDAD IND. T:40;SUMINISTROS;PAR;3.98;25;107.96;DISTRIBUIDORA DAMAFI E.I.R.L.;;
B;EPP;10005062;GUANTE DE LATEX;SUMINISTROS;UND;136.39;25;16.18;DISTRIBUIDORA DAMAFI E.I.R.L.;;
B;EPP;10013814;ZAPATO SEGURIDAD IND. T:42;SUMINISTROS;PAR;1.98;25;139.58;INDUSTRIAS MANRIQUE S.A.C.;;
B;EPP;10005061;GUANTES DE HILO TEJIDO DE 90 GRAMOS;SUMINISTROS;PAR;74.65;20;271.72;DISTRIBUIDORA DAMAFI E.I.R.L.;;
B;EPP;10013811;ZAPATO SEGURIDAD IND. T:39;SUMINISTROS;PAR;2.61;16;184.11;INDUSTRIAS MANRIQUE S.A.C.;;
B;FILO;10013708;CUCHILLA DE CORTE;SUMINISTROS;UND;30.07;37;68.86;DISTRIBUIDORA DAMAFI E.I.R.L.;;
B;FILO;10008574;BROCA;SUMINISTROS;UND;2.98;22;19.79;TRADE TOOLS CIA S.A.C.;;
B;FILO;10006184;"SIERRA STARRED REDSTRIPE AMARILLA12""x300MM";SUMINISTROS;UND;15.64;20;60.99;DISTRIBUIDORA DAMAFI E.I.R.L.;;
B;FILO;10007931;JUEGO DE MACHO M8 X 1.25 MARCA URANGA;SUMINISTROS;JGO;1.99;16;186.7;MVM METAL IMPORT EIRL;;
B;GENERAL;10005161;PLUMON INDELEBLE F. CASTELL Nø23 P/GRUES;GASTOS ADMINISTRATIVOS;UND;31.09;185;63.74;DIMERC PERU S.A.C.;;
B;GENERAL;10005154;BOLIGRAFO TRILUX  031 FABER CASTELL AZUL;GASTOS ADMINISTRATIVOS;UND;17.95;177;5.92;CONTINENTAL S.A.C.;;
B;GENERAL;10005000;RAFIA DE COLORES H1;EMPAQUES y EMBALAJES;UND;1.56;117;19.89;DISTRIBUIDORA DAMAFI E.I.R.L.;;
B;GENERAL;10007913;PAPEL HIGIENICO X 500 MT;SUMINISTROS;UND;17.42;116;36.29;CLEAR FAST E.I.R.L.;;
B;GENERAL;10007830;LIJA PARA FIERROS # 180 ASA;MATERIALES AUXILIARES;UND;49.02;104;66.67;DISTRIBUIDORA DAMAFI E.I.R.L.;;
B;GENERAL;10007306;TERMINAL DE COBRE ESTAÑO TIPO T70-10;REPUESTOS;UND;13.28;101;40.49;DISTRIBUIDORA DAMAFI E.I.R.L.;;
B;GENERAL;10003900;"TEFLON BLANCO 1/2 """;SUMINISTROS;UND;27.96;97;19.01;DISTRIBUIDORA DAMAFI E.I.R.L.;;
B;GENERAL;10007883;JABON  LIQUIDO PARA MANOS;SUMINISTROS;UND;5.82;95;69.04;FADISE IMPORT S.A.C.;;
B;GENERAL;10003824;CAJAS DE AGUA DE MESA DE 20LT;SUMINISTROS;CAJA;2.31;91;47.31;DIMERC PERU S.A.C.;;
B;GENERAL;10024684;CABLE PARA SOLDAR 1/0 AWG MARCA: CAROLPRENE PROCEDENCIA AMERICANA;REPUESTOS;MT;5.72;83;371.67;ALFA ELECTRIC SOLUTION S.A.C.;;
B;GENERAL;10008978;LIJA AGUA 220;MATERIALES AUXILIARES;UND;32.11;82;27.29;DISTRIBUIDORA DAMAFI E.I.R.L.;;
B;GENERAL;10009900;LIJA DE AGUA #1000;MATERIALES AUXILIARES;UND;21.89;65;21.24;DISTRIBUIDORA DAMAFI E.I.R.L.;;
B;GENERAL;10010823;CONECTOR RAPIDO CODO CORTO 1/4 PARA MANGUERA 10MM;REPUESTOS;UND;44.96;65;41.71;ZHEJIANG JINZHI PNEUMATIC TECHNOLOGY CO.,LTD.;;
B;GENERAL;10005164;ARCHIVADOR ARTESCO T/OFICIO LOMO ANCHO;GASTOS ADMINISTRATIVOS;UND;21.09;60;71.51;CONTINENTAL S.A.C.;;
B;GENERAL;10004009;YEE NEUMATICA M10;REPUESTOS;UND;8.83;53;14.91;BLCH PNEUMATIC SCIENCE &TECHNOLOGY CO.,LTD;;
B;GENERAL;10003753;PILA DURACELL AAA;SUMINISTROS;UND;6.41;52;14.69;DISTRIBUIDORA DAMAFI E.I.R.L.;;
B;GENERAL;10005163;PLUMON P/PIZARRA JUMBO 123;SUMINISTROS;UND;11.2;51;11.18;CONTINENTAL S.A.C.;;
B;GENERAL;10007851;LIJA PARA FIERRO N° 100;MATERIALES AUXILIARES;UND;24.62;49;31.27;DISTRIBUIDORA DAMAFI E.I.R.L.;;
B;GENERAL;10003797;MOLYKOTE PASTA HT1200 AEROSOL INTERFLON;SUMINISTROS;UND;4.72;47;549.76;SUMINISTROS Y DISTRIBUIDORA ANDINA SOCIEDAD ANONIMA CERRADA;;
B;GENERAL;10017347;TONER HP 26A;GASTOS ADMINISTRATIVOS;UND;8.59;45;1373.6;SERMULTEC PACIFIC S.R.L.;;
B;GENERAL;10007853;LIJA PARA AGUA N°400;MATERIALES AUXILIARES;UND;18.32;44;17.04;DISTRIBUIDORA DAMAFI E.I.R.L.;;
B;GENERAL;10007894;LIJA DE FIERRO # 80;MATERIALES AUXILIARES;UND;4.28;38;5.82;DISTRIBUIDORA DAMAFI E.I.R.L.;;
B;GENERAL;10007850;LIJA PARA FIERRO  N°120;MATERIALES AUXILIARES;UND;3.1;38;4.22;DISTRIBUIDORA DAMAFI E.I.R.L.;;
B;GENERAL;10008536;LAVAVAJILLA SAPOLIO;SUMINISTROS;UND;4.35;37;23.99;DISTRIBUIDORA DAMAFI E.I.R.L.;;
B;GENERAL;10007609;ORING 2.62 2-110 (9.19-14.43) NITRILO;REPUESTOS;UND;21.81;34;9.24;RUCONSA S.A.C.;;
B;GENERAL;10004541;CONECTOR NEUMATICO RECTO  M10 X 1/2 NPT;REPUESTOS;UND;10.33;29;61.23;DISTRIBUIDORA DAMAFI E.I.R.L.;;
B;GENERAL;10014509;RESISTENCIA SEGUN PLANO O MUESTRA;REPUESTOS;UND;4.97;29;348.04;RESISTENCIAS INDUSTRIALES Y SERVICIOS W & D PERU S;;
B;GENERAL;10010428;MULTIUSO   WD-40 X 382ML AFLOJATODO;SUMINISTROS;UND;2.36;27;51.97;DISTRIBUIDORA DAMAFI E.I.R.L.;;
B;GENERAL;10014406;ALGODON;SUMINISTROS;PQT;8.44;27;10.71;DISTRIBUIDORA DAMAFI E.I.R.L.;;
B;GENERAL;10004777;UNION M10;REPUESTOS;UND;3.22;24;12.28;DITTO PERU SAC;;
B;GENERAL;10004826;LAMINAS SEPARADORA DE  45 cm x 55 cm.;EMPAQUES y EMBALAJES;KG;90.41;23;171.78;IVOM PLAST SAC;;
B;GENERAL;10025771;PRISIONERO M8 X 10;REPUESTOS;UND;12.43;23;2.3;IMPORTADORA MULTIPERNOS INDUSTRIAL E.I.R.L.;;
B;GENERAL;10005070;LETREROS;MATERIALES AUXILIARES;UND;16.8;22;54.08;DISTRIBUIDORA DAMAFI E.I.R.L.;;
B;GENERAL;10011207;SEÑALES EN CELTEX;SUMINISTROS;UND;11.32;22;54.69;DISTRIBUIDORA DAMAFI E.I.R.L.;;
B;GENERAL;10008209;FAJA B -66;REPUESTOS;UND;4.71;22;75.81;DISTRIBUIDORA DAMAFI E.I.R.L.;;
B;GENERAL;10003968;CONECTOR CODO 1/2 XM10;REPUESTOS;UND;9.83;21;62.51;DISTRIBUIDORA DAMAFI E.I.R.L.;;
B;GENERAL;10007826;ESCOBILLA DE FIERRO 4X 14;SUMINISTROS;UND;0.86;21;4.35;DISTRIBUIDORA DAMAFI E.I.R.L.;;
B;GENERAL;10004008;CONECTOR TEE   NEUMATICA  M10;REPUESTOS;UND;2.59;20;10.97;DITTO PERU SAC;;
B;GENERAL;10004652;SOLDADURA 1/8 CELLOCOR 6011;SUMINISTROS;KG;0.36;20;4.57;TIENDAS DEL MEJORAMIENTO DEL HOGAR SA;;
B;GENERAL;10008169;ARANDELA A PRESION 3/8;REPUESTOS;UND;26.37;20;0.89;FEJUCY S.A.C.;;
B;GENERAL;10017653;CODO DE COBRE;REPUESTOS;UND;5.45;19;6.43;REFRIGERACION RENZO S.A.;;
B;GENERAL;10004157;"LLAVE DE BOLA 1"" MARCA CIM VALVE";REPUESTOS;UND;3.98;18;75.91;DITTO PERU SAC;;
B;GENERAL;10014266;ESPARRAGO;REPUESTOS;UND;3.61;18;10.7;N & A SECURITY S.A.C.;;
B;GENERAL;10024667;"PINZA DE CORTE DE 5"" (PRODUCCIÓN)";SUMINISTROS;UND;4.47;17;56.86;DISTRIBUIDORA DAMAFI E.I.R.L.;;
B;GENERAL;10007877;LOCTITE 495 USA 28.3;SUMINISTROS;UND;0.99;17;61.3;DISTRIBUIDORA DAMAFI E.I.R.L.;;
B;GENERAL;10014646;"BROCHAS TUMI 3""";SUMINISTROS;UND;3.36;16;31.31;DISTRIBUIDORA Y MATIZADOS VELSA ST S.A.C;;
B;GENERAL;10004047;ENCHUFE 15 AMP CON TOMA A TIERRA  .;REPUESTOS;UND;2.12;16;21.51;ARL INDUSTRIAL SAC;;
B;QUIMICO;10008702;SACAGRASA PARA LIMPIEZA DE MAQUINAS;SUMINISTROS;GL;37.95;140;707.31;DISTRIBUIDORA DAMAFI E.I.R.L.;;
B;QUIMICO;10003736;ACEITE HD 68;SUMINISTROS;GL;100.55;94;3173.86;LUBRICANTES PREMIUM S.A.C.;;
B;QUIMICO;10008773;PINTURA SUPER GLOSS;SUMINISTROS;UND;11.72;46;645.43;DISTRIBUIDORA Y MATIZADOS VELSA ST S.A.C;;
B;QUIMICO;10007858;DETERGENTE 15 KILOS SAPOLIO;SUMINISTROS;UND;3.48;35;224.4;DISTRIBUIDORA DAMAFI E.I.R.L.;;
B;QUIMICO;10013420;LIMPIA CONTACTO ELECTRICO/ELECTRONICO CRC3130;REPUESTOS;UND;3.11;27;86.99;DISTRIBUIDORA DAMAFI E.I.R.L.;;
B;QUIMICO;10004489;PINTURA EPOXICA;SUMINISTROS;UND;15.45;27;3143.19;DISTRIBUIDORA Y MATIZADOS VELSA ST S.A.C;;
B;QUIMICO;10008800;SILICONA ROJA EN TUBO - ALTA TEMPERATURA 650  FAHRENHEIT;SUMINISTROS;UND;2.49;18;54.81;DISTRIBUIDORA DAMAFI E.I.R.L.;;
B;QUIMICO;10004488;PINTURA SPRAY;SUMINISTROS;UND;9.2;17;54.59;DISTRIBUIDORA Y MATIZADOS VELSA ST S.A.C;;
B;SENSIBLE_UV;10021828;"BOLSA DE PE  29.5""X50""X 2.5 MICRAS DE PULGADA CON F/L  2.5""";EMPAQUES y EMBALAJES;UND;638.74;177;464.18;IVOM PLAST SAC;;
B;SENSIBLE_UV;10004885;BOBINA DE PLASTICO R1 120CM ANCHO X 1.8;EMPAQUES y EMBALAJES;KG;225.77;162;1264.26;IVOM PLAST SAC;;
B;SENSIBLE_UV;10023736;"BOLSA 26""X50""X1.8 ALTA DENSIDAD (SIN FUELLE)";EMPAQUES y EMBALAJES;UND;410.95;153;54.99;IVOM PLAST SAC;;
B;SENSIBLE_UV;10015064;"BOLSA 26"" X 50"" X 1.8 C/F 2.5"" EN R1";EMPAQUES y EMBALAJES;UND;2923.61;137;1140.21;IVOM PLAST SAC;;
B;SENSIBLE_UV;10003899;"CINTA MASKING TAPE 1 1/2""";EMPAQUES y EMBALAJES;UND;26.15;129;33.21;DISTRIBUIDORA DAMAFI E.I.R.L.;;
B;SENSIBLE_UV;10021930;"BOLSA DE PE  27""X40""X 2.5 MICRAS DE PULGADA CON F/L  2.5""";EMPAQUES y EMBALAJES;UND;14.5;112;7.71;IVOM PLAST SAC;;
B;SENSIBLE_UV;10015065;"BOLSA 28.5"" X 57"" X 1.8MM C/FUELLE EN R1";EMPAQUES y EMBALAJES;UND;886.14;86;436.69;IVOM PLAST SAC;;
B;SENSIBLE_UV;10008979;CINTILLO DE  400 M.M - BOLSA X 100 UNIDADES;MATERIALES AUXILIARES;PQT;9.7;78;83.84;DISTRIBUIDORA DAMAFI E.I.R.L.;;
B;SENSIBLE_UV;10008975;CINTILLO DE 300 M.M  - BOLSA X 100 UNIDADES;MATERIALES AUXILIARES;PQT;7.95;75;47.16;DISTRIBUIDORA DAMAFI E.I.R.L.;;
B;SENSIBLE_UV;10023287;DISCOS DE CARTON CON VALVULA Y LAINA INTERMEDIA DE ALUMINIO  47.6MM TROQ. MOZO;COMPLEMENTO PT;UND;37262.04;69;11841.88;CASTAÑEDA PALZA HENRY MARTIN;;
B;SENSIBLE_UV;10003898;CINTA AISLANTE COLOR NEGRO;REPUESTOS;UND;0.33;65;1.17;DISTRIBUIDORA DAMAFI E.I.R.L.;;
B;SENSIBLE_UV;10004912;"BOLSAS DE 27.5"" X 40"" X 1.8MM NAT CF 2.5";EMPAQUES y EMBALAJES;UND;369.08;50;139.81;IVOM PLAST SAC;;
B;SENSIBLE_UV;10008134;CINTILLOS DE 250MM - BOLSA X 100 UNIDADES;MATERIALES AUXILIARES;CTO;15.66;46;1.2;N & A SECURITY S.A.C.;;
B;SENSIBLE_UV;10021931;"BOLSA DE PE  29""X50""X 2.5 MICRAS DE PULGADA CON F/L  2.5""";EMPAQUES y EMBALAJES;UND;298.42;38;210.95;IVOM PLAST SAC;;
B;SENSIBLE_UV;10007846;"DISCO DE PULIR 4 1/2""";SUMINISTROS;UND;17.16;34;94.52;DISTRIBUIDORA DAMAFI E.I.R.L.;;
B;SENSIBLE_UV;10005202;CUTTER  DE PLASTICO;SUMINISTROS;UND;6.59;31;15.09;DIMERC PERU S.A.C.;;
B;SENSIBLE_UV;10005198;CINTA SCOTH TRANSPARENTE 19 MM X 65 MT 550 3M;SUMINISTROS;UND;6.28;29;30.79;DIMERC PERU S.A.C.;;
B;SENSIBLE_UV;10023762;ETIQUETA ZF-1414000 GALON 4LT PE GRAB NAT TRANSLUCENT - SOLO UNA CARA;EMPAQUES y EMBALAJES;UND;3727.07;28;434.58;GRAFIFLEX PERU S.A.C.;;
B;SENSIBLE_UV;10023755;ETIQUETA ZF-0164000 GALON 4L BCO PERLADO LANOSHAMP CLEAR - POSTERIOR;EMPAQUES y EMBALAJES;UND;648.44;17;47.21;GRAFIFLEX PERU S.A.C.;;
B;SENSIBLE_UV;10008116;RECOGEDORES DE PLASTICO;SUMINISTROS;UND;2.35;16;11.92;N & A SECURITY S.A.C.;;
C;CORROSIBLE;10008191;RODAMIENTO 6205 2RS/C3;REPUESTOS;UND;2.49;14;31.01;RODAMIENTOS FAB PERU S.A.C.;;
C;CORROSIBLE;10014659;PERNO AVELLANADO M5 X 14;REPUESTOS;UND;16.8;13;2.1;FEJUCY S.A.C.;;
C;CORROSIBLE;10004331;PERNO SOCKET 1/2X2;REPUESTOS;UND;3.11;13;2.09;FEJUCY S.A.C.;;
C;CORROSIBLE;10008035;RESORTES ESPECIALES PARA MOLDE;REPUESTOS;UND;3.7;11;18.52;INDUSTRIAL CENTER E.I.R.L.;;
C;CORROSIBLE;10009808;PLANCHA GALVANIZADA;SUMINISTROS;UND;1.24;11;52.5;GRUPO CHEGAR SAC;;
C;CORROSIBLE;10008313;RESORTE DE PRESION S/MUESTRA;REPUESTOS;UND;9.95;10;29.86;INDUSTRIAL CENTER E.I.R.L.;;
C;CORROSIBLE;10008504;ACERO AM-AISI 4340 (VCN);SUMINISTROS;UND;0.12;10;0.46;CIA COMERCIAL INDUSTRIAL PERUANO SUECA SA;;
C;CORROSIBLE;10021693;PERNO HEXAGONAL M16 X 40;REPUESTOS;UND;0.99;8;2.01;DISTRIBUIDORA DAMAFI E.I.R.L.;;
C;CORROSIBLE;10008846;RODAMIENTO 6204 2RS C3;REPUESTOS;UND;2.12;8;23.9;RODAMIENTOS FAB PERU S.A.C.;;
C;CORROSIBLE;10004597;RODAMIENTO 6004 2-RS/C3;REPUESTOS;UND;0.24;7;2.96;CORPORACION RODASUR SAC;;
C;CORROSIBLE;10020389;RODAMIENTO 6308 2RS C3;REPUESTOS;UND;1.37;6;62.45;RODAMIENTOS FAB PERU S.A.C.;;
C;CORROSIBLE;10017688;RESORTE 1S16050;REPUESTOS;UND;3.98;6;19.91;INDUSTRIAL CENTER E.I.R.L.;;
C;CORROSIBLE;10007871;TORNILLO;REPUESTOS;UND;60.96;6;4.88;SOCIEDAD DISTRIBUIDORA FERRETERA S.A.C.;;
C;CORROSIBLE;10020784;RODAMIENTO 6312 2RS C3;REPUESTOS;UND;0.62;5;99.06;RODAMIENTOS FAB PERU S.A.C.;;
C;CORROSIBLE;10010570;PLACA SOMT 12T308PERR-JM VP15TF (ACEROS);SUMINISTROS;UND;7.46;5;161.9;JUFRARVP S.R.LTDA.;;
C;CORROSIBLE;10017356;PERNO SOCKET;REPUESTOS;UND;3.23;4;4.11;DISTRIBUIDORA DAMAFI E.I.R.L.;;
C;CORROSIBLE;10013821;RODAMIENTO DE BOLA SKF 6308 2RS/C3;REPUESTOS;UND;0.75;4;35.28;RODAMIENTOS FAB PERU S.A.C.;;
C;CORROSIBLE;10020402;RODAMIENTO RIGIDO DE BOLAS 6000 2RS/C3;REPUESTOS;UND;6.72;4;65.56;RODAMIENTOS SALAS S.R.L;;
C;CORROSIBLE;10004418;PERNO SOCKET M16X120;REPUESTOS;UND;0.75;4;1.67;FEJUCY S.A.C.;;
C;CORROSIBLE;10004344;PERNO SOCKET M10 X 55;REPUESTOS;UND;2.49;4;2.18;FEJUCY S.A.C.;;
C;CORROSIBLE;10004347;PERNO SOCKET 1/4X3/4;REPUESTOS;UND;0.49;4;0.06;FEJUCY S.A.C.;;
C;CORROSIBLE;10004436;PERNO SOCKET M20 X 90;REPUESTOS;UND;2.24;3;19.17;DISTRIBUIDORA DAMAFI E.I.R.L.;;
C;CORROSIBLE;10010343;"VARILLA DE BRONCE 1/8""";SUMINISTROS;UND;0.5;3;13.51;DISTRIBUIDORA DAMAFI E.I.R.L.;;
C;CORROSIBLE;10009007;PLANCHA ACRILICO TRANSPARENTE ESPESOR 5mm;SUMINISTROS;UND;0.62;3;134.41;CHINCHAY LUCA FRANCISCO DONATILO;;
C;CORROSIBLE;10008895;"PERNO AUTOPERFORANTE 8 X 3/4"" CABEZA EXAGONAL CON ARANDELA";REPUESTOS;UND;124.41;3;14.93;CHINCHAY LUCA FRANCISCO DONATILO;;
C;CORROSIBLE;10010699;PERNO HEXAGONAL M8 X 20;REPUESTOS;UND;7.22;3;1.52;ALFA ELECTRIC SOLUTION S.A.C.;;
C;CORROSIBLE;10022638;RODAMIENTO 3208 2RS/C3;REPUESTOS;UND;0.75;3;140.2;RODAMIENTOS FAB PERU S.A.C.;;
C;CORROSIBLE;10018032;"SELLO MECANICO 56 0 B/ 1 1/8"" RESORTE CORTO CARA DURA DE SILICIO";REPUESTOS;UND;0.37;3;38.81;RODAMIENTOS FAB PERU S.A.C.;;
C;CORROSIBLE;10022609;RODAMIENTO 6210 2RS / C3;REPUESTOS;UND;0.37;3;17.21;RODAMIENTOS FAB PERU S.A.C.;;
C;CORROSIBLE;10025270;"RUEDA DE COCHE DE 6"" (Eje: Rodamiento: 6202)";REPUESTOS;UND;0.5;3;10.13;TUYA MORENO MARISELA MERCEDES BELENITA;;
C;CORROSIBLE;10019624;RODAMIENTO 6012/C3;REPUESTOS;UND;0.75;3;26.64;CORPORACION RODASUR SAC;;
C;CORROSIBLE;10004622;RODAMIENTO 6008-2RS1;REPUESTOS;UND;0.37;3;9.87;CORPORACION RODASUR SAC;;
C;CORROSIBLE;10022766;PLANCHA DE ACRÍLICO TRANSPARENTE 4mm;SUMINISTROS;UND;0.37;2;5.06;DISTRIBUIDORA DAMAFI E.I.R.L.;;
C;CORROSIBLE;10011363;CADENA;REPUESTOS;UND;0.25;2;2.53;DISTRIBUIDORA DAMAFI E.I.R.L.;;
C;CORROSIBLE;10008103;VARILLA DE BRONCE DE 3/8;SUMINISTROS;UND;0.5;2;7.59;DISTRIBUIDORA DAMAFI E.I.R.L.;;
C;CORROSIBLE;10025073;"PERNO DE ANCLAJE 5/8 X 3 1/2"" LARGO";REPUESTOS;UND;1.74;2;3.69;DISTRIBUIDORA DAMAFI E.I.R.L.;;
C;CORROSIBLE;10010033;PERNO HEXAGONAL 1/2 X 2 1/2;REPUESTOS;UND;0.75;2;0.6;DISTRIBUIDORA DAMAFI E.I.R.L.;;
C;CORROSIBLE;10004417;PERNO SOCKET M16X100;REPUESTOS;UND;0.24;2;0.85;DISTRIBUIDORA DAMAFI E.I.R.L.;;
C;CORROSIBLE;10025604;BARRA ROSCADA M10X1mt. Hierro negro;REPUESTOS;UND;0.62;2;13.18;CHINCHAY LUCA FRANCISCO DONATILO;;
C;CORROSIBLE;10015587;PERNO HEXAGONAL;REPUESTOS;UND;0.99;2;2.53;CHINCHAY LUCA FRANCISCO DONATILO;;
C;CORROSIBLE;10025578;BARRA A TIERRA PARA TABLERO ELECTRICO;REPUESTOS;UND;0.87;2;8.71;ALFA ELECTRIC SOLUTION S.A.C.;;
C;CORROSIBLE;10004113;PERNO HEXAGONAL M8 X 30;REPUESTOS;UND;0.5;2;0.08;ALFA ELECTRIC SOLUTION S.A.C.;;
C;CORROSIBLE;10019527;RODAMIENTO 32309 J2/Q;REPUESTOS;UND;0.75;2;98.6;RODAMIENTOS FAB PERU S.A.C.;;
C;CORROSIBLE;10010765;RODAMIENTO 6313 2RS1/C3;REPUESTOS;UND;0.25;2;46.85;RODAMIENTOS FAB PERU S.A.C.;;
C;CORROSIBLE;10007581;RODAMIENTO 6004- ZZ-F604-SNR;REPUESTOS;UND;0.25;2;11.94;RODAMIENTOS FAB PERU S.A.C.;;
C;CORROSIBLE;10015436;RODAMIENTO 6202 2RS C3 (ALTA TEMPERATURA);REPUESTOS;UND;0.5;2;8.21;RODAMIENTOS FAB PERU S.A.C.;;
C;CORROSIBLE;10020303;RODAMIENTO 6305 2RS/ C3;REPUESTOS;UND;0.25;2;4.75;RODAMIENTOS FAB PERU S.A.C.;;
C;CORROSIBLE;10018503;RODAMIENTO 6304 2RS/C3;REPUESTOS;UND;0.25;2;4.23;RODAMIENTOS FAB PERU S.A.C.;;
C;CORROSIBLE;10013877;PERNO DE ANCLAJE;REPUESTOS;UND;1.99;2;3.98;CLEAR FAST E.I.R.L.;;
C;CORROSIBLE;10004060;"ESPATULA DE 4"" 10 CM DE ACERO";SUMINISTROS;UND;0.12;2;1.32;CLEAR FAST E.I.R.L.;;
C;CORROSIBLE;10026437;PERNO ESPECIAL RPTO M2.5x7 J;SUMINISTROS;UND;4.85;2;39.63;JUFRARVP S.R.LTDA.;;
C;CORROSIBLE;10004610;RODAMIENTO 6310 2RS1/C3;REPUESTOS;UND;0.5;2;47.75;RODAMIENTOS SALAS S.R.L;;
C;CORROSIBLE;10025980;EEJE DE VENTILADOR;REPUESTOS;UND;0.25;2;67.23;PLP ELECTRIC SOCIEDAD ANONIMA CERRADA;;
C;CORROSIBLE;10004367;PERNO SOCKET M12 X 130;REPUESTOS;UND;0.99;2;2.6;FEJUCY S.A.C.;;
C;CORROSIBLE;10023308;PERNO SOCKET M24 X 75;REPUESTOS;UND;1.49;1;21.51;DISTRIBUIDORA DAMAFI E.I.R.L.;;
C;CORROSIBLE;10020750;FILTRO DE ACERO INOX TIPO MALLA PARA SISTEMA DE REFRIGERACION;REPUESTOS;UND;1.24;1;15.81;DISTRIBUIDORA DAMAFI E.I.R.L.;;
C;CORROSIBLE;10027002;"VARILLAS ANGULO 1 1/2"" X 1 1/2"" X 3MM GROSOR";SUMINISTROS;UND;0.25;1;10.55;DISTRIBUIDORA DAMAFI E.I.R.L.;;
C;CORROSIBLE;10004420;PERNO SOCKET M16X180;REPUESTOS;UND;0.5;1;7.18;DISTRIBUIDORA DAMAFI E.I.R.L.;;
C;CORROSIBLE;10004378;PERNO SOCKET M20 X 120;REPUESTOS;UND;0.5;1;6.75;DISTRIBUIDORA DAMAFI E.I.R.L.;;
C;CORROSIBLE;10004382;PERNO SOCKET 3/4 X 3;REPUESTOS;UND;1.24;1;5.91;DISTRIBUIDORA DAMAFI E.I.R.L.;;
C;CORROSIBLE;10012847;PERNO SOCKET M20 X 180;REPUESTOS;UND;0.25;1;5.91;DISTRIBUIDORA DAMAFI E.I.R.L.;;
C;CORROSIBLE;10027003;PERNO TIRAFON 5/8;SUMINISTROS;UND;1.49;1;3.28;DISTRIBUIDORA DAMAFI E.I.R.L.;;
C;CORROSIBLE;10016520;PERNO HEXAGONAL M20 X 50;REPUESTOS;UND;0.5;1;2.32;DISTRIBUIDORA DAMAFI E.I.R.L.;;
C;CORROSIBLE;10021197;PERNO HEXAGONAL M 20 X 80 MM;REPUESTOS;UND;0.5;1;1.98;DISTRIBUIDORA DAMAFI E.I.R.L.;;
C;CORROSIBLE;10013571;BOMBA CENTRIFUGA 1HP CON IMPULSOR DE ACERO MODELO CH12-60 / 075 EPLI;REPUESTOS;UND;0.12;1;155.53;CHINCHAY LUCA FRANCISCO DONATILO;;
C;CORROSIBLE;10025969;PLANCHA GALVANIZADO 0.5X1200X2400;SUMINISTROS;UND;1.24;1;89.62;CHINCHAY LUCA FRANCISCO DONATILO;;
C;CORROSIBLE;10024651;KIT EXTRACTOR DE RODAMIENTOS HIDRAULICO;REPUESTOS;UND;0.12;1;73.56;CHINCHAY LUCA FRANCISCO DONATILO;;
C;CORROSIBLE;10018502;BARRA INOX.;REPUESTOS;UND;0.75;1;60.06;CHINCHAY LUCA FRANCISCO DONATILO;;
C;CORROSIBLE;10004646;"TORNILLO DE BANCO DE 8""";SUMINISTROS;UND;0.12;1;43.61;CHINCHAY LUCA FRANCISCO DONATILO;;
C;CORROSIBLE;10025507;RESORTE  Ø EXTERNO 19mm  PASO 8mm LONGITUD 60mm ESPESOR 1.5mm.;REPUESTOS;UND;1.24;1;18.98;CHINCHAY LUCA FRANCISCO DONATILO;;
C;CORROSIBLE;10004742;TUERCA DE FIJACION;REPUESTOS;UND;0.12;1;1.16;CHINCHAY LUCA FRANCISCO DONATILO;;
C;CORROSIBLE;10014336;PERNO HEXAGONAL M14 X 45MM;REPUESTOS;UND;2.99;1;2.69;ALFA ELECTRIC SOLUTION S.A.C.;;
C;CORROSIBLE;10019528;RODAMIENTO 32306 J2/Q;REPUESTOS;UND;0.62;1;76.11;RODAMIENTOS FAB PERU S.A.C.;;
C;CORROSIBLE;10013441;RODAMIENTO NU 316 ECP;REPUESTOS;UND;0.12;1;69.99;RODAMIENTOS FAB PERU S.A.C.;;
C;CORROSIBLE;10017004;RODAMIENTO LEVA/ EJE KR 19 PPA;REPUESTOS;UND;0.25;1;47.05;RODAMIENTOS FAB PERU S.A.C.;;
C;CORROSIBLE;10004619;RODAMIENTO DE BOLA 6312 - 2RS/C3;REPUESTOS;UND;0.25;1;41.27;RODAMIENTOS FAB PERU S.A.C.;;
C;CORROSIBLE;10011127;RODAMIENTO 6311 2RS C3 SKF;REPUESTOS;UND;0.25;1;37.32;RODAMIENTOS FAB PERU S.A.C.;;
C;CORROSIBLE;10004601;RODAMIENTO 6212 2RS C3;REPUESTOS;UND;0.25;1;17.71;RODAMIENTOS FAB PERU S.A.C.;;
C;CORROSIBLE;10007807;RODAMIENTO 22209 E1;REPUESTOS;UND;0.12;1;20.64;RODAMIENTOS FAB PERU S.A.C.;;
C;CORROSIBLE;10020937;RODAMIENTO 6011-2Z;REPUESTOS;UND;0.25;1;15.14;RODAMIENTOS FAB PERU S.A.C.;;
C;CORROSIBLE;10020302;RODAMIENTO 6310 2RS-C3;REPUESTOS;UND;0.12;1;14.16;RODAMIENTOS FAB PERU S.A.C.;;
C;CORROSIBLE;10020363;SELLO MECANICO CON CARAS DURAS DE SILICIO EJE DIAMETRO 20MM, ESTACIONARIO 35MM RESORTE RECTO;REPUESTOS;UND;0.12;1;10.32;RODAMIENTOS FAB PERU S.A.C.;;
C;CORROSIBLE;10026846;RODAMIENTO DE BOLA 6906 2RS;REPUESTOS;UND;0.12;1;5.09;RODAMIENTOS FAB PERU S.A.C.;;
C;CORROSIBLE;10011002;RODAMIENTO 6204 2ZC3;REPUESTOS;UND;0.12;1;1.62;RODAMIENTOS FAB PERU S.A.C.;;
C;CORROSIBLE;10025724;IMPRESORA DE CODIGO DE BARRAS ZEBRA ZD230T;ACTIVOS FIJOS;UND;0.12;1;135.89;SERMULTEC PACIFIC S.R.L.;;
C;CORROSIBLE;10027031;BARRA P/INT ANTIVIBRATORIO C06J SCLCR 04-D07;SUMINISTROS;UND;0.12;1;101.12;TRADE TOOLS CIA S.A.C.;;
C;CORROSIBLE;10020522;PERNO PARA PORTA HERRAMIENTA TS 35A088I/HG;REPUESTOS;UND;0.37;1;5.32;TRADE TOOLS CIA S.A.C.;;
C;CORROSIBLE;10009807;PLANCHA LAC;SUMINISTROS;UND;0.25;1;49.8;CLEAR FAST E.I.R.L.;;
C;CORROSIBLE;10026244;IMPRESORA  CODIGO DE BARRAS TSC 99-057A001-00LF IMP TTP-244 PRO;EQUIPOS DE IMPRESIÓN;UND;0.12;1;132.8;CONSULTORIA EN TECNOLOGIA INFORMATICA Y SERVICIOS GENERALES E.I.R.L.;;
C;CORROSIBLE;10026541;"TUERCA FLARE PARA TUBERIA DE 1/2""";REPUESTOS;UND;0.25;1;1.27;N & A SECURITY S.A.C.;;
C;CORROSIBLE;10026543;"TUERCA FLARE PARA TUBERIA DE 3/8""";REPUESTOS;UND;0.25;1;1.06;N & A SECURITY S.A.C.;;
C;CORROSIBLE;10026540;"TUERCA FLARE PARA TUBERIA DE 1/4""";REPUESTOS;UND;0.25;1;0.84;N & A SECURITY S.A.C.;;
C;CORROSIBLE;10022166;TORNILLOS AUTOROSCANTES PARA TARUGO 1/4;REPUESTOS;UND;6.22;1;0.32;N & A SECURITY S.A.C.;;
C;CORROSIBLE;10020364;SELLO MECANICO CON CARAS DURAS DE SILICIO EJE DIAMETRO 22MM, ESTACIONARIO 35MM RESORTE CONICO;REPUESTOS;UND;0.12;1;9.98;NICOVAL IMPORTACIONES E.I.R.L.;;
C;CORROSIBLE;10010574;PLACA AOMT 123608PEER H VP15TF (ACEROS);SUMINISTROS;CJA;0.12;1;35.17;JUFRARVP S.R.LTDA.;;
C;CORROSIBLE;10017562;TORNILLO I60M3.5x10;SUMINISTROS;UND;1.49;1;12.26;JUFRARVP S.R.LTDA.;;
C;CORROSIBLE;10025762;PERNO ESPECIAL TORX 1.8;SUMINISTROS;UND;1.49;1;10.6;JUFRARVP S.R.LTDA.;;
C;CORROSIBLE;10011003;EJE DE LEVA KR35 PPA SKF O FAG;REPUESTOS;UND;0.5;1;87.68;RODAMIENTOS SALAS S.R.L;;
C;CORROSIBLE;10027193;RODAMIENTO  STB 6017ZZ;REPUESTOS;UND;0.25;1;50.43;RODAMIENTOS SALAS S.R.L;;
C;CORROSIBLE;10011056;EJE DE LEVA KR30C SKF O FAG;REPUESTOS;UND;0.25;1;38.51;RODAMIENTOS SALAS S.R.L;;
C;CORROSIBLE;10018122;RODAMIENTO 638 LUAX;REPUESTOS;UND;0.5;1;11.06;RODAMIENTOS SALAS S.R.L;;
C;CORROSIBLE;10027191;RODAMIENTO 62202 - 2RS / C3;REPUESTOS;UND;0.25;1;9.36;RODAMIENTOS SALAS S.R.L;;
C;CORROSIBLE;10027192;RODAMIENTO 540733CA;REPUESTOS;UND;0.12;1;8.25;RODAMIENTOS SALAS S.R.L;;
C;CORROSIBLE;10027194;RODAMIENTO PS04 - 6205ZZ;REPUESTOS;UND;0.12;1;1.76;RODAMIENTOS SALAS S.R.L;;
C;CORROSIBLE;10020173;"RESORTE DIAM EXT 145mm, DIAM INT 119mm, DIAM ALAMBRE 1/2"", PASO 80mm, LONGITUD TOTAL 500mm";REPUESTOS;UND;0.12;1;32.24;INDUSTRIAL CENTER E.I.R.L.;;
C;CORROSIBLE;10015097;RESORTES 1L26075;REPUESTOS;UND;0.5;1;15.09;INDUSTRIAL CENTER E.I.R.L.;;
C;CORROSIBLE;10020741;RESORTE 1S26075;SUMINISTROS;UND;0.5;1;14.84;INDUSTRIAL CENTER E.I.R.L.;;
C;CORROSIBLE;10003804;BARRAS PARA BOTADORES;SUMINISTROS;UND;0.75;1;6.04;INDUSTRIAL CENTER E.I.R.L.;;
C;CORROSIBLE;10027079;GUIADORES EN ACERO INOXIDABRE  3.04 ESPESOR 1.5 MM;REPUESTOS;UND;2.74;1;273.7;MONTAÑO CUCHO CHARLY YORDANI;;
C;CORROSIBLE;10025630;BOCINA DENTADA PARA FRENO ELECTROMAGNETICO;REPUESTOS;UND;0.12;1;80.6;CROMARSA EIRL;;
C;CORROSIBLE;10027195;ENGRANAJE  VCN ( Z=60 ) , M=1.5);REPUESTOS;UND;0.12;1;74.96;FADISENS SAC;;
C;CORROSIBLE;10027196;ENGRANAJE  (Z=20 , M=1.5);REPUESTOS;UND;0.12;1;32.74;FADISENS SAC;;
C;CORROSIBLE;10009882;PLANCHA 22MM;SUMINISTROS;UND;0.25;1;37.35;QUISPE HILARIO DIANA ALEXANDRA;;
C;CORROSIBLE;10014875;PERNO  M5X12;REPUESTOS;UND;0.62;1;24.88;MATSERPLAST ASB SOCIEDAD ANONIMA CERRADA;;
C;CORROSIBLE;10027214;TUERCA DESLIZANTE EN T PARA PERFIL DE ALUMINIO  M6;REPUESTOS;UND;3.73;1;15.5;DISTRIBUIDOR AR SOCIEDAD ANONIMA CERRADA;;
C;CORROSIBLE;10026051;"VARILLA DE COBRE DE 5/8""";REPUESTOS;UND;0.12;1;12.4;RODRIGUEZ FUENTES WILBER ALEXIS;;
C;CORROSIBLE;10013891;PERNO HEXAGONAL  M12X30 CABEZA;REPUESTOS;UND;1.87;1;1.29;CALL MORENO PEDRO ALBERTO;;
C;ELECTRONICO;10007153;BASE DE RELE INTERFACE 24 VDC MOD: RSLZVA1;REPUESTOS;UND;1.24;13;63.6;ALFA ELECTRIC SOLUTION S.A.C.;;
C;ELECTRONICO;10017983;MANOMETRO;REPUESTOS;UND;1.24;12;23.62;ELECTRICOS GENERALES IMPORT EXPORT S.R.L;;
C;ELECTRONICO;10025974;SENSOR CREAMIC TYPE VPS 201C;REPUESTOS;UND;0.25;2;62.44;TRADE TOOLS CIA S.A.C.;;
C;ELECTRONICO;10004545;RELE TERMICO 12-18A;REPUESTOS;UND;0.12;2;25.01;ARL INDUSTRIAL SAC;;
C;ELECTRONICO;10007115;MANOMETRO CON ROSCA VERTCICAL 0-250 BAR NOVIFIMA;REPUESTOS;UND;0.25;2;16.88;DITTO PERU SAC;;
C;ELECTRONICO;10010985;FUENTE DE 12 VDC 3A;REPUESTOS;UND;0.12;1;2.31;DISTRIBUIDORA DAMAFI E.I.R.L.;;
C;ELECTRONICO;10026421;FUENTE DE ALIMENTACION SITCHING  ENTRADA 220VAC SALIDA 5 VDC 20A;REPUESTOS;UND;0.12;1;16.29;CHINCHAY LUCA FRANCISCO DONATILO;;
C;ELECTRONICO;10027202;SENSOR OPTICO DIFUSO MARCA OMRON MODELO E3Z-LS61;REPUESTOS;UND;0.25;1;308.76;ALFA ELECTRIC SOLUTION S.A.C.;;
C;ELECTRONICO;10027203;SENSOR FOTOELECTRICO  MARCA OMRON MODELO E3Z-R61;REPUESTOS;UND;0.12;1;112.22;ALFA ELECTRIC SOLUTION S.A.C.;;
C;ELECTRONICO;10008641;SELECTOR 2POSICIONES TELEMANIQUE C/ENCLAVAMIENTO-2CONTACTOR N.O;REPUESTOS;UND;0.37;1;44.76;ALFA ELECTRIC SOLUTION S.A.C.;;
C;ELECTRONICO;10015921;RELE TERMICO 5.5 - 8 AMP SCHNEIDER;REPUESTOS;UND;0.12;1;24.18;ALFA ELECTRIC SOLUTION S.A.C.;;
C;ELECTRONICO;10011267;RELE TERMICO LRD14;REPUESTOS;UND;0.12;1;22.57;ALFA ELECTRIC SOLUTION S.A.C.;;
C;ELECTRONICO;10026027;SENSOR DE MOVIMIENTO MINI 8MTS 360° IP20 SERIES  ST-05M OPALUX;SUMINISTROS;UND;0.12;1;4.34;ALFA ELECTRIC SOLUTION S.A.C.;;
C;ELECTRONICO;10016522;CONTACTOR  LC1D38A M7 - SCHNEIDER;REPUESTOS;UND;0.37;1;141.61;ARL INDUSTRIAL SAC;;
C;ELECTRONICO;10020430;REPARTIDOR RIEL TRIFASICO 4P 160 10 MODULOS 15 CONEXIONES MARCA LEGRAND;REPUESTOS;UND;0.25;1;83.35;ARL INDUSTRIAL SAC;;
C;ELECTRONICO;10010815;CONTACTOR LC1D65 220VAC SCHNEIDER;REPUESTOS;UND;0.12;1;81.44;ARL INDUSTRIAL SAC;;
C;ELECTRONICO;10024403;CONTACTOR LC1E3810 M7 SCHNEIDER ELECTRIC;REPUESTOS;UND;0.12;1;27.85;ARL INDUSTRIAL SAC;;
C;ELECTRONICO;10007191;MANOMETRO CONEXION VERTICAL 2 1/2 0 - 250 B;SUMINISTROS;UND;0.12;1;8.41;DITTO PERU SAC;;
C;ELECTRONICO;10013722;MANOMETRO CON GLICERINA ROSCA VERTICAL 1/4 NPT 2 1/2 ESFERA DE RANGO 0-300 BAR;REPUESTOS;UND;0.12;1;1.26;DITTO PERU SAC;;
C;ELECTRONICO;10018205;"MANOMETRO DE 2"" CON ROSCA POSTERIOR DE 1/4 NPT  DE 0 - 16 BAR";REPUESTOS;UND;0.12;1;8.41;DITTO PERU SAC;;
C;ELECTRONICO;10026848;"MANOMETRO CON ROSCA VERTICAL 0-90 PSI C/GLISERINA 2.5"" X 1/4 NPT";REPUESTOS;UND;0.12;1;8.41;DITTO PERU SAC;;
C;ELECTRONICO;10024300;TARJETA INTERFASE 24VDC  ENTRADA NPN/NPN  SALIDAS PNP X16;REPUESTOS;UND;0.62;1;250.18;A & S AUTOMATIZACION INDUSTRIAL S.A.C;;
C;ELECTRONICO;10004251;MODULO  FATEK FBS 24YT;REPUESTOS;UND;0.25;1;109.63;A & S AUTOMATIZACION INDUSTRIAL S.A.C;;
C;ELECTRONICO;10007478;MODULO FATEK FBS-24YJ;REPUESTOS;UND;0.12;1;55.92;A & S AUTOMATIZACION INDUSTRIAL S.A.C;;
C;ELECTRONICO;10007477;MODULO FATEK FBS-24X;REPUESTOS;UND;0.12;1;53.75;A & S AUTOMATIZACION INDUSTRIAL S.A.C;;
C;ELECTRONICO;10007480;MODULO FATEK FBS-CBES ETHERNET;REPUESTOS;UND;0.12;1;27.24;A & S AUTOMATIZACION INDUSTRIAL S.A.C;;
C;ELECTRONICO;10025452;TRANSMISOR INALAMBRICO U-WAVE TCB / TIPO BUZZER;SUMINISTROS;UND;0.12;1;125.14;FESEPSA;;
C;ELECTRONICO;10026029;"MANOMETRO CON ROSCA VERTICAL 0-100 PSI C/GLISERINA 2.5"" X 1/4 NPT";REPUESTOS;UND;0.25;1;13.72;HUNTER PERU SAC;;
C;EPP;10010326;MASCARILLA PARA POLVO N95 M920 - STEELPRO;SUMINISTROS;UND;1.37;12;28.06;HUAYAMBAL CASTILLO JUNIOR ARMANDO;;
C;EPP;10013809;ZAPATO SEGURIDAD IND. T:37;SUMINISTROS;PAR;0.99;11;69.83;INDUSTRIAS MANRIQUE S.A.C.;;
C;EPP;10013808;ZAPATO SEGURIDAD IND. T:36;SUMINISTROS;PAR;1.62;11;41.11;FERNANDEZ QUIROZ GIANNI JONEL;;
C;EPP;10013810;ZAPATO SEGURIDAD IND. T:38;SUMINISTROS;PAR;1.37;10;96.46;INDUSTRIAS MANRIQUE S.A.C.;;
C;EPP;10014787;GUANTES DE NITRILO ANSELL HYFLEX 11-840;SUMINISTROS;PAR;21.77;8;235.14;GRUPO ALCA COMPANY S.A.C.;;
C;EPP;10018344;GUANTES DE BADANA REFORZADO;SUMINISTROS;PAR;2.36;7;12.01;DISTRIBUIDORA DAMAFI E.I.R.L.;;
C;EPP;10004146;LINTERNA  PARA CASCO  MANOS LIBRE RECARGABLE;SUMINISTROS;UND;0.37;7;9.07;DISTRIBUIDORA DAMAFI E.I.R.L.;;
C;EPP;10022252;ZAPATO SEGURIDAD IND. T:44;SUMINISTROS;UND;0.99;7;70.11;INDUSTRIAS MANRIQUE S.A.C.;;
C;EPP;10015809;"GUANTES DE NITRILO SOL-VEX VERDE 13"" LARGO 0.15MM CON FLOCK (37175)";SUMINISTROS;PAR;0.87;5;4.39;HUAYAMBAL CASTILLO JUNIOR ARMANDO;;
C;EPP;10015171;BOTADOR  Ø12 X 120;REPUESTOS;UND;4.35;4;19.2;INDUSTRIAL CENTER E.I.R.L.;;
C;EPP;10004671;TAPON 1/4 BRONCE;SUMINISTROS;UND;0.37;3;1.83;ARL INDUSTRIAL SAC;;
C;EPP;10022915;TAPON DE PVC;REPUESTOS;UND;0.87;3;2.18;CLEAR FAST E.I.R.L.;;
C;EPP;10026755;GUANTE DE PROTECCIÓN NITRILO ORIGINAL SPANDEX AC-840 ALLSAFE;SUMINISTROS;PAR;8.83;3;98.93;GRUPO ALCA COMPANY S.A.C.;;
C;EPP;10007272;TAPON HIDRAULICO MACHO - JIC 3/8;REPUESTOS;UND;0.75;2;2.53;DITTO PERU SAC;;
C;EPP;10016836;"TAPON HIDRAULICO HEMBRA - JIC 3/8""";REPUESTOS;UND;0.75;2;2.53;DITTO PERU SAC;;
C;EPP;10004674;TAPON 3/4 NPT;SUMINISTROS;UND;0.37;2;0.94;DITTO PERU SAC;;
C;EPP;10004866;GUANTE DE CUERO;SUMINISTROS;UND;0.25;2;6.58;HUAYAMBAL CASTILLO JUNIOR ARMANDO;;
C;EPP;10013905;GUANTE TEJIDO KEVLAR / TWARON GALGA 7 - USO  CORTE Y CALOR;SUMINISTROS;UND;0.25;1;15.61;DISTRIBUIDORA DAMAFI E.I.R.L.;;
C;EPP;10017296;MASCARILLAS KN95;SUMINISTROS;UND;2.49;1;2.74;DISTRIBUIDORA DAMAFI E.I.R.L.;;
C;EPP;10007696;"TAPON HIDRAULICO HEMBRA - JIC 1/4""";REPUESTOS;UND;1.24;1;4.22;DITTO PERU SAC;;
C;EPP;10013195;"TAPON HIDRAULICO MACHO - JIC 1/4""";REPUESTOS;UND;0.99;1;3.37;DITTO PERU SAC;;
C;EPP;10013196;"TAPON HIDRAULICO HEMBRA - JIC 1/2""";REPUESTOS;UND;0.25;1;1.05;DITTO PERU SAC;;
C;EPP;10016299;TAPON NPT DE 1/8;REPUESTOS;UND;0.12;1;0.21;DITTO PERU SAC;;
C;EPP;10015811;GUANTES AISLANTES 00-500V;SUMINISTROS;PAR;0.12;1;17.31;GRUPO ALCA COMPANY S.A.C.;;
C;EPP;10013765;GUANTE CUERO BADANA USO GENERAL PUÑO CORTO;SUMINISTROS;PAR;0.25;1;1.29;GRUPO ALCA COMPANY S.A.C.;;
C;EPP;10005063;GUANTE ANTICORTE CUT 5;SUMINISTROS;UND;0.12;1;1.18;GRUPO ALCA COMPANY S.A.C.;;
C;EPP;10026211;TAPON PARA RACOR DE TUB 10MMMOD: QSC - 10H (153270);REPUESTOS;UND;3.73;1;33.59;FOREST - ELECTROMECHANIC SOLUTION EIRL;;
C;EPP;10026697;BOTADOR DIAMETRO 4 M.M. X 100 M.M.;SUMINISTROS;UND;1.49;1;15.53;INDUSTRIAL CENTER E.I.R.L.;;
C;EPP;10026698;BOTADOR DIAMETRO 5 M.M. X 100 M.M.;SUMINISTROS;UND;1.49;1;9.41;INDUSTRIAL CENTER E.I.R.L.;;
C;EPP;10026747;"TAPON DE  3""  RANURADO";REPUESTOS;UND;0.12;1;1.26;SUAREZ AVILA CRISTIAN;;
C;EPP;10005250;CHALECO PARA PERSONAL;SUMINISTROS;UND;0.12;1;4.34;PAES TEXTIL S.A.C.;;
C;FILO;10015804;BROCA DE CENTRAR DE 3.15MM;SUMINISTROS;UND;3.11;15;97.07;SOLES RAMIREZ RAFAEL DANIEL;;
C;FILO;10017276;FRESA CARB PLANA 4C  GM-4E-D6.0;SUMINISTROS;UND;0.86;11;27.57;IMPORT TOOLS E. RICHARD S.A.C.;;
C;FILO;10003781;JUEGO DE MACHO M10;SUMINISTROS;JGO;1.37;11;172.86;MVM METAL IMPORT EIRL;;
C;FILO;10021164;CUCHILLA PARA CUTTER;SUMINISTROS;UND;3.98;10;2.02;DISTRIBUIDORA DAMAFI E.I.R.L.;;
C;FILO;10020701;BROCA DE 8 mm;SUMINISTROS;UND;1.36;10;21.87;SOLES RAMIREZ RAFAEL DANIEL;;
C;FILO;10019746;FRESA CARBURADA PLANA 4C GM-4E D4.0;SUMINISTROS;UND;0.62;9;19.73;IMPORT TOOLS E. RICHARD S.A.C.;;
C;FILO;10007932;JUEGO DE MACHO M6;SUMINISTROS;JGO;1.12;9;77.78;KOVES PERU SAC;;
C;FILO;10017242;FRESA CARB PLANA 4C  GM-4E-D3.0S;SUMINISTROS;UND;1.62;8;48.51;IMPORT TOOLS E. RICHARD S.A.C.;;
C;FILO;10019747;FRESA CARBURADA PLANA 4C GM-4E D5.0;SUMINISTROS;UND;0.49;8;15.77;IMPORT TOOLS E. RICHARD S.A.C.;;
C;FILO;10017277;FRESA CARB PLANA 4C  GM-4E-D8.0;SUMINISTROS;UND;1.74;7;93.63;IMPORT TOOLS E. RICHARD S.A.C.;;
C;FILO;10017282;FRESA CARB ESFERICA  GM-2B-R1.5;SUMINISTROS;UND;1.24;7;31.42;IMPORT TOOLS E. RICHARD S.A.C.;;
C;FILO;10019750;FRESA CARBURADA PLANA 4C HMX-4E-D4.0;SUMINISTROS;UND;0.62;7;21.98;IMPORT TOOLS E. RICHARD S.A.C.;;
C;FILO;10011290;PLACA CARBURADA APKT11T308-APM YBS303;SUMINISTROS;CJA;14.56;6;235.39;IMPORT TOOLS E. RICHARD S.A.C.;;
C;FILO;10017284;FRESA CARB ESFERICA  GM-2B-R5.0;SUMINISTROS;UND;1.24;6;129.3;IMPORT TOOLS E. RICHARD S.A.C.;;
C;FILO;10020927;FRESA CARBURADA PLANA 4C HMX-4E-D2.0;SUMINISTROS;UND;1.87;6;95.74;IMPORT TOOLS E. RICHARD S.A.C.;;
C;FILO;10013280;FRESA CARBURADA DE 4MM;SUMINISTROS;UND;0.87;6;27.9;IMPORT TOOLS E. RICHARD S.A.C.;;
C;FILO;10024931;PLACA CARB P/ FRESAR JDMT 070204R JP4120;SUMINISTROS;CJA;1.74;6;48.18;JUFRARVP S.R.LTDA.;;
C;FILO;10019752;FRESA CARBURADA PLANA 4C HMX-4E-D6.0;SUMINISTROS;UND;1.37;6;45.27;JUFRARVP S.R.LTDA.;;
C;FILO;10013577;JUEGO DE MACHO M12;SUMINISTROS;UND;0.75;6;119.51;MVM METAL IMPORT EIRL;;
C;FILO;10003988;JUEGO DE MACHO M5;SUMINISTROS;UND;0.75;6;50.29;MVM METAL IMPORT EIRL;;
C;FILO;10009896;MACHO 1/8 NPT;SUMINISTROS;UND;0.62;6;50.85;MVM METAL IMPORT EIRL;;
C;FILO;10017283;FRESA CARB ESFERICA  GM-2B-R4.0;SUMINISTROS;UND;1.24;5;81.31;IMPORT TOOLS E. RICHARD S.A.C.;;
C;FILO;10017278;FRESA CARB PLANA 4C  GM-4E-D10.0;SUMINISTROS;UND;0.87;5;76.75;IMPORT TOOLS E. RICHARD S.A.C.;;
C;FILO;10017281;FRESA CARB ESFERICA  GM-2B-R3.0;SUMINISTROS;UND;1.12;5;47.03;IMPORT TOOLS E. RICHARD S.A.C.;;
C;FILO;10017279;FRESA CARB PLANA 4C  GM-4E-D12.0;SUMINISTROS;UND;0.24;5;27.5;IMPORT TOOLS E. RICHARD S.A.C.;;
C;FILO;10016450;MACHO PARA MAQUINA HEL M6X1.0 HSSE;SUMINISTROS;UND;1.62;5;100.42;TRADE TOOLS CIA S.A.C.;;
C;FILO;10022500;FRESA CARBURADA PLANA 4C HMX-4E-D1.0;SUMINISTROS;UND;1.62;5;57.27;JUFRARVP S.R.LTDA.;;
C;FILO;10021431;BROCA DE 10MM;SUMINISTROS;UND;1.12;5;27.27;SOLES RAMIREZ RAFAEL DANIEL;;
C;FILO;10015230;BROCA 6MM;SUMINISTROS;UND;0.99;5;9.06;SOLES RAMIREZ RAFAEL DANIEL;;
C;FILO;10019928;PLACA CARB P/TRONZADO ZPFD0302-MG YB9320 - ZCC;SUMINISTROS;CJA;0.5;4;13.1;IMPORT TOOLS E. RICHARD S.A.C.;;
C;FILO;10023052;FRESA CARBURADA PLANA D0.5mm;SUMINISTROS;UND;1.37;4;41.79;IMPORT TOOLS E. RICHARD S.A.C.;;
C;FILO;10026117;BROCA DE 8.5MM;SUMINISTROS;UND;0.75;4;37.93;CHINCHAY LUCA FRANCISCO DONATILO;;
C;FILO;10014196;PLACA CARBURADA P/ FRESAR AXMT060204R EM-TT9080;SUMINISTROS;CJA;0.62;4;26.09;TRADE TOOLS CIA S.A.C.;;
C;FILO;10023630;BROCA DE 5MM;SUMINISTROS;UND;0.87;4;8.37;TRADE TOOLS CIA S.A.C.;;
C;FILO;10003744;ADAPTADOR MACHO 1/4 NPT A 1/4 JIC;REPUESTOS;UND;1.49;4;5.06;DITTO PERU SAC;;
C;FILO;10017257;PLACA CARB P/FRESAR ALT AVANCE BLMP0603R M-ST9020;SUMINISTROS;UND;13.69;4;102.28;JUFRARVP S.R.LTDA.;;
C;FILO;10018393;PLACA CARB P/FRESAR ZOHX1203-GM-YBG252;SUMINISTROS;UND;3.73;3;200.32;IMPORT TOOLS E. RICHARD S.A.C.;;
C;FILO;10013797;PLACA CARB P/TORNEAR WNMG080408-XM YBC-203;SUMINISTROS;UND;6.22;3;111.09;IMPORT TOOLS E. RICHARD S.A.C.;;
C;FILO;10019755;FRESA CARBURADA PLANA 4C HMX-4E-D12.0;SUMINISTROS;UND;0.5;3;99.34;IMPORT TOOLS E. RICHARD S.A.C.;;
C;FILO;10019925;PLACA CARB P/RANURADO ZTFD0303-MM YB9320 - ZCC;SUMINISTROS;CJA;1.62;3;51.27;IMPORT TOOLS E. RICHARD S.A.C.;;
C;FILO;10020873;FRESA ESFERICA PM-2BC10- R 0.25- M05 -ZCC;SUMINISTROS;UND;1.49;3;74.82;IMPORT TOOLS E. RICHARD S.A.C.;;
C;FILO;10019926;PLACA CARB P/TORNEAR VNMG160404-XF YBC-203;SUMINISTROS;UND;3.73;3;59.83;IMPORT TOOLS E. RICHARD S.A.C.;;
C;FILO;10026188;FRESA CARBURADA PLANA D 0.3;SUMINISTROS;UND;1.37;3;48.91;IMPORT TOOLS E. RICHARD S.A.C.;;
C;FILO;10019218;PLACA CARBURADA P/TORNEAR VNMG160404-MP MC6025 MITSUBISHI;SUMINISTROS;CJA;1.37;3;22.8;IMPORT TOOLS E. RICHARD S.A.C.;;
C;FILO;10022928;PLACA CARBURADA P/TORNEAR YB9320 CCMT060204-AHF CCMT2(1.5)1-AHF;SUMINISTROS;UND;2.49;3;26.86;IMPORT TOOLS E. RICHARD S.A.C.;;
C;FILO;10016641;MACHO PARA MAQUINA HEL M8X1.25 HSSE;SUMINISTROS;UND;1.12;3;74.09;TRADE TOOLS CIA S.A.C.;;
C;FILO;10023629;BROCA DE 4MM;SUMINISTROS;UND;0.62;3;6.57;TRADE TOOLS CIA S.A.C.;;
C;FILO;10020702;BROCA DE 1.5 mm;SUMINISTROS;UND;1.37;3;12.32;TRADE TOOLS CIA S.A.C.;;
C;FILO;10024325;FRESA CARB ESFERICA R2.0;SUMINISTROS;UND;0.75;3;17.27;JUFRARVP S.R.LTDA.;;
C;FILO;10014586;JUEGO DE MACHO DE 1/2;SUMINISTROS;JGO;0.37;3;61.55;MVM METAL IMPORT EIRL;;
C;FILO;10007933;"JUEGO DE MACHO 3/8""";SUMINISTROS;JGO;0.37;3;45.07;MVM METAL IMPORT EIRL;;
C;FILO;10014994;PLACA CARBURADA P/ FRESAR 8 FILOS SNEG1205ANR-GR YBG-205;SUMINISTROS;UND;3.73;3;93.79;KOVES PERU SAC;;
C;FILO;10024474;BROCA DE 11MM;SUMINISTROS;UND;0.87;3;39.7;SOLES RAMIREZ RAFAEL DANIEL;;
C;FILO;10021429;BROCA DE 7MM;SUMINISTROS;UND;0.87;3;11.24;SOLES RAMIREZ RAFAEL DANIEL;;
C;FILO;10023248;"ADAPTADOR PPR DE 1"" CON ROSCA MACHO DE METAL";REPUESTOS;UND;0.99;3;15.18;JANA GROUP FERRETEROS S.A.C.;;
C;FILO;10019748;FRESA CARBURADA PLANA 4C UM-4E-D10.0;SUMINISTROS;UND;0.5;2;85.32;IMPORT TOOLS E. RICHARD S.A.C.;;
C;FILO;10025739;PORTA P/FRESAR-RANUR/ACABADO AEM90-AP11-D17-C16-L150-Z02;SUMINISTROS;UND;0.37;2;100.91;IMPORT TOOLS E. RICHARD S.A.C.;;
C;FILO;10014855;PLACA CARB P/ BROCA SPGT07T308-PM YBG-205;SUMINISTROS;CJA;0.25;2;4.32;IMPORT TOOLS E. RICHARD S.A.C.;;
C;FILO;10019754;FRESA CARBURADA PLANA 4C HMX-4E-D10.0;SUMINISTROS;UND;0.25;2;38.57;IMPORT TOOLS E. RICHARD S.A.C.;;
C;FILO;10018570;PLACA CARB P/TORNEAR WNMG080404- MA VP15TF;SUMINISTROS;UND;1.37;2;22.84;IMPORT TOOLS E. RICHARD S.A.C.;;
C;FILO;10022465;FRESA CARBURADA PLANA 4C HMX-4E-D3.0;SUMINISTROS;UND;0.62;2;23.12;IMPORT TOOLS E. RICHARD S.A.C.;;
C;FILO;10020810;FRESA CARBURADA PLANA LARGA 4C HMX-4E-D6.0 x 100 mm;SUMINISTROS;UND;0.37;2;22.03;IMPORT TOOLS E. RICHARD S.A.C.;;
C;FILO;10019751;FRESA CARBURADA PLANA 4C HMX-4E-D5.0;SUMINISTROS;UND;0.25;2;18.63;IMPORT TOOLS E. RICHARD S.A.C.;;
C;FILO;10021044;FRESA CARBURADA- GM-4R-D8.0R0.5- ZCC;SUMINISTROS;UND;0.25;2;16.17;IMPORT TOOLS E. RICHARD S.A.C.;;
C;FILO;10021012;FRESA CARBURADA- GM-4R-D6.0R1.0 -ZCC;SUMINISTROS;UND;0.25;2;8.4;IMPORT TOOLS E. RICHARD S.A.C.;;
C;FILO;10011588;JUEGO DE BROCA EN MILIMETROS;SUMINISTROS;JGO;0.25;2;185.69;CHINCHAY LUCA FRANCISCO DONATILO;;
C;FILO;10021430;BROCA DE 10.5MM;SUMINISTROS;UND;0.5;2;31.65;CHINCHAY LUCA FRANCISCO DONATILO;;
C;FILO;10020212;BROCA EXTRA LARGA DE 16MM X 250MM;SUMINISTROS;UND;0.25;2;46.42;CHINCHAY LUCA FRANCISCO DONATILO;;
C;FILO;10015882;BROCA PARA CENTRAR DE 8MM;SUMINISTROS;UND;0.37;2;34.77;CHINCHAY LUCA FRANCISCO DONATILO;;
C;FILO;10015537;BROCA DE 4.2MM;SUMINISTROS;UND;0.5;2;10.55;CHINCHAY LUCA FRANCISCO DONATILO;;
C;FILO;10015536;BROCA DE 3.3MM;SUMINISTROS;UND;0.25;2;3.16;CHINCHAY LUCA FRANCISCO DONATILO;;
C;FILO;10017238;"MACHO PARA MAQUINA  NPT  1/4""X18 HSSE N°1087";SUMINISTROS;UND;0.5;2;181.02;TRADE TOOLS CIA S.A.C.;;
C;FILO;10015513;"MACHO PARA MAQUINA M1/2""X13 HSSE";SUMINISTROS;UND;0.5;2;91.56;TRADE TOOLS CIA S.A.C.;;
C;FILO;10019957;PLACA CARB P/TORNEAR CCGT040102 L-FF-TT9020;SUMINISTROS;CJA;1.24;2;84.83;TRADE TOOLS CIA S.A.C.;;
C;FILO;10018473;PLACA CARBURADA P/TORNEAR VNMG160404 EA-TT9080;SUMINISTROS;CJA;0.12;2;76.63;TRADE TOOLS CIA S.A.C.;;
C;FILO;10016162;PORTA BROCA CAP. Ø16MM B18;SUMINISTROS;UND;0.25;2;32.03;TRADE TOOLS CIA S.A.C.;;
C;FILO;10004576;BROCA DE COBALTO 4MM;SUMINISTROS;UND;0.5;2;11.53;TRADE TOOLS CIA S.A.C.;;
C;FILO;10009876;BROCA DE CONCRETO DE 3/8;SUMINISTROS;UND;0.12;2;2.11;CLEAR FAST E.I.R.L.;;
C;FILO;10014774;"UNION HIDRAULICA MACHO MACHO JIC 1/4""";REPUESTOS;UND;0.75;2;5.06;DITTO PERU SAC;;
C;FILO;10014075;INSERTO VNMG160408 - MP MC6025 MITSUBISHI;SUMINISTROS;CJA;1.37;2;29.86;JUFRARVP S.R.LTDA.;;
C;FILO;10016842;FRESA CARBURADA ESFERICA R 0.75;SUMINISTROS;UND;0.87;2;20.16;JUFRARVP S.R.LTDA.;;
C;FILO;10023031;PLACA CARB P/TORNEAR-CCMT09T304-MP MC6025;SUMINISTROS;UND;2.49;2;37.61;JUFRARVP S.R.LTDA.;;
C;FILO;10008498;FRESA ESFERICA DE 6MM;SUMINISTROS;UND;0.25;2;9.45;JUFRARVP S.R.LTDA.;;
C;FILO;10015074;FRESA CARB ESFERICA LARGA HMX-2BL-R4.0;SUMINISTROS;UND;0.62;2;83.86;KOVES PERU SAC;;
C;FILO;10020876;FRESA ESFERICA PM-2B - R 0.5 - ZCC;SUMINISTROS;UND;0.5;2;15.04;KOVES PERU SAC;;
C;FILO;10021927;BROCA DE 2.5mm;SUMINISTROS;UND;0.5;2;2.18;SOLES RAMIREZ RAFAEL DANIEL;;
C;FILO;10025798;CUCHILLA CORTADORA PARA MAYÓLICA RUBÍ DE 10 MM;REPUESTOS;UND;0.25;2;15.4;LOPEZ VILELA LORENZO;;
C;FILO;10025741;PORTA P/FRESAR-RANUR/ACABADO AEM90-AP11-D26-C25-L150-Z03;SUMINISTROS;UND;0.37;1;133.46;IMPORT TOOLS E. RICHARD S.A.C.;;
C;FILO;10014996;BROCA PORTA INSERTOS ZTD03-220-XP25-SP07-02;SUMINISTROS;UND;0.12;1;83.71;IMPORT TOOLS E. RICHARD S.A.C.;;
C;FILO;10019749;FRESA CARBURADA PLANA 4C UM-4E-D12.0;SUMINISTROS;UND;0.25;1;70.54;IMPORT TOOLS E. RICHARD S.A.C.;;
C;FILO;10025740;PORTA P/FRESAR-RANUR/ACABADO AEM90-AP11-D21-C20-L150-Z03;SUMINISTROS;UND;0.37;1;103.44;IMPORT TOOLS E. RICHARD S.A.C.;;
C;FILO;10027256;PORTA P/FRESAR-RANURA/ACABAD EMP01-026-G25-AP11-03(35/250);SUMINISTROS;UND;0.12;1;58.21;IMPORT TOOLS E. RICHARD S.A.C.;;
C;FILO;10027255;PORTA P/FRESAR-PLANEA/ESCUADRA EMP02-050-A22-AP11-06 - ZCC;SUMINISTROS;UND;0.12;1;56.78;IMPORT TOOLS E. RICHARD S.A.C.;;
C;FILO;10020812;FRESA CARBURADA PLANA LARGA 4C HMX-4E-D10.0 x 100 mm;SUMINISTROS;UND;0.25;1;44.41;IMPORT TOOLS E. RICHARD S.A.C.;;
C;FILO;10024429;FRESA CARBURADA DE DIAMETRO 12 EXTRA LARGA PM-4EX-D12-G  ZCC;SUMINISTROS;UND;0.12;1;31.02;IMPORT TOOLS E. RICHARD S.A.C.;;
C;FILO;10023004;FRESA ESFERICA DE R6.0 MM;SUMINISTROS;UND;0.25;1;39.82;IMPORT TOOLS E. RICHARD S.A.C.;;
C;FILO;10013279;FRESA ESFERICA DE 12MM;SUMINISTROS;UND;0.25;1;38.65;IMPORT TOOLS E. RICHARD S.A.C.;;
C;FILO;10020811;FRESA CARBURADA PLANA LARGA 4C HMX-4E-D8.0 x 100mm;SUMINISTROS;UND;0.25;1;36.6;IMPORT TOOLS E. RICHARD S.A.C.;;
C;FILO;10018394;CONO PORTA FRESA BT40-FMB22-100L;SUMINISTROS;UND;0.12;1;34.95;IMPORT TOOLS E. RICHARD S.A.C.;;
C;FILO;10021478;PLACA CARB P/FRESAR ZCC SEET120308PER-APR-YB9320;SUMINISTROS;UND;1.24;1;32.66;IMPORT TOOLS E. RICHARD S.A.C.;;
C;FILO;10020928;FRESA CARBURADA PLANA 4C HMX-4E-D1.5;SUMINISTROS;UND;0.25;1;13.94;IMPORT TOOLS E. RICHARD S.A.C.;;
C;FILO;10021060;FRESA CARBURADA DE DIAMETRO 8 EXTRA LARGA PM-4EX-D8-G  ZCC;SUMINISTROS;UND;0.25;1;28.65;IMPORT TOOLS E. RICHARD S.A.C.;;
C;FILO;10025076;PLACA CARBURADA TNMG160408 EM-TT5080 MARCA TAEGUTEC;SUMINISTROS;UND;1.24;1;25.2;IMPORT TOOLS E. RICHARD S.A.C.;;
C;FILO;10020874;FRESA ESFERICA PM-2BC10- R 0.3- M08 - ZCC;SUMINISTROS;UND;0.37;1;24.72;IMPORT TOOLS E. RICHARD S.A.C.;;
C;FILO;10013937;FRESA CARBURADA DE 14MM;SUMINISTROS;UND;0.12;1;21.72;IMPORT TOOLS E. RICHARD S.A.C.;;
C;FILO;10017252;PLACA CARB P/FRESAR APKT11T308-APF YB9320;SUMINISTROS;UND;1.24;1;19.43;IMPORT TOOLS E. RICHARD S.A.C.;;
C;FILO;10026945;FRESA CARB ESFERICA  GM-2B-R2.5;SUMINISTROS;UND;0.37;1;20.83;IMPORT TOOLS E. RICHARD S.A.C.;;
C;FILO;10015283;FRESA CARB ESFERICA LARGA HM-2BL-R2.0;SUMINISTROS;UND;0.5;1;20.32;IMPORT TOOLS E. RICHARD S.A.C.;;
C;FILO;10019972;PLACA CARB P/TORNEAR- CCMT09T308-MP MC6025;SUMINISTROS;CJA;0.12;1;20.29;IMPORT TOOLS E. RICHARD S.A.C.;;
C;FILO;10019744;PLACA CARBURADA PARA BROCA SPGT050204-PM YBG-205-ZCC-CT;SUMINISTROS;CJA;0.12;1;17.23;IMPORT TOOLS E. RICHARD S.A.C.;;
C;FILO;10020875;FRESA ESFERICA PM-2BC10- R 0.4- M08 - ZCC;SUMINISTROS;UND;0.25;1;8.21;IMPORT TOOLS E. RICHARD S.A.C.;;
C;FILO;10023051;FRESA CARBURADA PLANA D0.4mm;SUMINISTROS;UND;0.25;1;8.04;IMPORT TOOLS E. RICHARD S.A.C.;;
C;FILO;10026682;FRESA CARBURADA PLANA 4C GM-4E-D2.5 (MARCA ZC);SUMINISTROS;UND;0.12;1;5.96;IMPORT TOOLS E. RICHARD S.A.C.;;
C;FILO;10013277;FRESA ESFERICA DE 5MM;SUMINISTROS;UND;0.12;1;5.36;IMPORT TOOLS E. RICHARD S.A.C.;;
C;FILO;10022464;FRESA CARBURADA PLANA 4C HMX-4E-D2.5;SUMINISTROS;UND;0.12;1;3.72;IMPORT TOOLS E. RICHARD S.A.C.;;
C;FILO;10027353;PALANCA DE MACHO N°6;SUMINISTROS;UND;0.12;1;55.17;CHINCHAY LUCA FRANCISCO DONATILO;;
C;FILO;10015539;BROCA DE 8.33MM;SUMINISTROS;UND;0.12;1;38.88;CHINCHAY LUCA FRANCISCO DONATILO;;
C;FILO;10017620;JUEGO DE MACHO M14 X 1.5;SUMINISTROS;UND;0.12;1;34.94;CHINCHAY LUCA FRANCISCO DONATILO;;
C;FILO;10026619;PALANCA DE MACHO N°4;SUMINISTROS;UND;0.12;1;30.47;CHINCHAY LUCA FRANCISCO DONATILO;;
C;FILO;10019647;BROCA EXTRA LARGA DE 12MM X 250MM;SUMINISTROS;UND;0.12;1;26.8;CHINCHAY LUCA FRANCISCO DONATILO;;
C;FILO;10007900;JUEGO DE MACHO 1/4;SUMINISTROS;JGO;0.12;1;11.03;CHINCHAY LUCA FRANCISCO DONATILO;;
C;FILO;10008779;BROCA 13.5 MM DORMER;SUMINISTROS;UND;0.12;1;9.98;CHINCHAY LUCA FRANCISCO DONATILO;;
C;FILO;10015621;MACHO;SUMINISTROS;JGO;0.12;1;9.46;CHINCHAY LUCA FRANCISCO DONATILO;;
C;FILO;10015233;BROCA DE CENTRAR DE 2MM;SUMINISTROS;UND;0.12;1;8.41;CHINCHAY LUCA FRANCISCO DONATILO;;
C;FILO;10027204;CONECTOR INDUSTRIAL DE 16 PINES HEMBRA Y MACHO;REPUESTOS;UND;0.12;1;29.76;ALFA ELECTRIC SOLUTION S.A.C.;;
C;FILO;10024559;CONECTOR DE AUDIO XLR MACHO Y HEMBRA;REPUESTOS;UND;1.49;1;26.87;ALFA ELECTRIC SOLUTION S.A.C.;;
C;FILO;10027205;CONECTOR INDUSTRIAL DE 6 PINES EMBRA Y MACHO;REPUESTOS;UND;0.12;1;17.61;ALFA ELECTRIC SOLUTION S.A.C.;;
C;FILO;10017269;PORTA P/FRESAR-RANURADO/ACABADO TE90AX 210-09-06-L120;SUMINISTROS;UND;0.12;1;125.2;TRADE TOOLS CIA S.A.C.;;
C;FILO;10017239;"MACHO PARA MAQUINA NPT  1/8""X27  HSSE Nº1087";SUMINISTROS;UND;0.25;1;72.58;TRADE TOOLS CIA S.A.C.;;
C;FILO;10016324;MACHO PARA MAQUINA HEL M12X1.75 HSSE;SUMINISTROS;UND;0.37;1;42.73;TRADE TOOLS CIA S.A.C.;;
C;FILO;10017256;PLACA CARB P/FRESAR APKT09T308R EM-TT9080;SUMINISTROS;UND;1.24;1;57.84;TRADE TOOLS CIA S.A.C.;;
C;FILO;10017231;CONO PORTA FRESA BT40-FMB22-45L  BT-152;SUMINISTROS;UND;0.12;1;35.97;TRADE TOOLS CIA S.A.C.;;
C;FILO;10016642;MACHO PARA MAQUINA HEL M10X1.5 HSSE;SUMINISTROS;UND;0.37;1;33.11;TRADE TOOLS CIA S.A.C.;;
C;FILO;10015887;MACHO PARA MAQUINA HEL M5X0.8 HSSE;SUMINISTROS;UND;0.25;1;18.21;TRADE TOOLS CIA S.A.C.;;
C;FILO;10018170;"BROCA PARA CONCRETO DE 1/4""";REPUESTOS;UND;0.12;1;4.34;CLEAR FAST E.I.R.L.;;
C;FILO;10017341;"BROCA DE CONCRETO 5/16"" MARCA BOSH";REPUESTOS;UND;0.12;1;3.1;CLEAR FAST E.I.R.L.;;
C;FILO;10027117;CONECTOR 90°  BRONCE 1/4 NPT MACHO - 1/4 NPT HEMBRA;REPUESTOS;UND;1.49;1;12.02;DITTO PERU SAC;;
C;FILO;10027116;CONECTOR 90°  BRONCE 1/8 NPT MACHO - 1/8 NPT HEMBRA;REPUESTOS;UND;1.49;1;9.49;DITTO PERU SAC;;
C;FILO;10003991;"CONECTOR HIDRAULICO TEE JIC GIRATORIO JIC GIRATORIO HEMBRA* 1 / JIC MACHO 3/4""";REPUESTOS;UND;0.25;1;5.91;DITTO PERU SAC;;
C;FILO;10014510;NIPLE 3/8 MACHO MACHO;REPUESTOS;UND;0.99;1;5.9;DITTO PERU SAC;;
C;FILO;10016677;"CODO 45° MACHO 1"" JIC A 1"" JIC HEMBRA";REPUESTOS;UND;0.12;1;4.73;DITTO PERU SAC;;
C;FILO;10012579;CODO 90° MACHO 1/2 JIC A 1/2 JIC HEMBRA;REPUESTOS;UND;0.25;1;1.69;DITTO PERU SAC;;
C;FILO;10018529;"CODO GALVANIZADO DE 1"" X 90º MACHO-HEMBRA";REPUESTOS;UND;0.37;1;2.84;DITTO PERU SAC;;
C;FILO;10009850;"REDUCTOR HIDRAULICO RECTO JIC HEMBRA 3/4"" x 1/2"" JIC MACHO";REPUESTOS;UND;0.25;1;2.53;DITTO PERU SAC;;
C;FILO;10014331;FRESA ASM07 112 S10 120KTR;SUMINISTROS;UND;0.37;1;48.46;JUFRARVP S.R.LTDA.;;
C;FILO;10024929;PORTA P/FRESAR ASM07 11 S10R 2 120;SUMINISTROS;UND;0.25;1;31.72;JUFRARVP S.R.LTDA.;;
C;FILO;10015169;FRESA ESFERICA Ø3XR1.5;SUMINISTROS;UND;0.5;1;11.53;JUFRARVP S.R.LTDA.;;
C;FILO;10020877;FRESA ESFERICA PM-2B - R 0.75 - ZCC;SUMINISTROS;UND;0.25;1;6.35;JUFRARVP S.R.LTDA.;;
C;FILO;10009914;MACHO DE 12MM;SUMINISTROS;UND;0.12;1;28.86;MVM METAL IMPORT EIRL;;
C;FILO;10015602;JUEGO DE MACHO M3;SUMINISTROS;UND;0.12;1;16.36;MVM METAL IMPORT EIRL;;
C;FILO;10026982;FRESA WOODRUFF EN  T  13.5X4X56 HSSCO 320005 ZPS;SUMINISTROS;UND;0.12;1;16.32;MVM METAL IMPORT EIRL;;
C;FILO;10021040;MACHO 1/4 BSP;SUMINISTROS;UND;0.12;1;14.29;MVM METAL IMPORT EIRL;;
C;FILO;10014162;JUEGO DE MACHO 5/16;SUMINISTROS;JGO;0.12;1;12.3;MVM METAL IMPORT EIRL;;
C;FILO;10010908;CUCHILLA PANTOGRAFO CARBURADA K10 6 X 100 MM;SUMINISTROS;UND;0.25;1;11.07;MVM METAL IMPORT EIRL;;
C;FILO;10019758;CUCHILLA PANTOGRAFO CARBURADA K20 8 X 100MM;SUMINISTROS;UND;0.12;1;9.61;MVM METAL IMPORT EIRL;;
C;FILO;10010540;BROCA DE 0.8 DORMER;SUMINISTROS;UND;0.62;1;7.92;MVM METAL IMPORT EIRL;;
C;FILO;10017247;PLACA CARB P/FRESAR ALT AVANCE BLMP0904R M-TT9080;SUMINISTROS;UND;1.24;1;15.18;KOVES PERU SAC;;
C;FILO;10020878;FRESA ESFERICA PM-2B - R1 - ZCC;SUMINISTROS;UND;0.25;1;7.52;KOVES PERU SAC;;
C;FILO;10023627;BROCA DE 11.5MM;SUMINISTROS;UND;0.37;1;19.77;SOLES RAMIREZ RAFAEL DANIEL;;
C;FILO;10020703;BROCA DE 2.0 mm;SUMINISTROS;UND;0.37;1;2.01;SOLES RAMIREZ RAFAEL DANIEL;;
C;FILO;10021361;JUEGO DE MACHO M16;SUMINISTROS;UND;0.12;1;29.9;JULCA AROTUMA LUIS FERNANDO;;
C;FILO;10011789;CHUCK PORTA BROCA;SUMINISTROS;UND;0.12;1;30.07;IMPORTACIONES INDUSTRIALES BENDEZU E.I.R.L.;;
C;FILO;10020629;BROCA DE CENTRAR A 3.15 X 10.00 HSS 92102 GUERING EXTRALARGA;SUMINISTROS;UND;0.25;1;8.25;IMPORTACIONES INDUSTRIALES BENDEZU E.I.R.L.;;
C;FILO;10012826;ESCARIADOR DE MANO 10MM;SUMINISTROS;UND;0.12;1;21.02;VALERO ROBLES LUIS MIGUEL;;
C;GENERAL;10004805;ELECTROVALVULA NEUMATICA 5/2 CONEXION 1/4 COM UMA BOBINA DE 24VDC;REPUESTOS;UND;0.86;15;53.69;ARL INDUSTRIAL SAC;;
C;GENERAL;10010720;ORING 2.62 2-109 (7.59-12.83) NITRILO;REPUESTOS;UND;7.16;15;3.03;NICOVAL IMPORTACIONES E.I.R.L.;;
C;GENERAL;10013930;RESISTENCIA DE BANDA DIAMETRO 60 X 30 - 300W/220VAC S/BASE PARA TERMOCUPLA;REPUESTOS;UND;2.24;15;88.56;TOPRIGHT INDUSTRIAL TECHNOLOGY YANCHENG CO., LTD.;;
C;GENERAL;10010350;TUBO DE PVC;SUMINISTROS;UND;1.36;15;3.47;3M SOLUTIONS S.A.C.;;
C;GENERAL;10025199;LAMINA SEPARADOORA 50CM X 50CM X 1;EMPAQUES y EMBALAJES;KG;0.3;14;1.91;IVOM PLAST SAC;;
C;GENERAL;10013188;LLAVE ALLEN 6MM;SUMINISTROS;UND;1.36;14;8.09;DISTRIBUIDORA DAMAFI E.I.R.L.;;
C;GENERAL;10007303;CONTROLADOR DE TEMPERATURA TZN4M-14R;REPUESTOS;UND;0.12;14;48.3;ALFA ELECTRIC SOLUTION S.A.C.;;
C;GENERAL;10004799;"VALVULA DE ESCAPE RAPIDO 1/2"" NPT";REPUESTOS;UND;0.12;13;9.05;DISTRIBUIDORA DAMAFI E.I.R.L.;;
C;GENERAL;10008207;CODO PVC;SUMINISTROS;UND;5.47;13;9.28;N & A SECURITY S.A.C.;;
C;GENERAL;10007337;SOPLADOR DE 0.5 HP DE 3500 RPM MONOFASICO;REPUESTOS;UND;0.49;13;261.29;BUTILER SANCHEZ JONATHAN JEANS;;
C;GENERAL;10024658;PH PARACAS BLACK 4X6;SUMINISTROS;RLL;17.58;13;23.47;INVERS & MULTISERV GENERALES FUSTAMANTE E.I.R.L;;
C;GENERAL;10026044;ESPONJA PARA LAVAVAJILLA;SUMINISTROS;UND;0.98;12;1.25;DISTRIBUIDORA DAMAFI E.I.R.L.;;
C;GENERAL;10005514;TUBO DE COBRE;REPUESTOS;UND;2.47;12;18.13;REFRIGERACION RENZO S.A.;;
C;GENERAL;10008031;UNION DE COBRE;REPUESTOS;UND;1.97;12;2.33;REFRIGERACION RENZO S.A.;;
C;GENERAL;10010652;ANGULO;SUMINISTROS;UND;7.96;11;18.24;DISTRIBUIDORA DAMAFI E.I.R.L.;;
C;GENERAL;10024339;MOUSE CON CABLE;SUMINISTROS;UND;1.24;11;15.81;DISTRIBUIDORA DAMAFI E.I.R.L.;;
C;GENERAL;10008538;PAQUETE DE  VASO DESCARTABLE N°6 X 50 UND;MATERIALES AUXILIARES;PQT;38.2;11;1.29;DISTRIBUIDORA DAMAFI E.I.R.L.;;
C;GENERAL;10016981;CONECTOR NEUMATICO  RECTO M6 X 1/8 NPT;REPUESTOS;UND;0.85;11;2.73;DISTRIBUIDORA DAMAFI E.I.R.L.;;
C;GENERAL;10025685;PLACA DE IDENTIFICACION DE ALUMINIO ANODIZADO MEDIDAS 15cm x 6cm;REPUESTOS;UND;1.37;11;29.0;ARL INDUSTRIAL SAC;;
C;GENERAL;10004482;PILOTO DE 220V COLOR VERDE - CAMSCO;REPUESTOS;UND;0.75;11;5.68;ARL INDUSTRIAL SAC;;
C;GENERAL;10004160;LLAVE DE BOLA 3/8;REPUESTOS;UND;8.09;11;113.08;DITTO PERU SAC;;
C;GENERAL;10020120;GUIA POM;REPUESTOS;UND;1.49;11;18.96;NICOVAL IMPORTACIONES E.I.R.L.;;
C;GENERAL;10014600;PRISIONERO M6X10;REPUESTOS;UND;4.34;11;0.39;FEJUCY S.A.C.;;
C;GENERAL;10011383;SOLDADURA DE PLATA;SUMINISTROS;UND;7.19;10;121.92;CHINCHAY LUCA FRANCISCO DONATILO;;
C;GENERAL;10025794;"GARRUCHAS DE NYLON FIJAS DE 4""";REPUESTOS;UND;2.74;10;106.74;CLEAR FAST E.I.R.L.;;
C;GENERAL;10018650;CONECTOR HIDRAULICO;REPUESTOS;UND;5.35;10;18.14;DITTO PERU SAC;;
C;GENERAL;10026391;LLAVE DE VASO CON PUNTA ALLEN;SUMINISTROS;UND;2.49;10;20.03;COMERCIAL BCD E.I.R.L.;;
C;GENERAL;10009952;ESTABILIZADOR FORZA;SUMINISTROS;UND;1.62;10;121.6;CRONOSTEC S.A.C.;;
C;GENERAL;10009952;ESTABILIZADOR FORZA;SUMINISTROS;UND;1.62;10;121.6;CRONOSTEC S.A.C.;;
C;GENERAL;10019233;FILTRO DE PAPEL B30E;REPUESTOS;UND;0.12;10;16.15;MV INDUSTRIAL ELECTRONICS SOLUTIONS E.I.R.L.;;
C;GENERAL;10026400;AISLAMIENTO TERMICO ARMAFLEX;REPUESTOS;UND;0.46;10;1.32;REFRIGERACION RENZO S.A.;;
C;GENERAL;10014788;MANGA KEVLAR AMARILLO;SUMINISTROS;PAR;3.73;9;69.56;DISTRIBUIDORA DAMAFI E.I.R.L.;;
C;GENERAL;10010721;TEROKAL;SUMINISTROS;UND;0.87;9;16.24;DISTRIBUIDORA Y MATIZADOS VELSA ST S.A.C;;
C;GENERAL;10003740;ACOPLE RAPIDO 1/4;REPUESTOS;UND;3.23;9;13.71;DITTO PERU SAC;;
C;GENERAL;10017887;SEGURO SEEGER;REPUESTOS;UND;7.34;9;3.11;NICOVAL IMPORTACIONES E.I.R.L.;;
C;GENERAL;10024120;PLACA BNMX 0603R M ST9020;SUMINISTROS;CJA;4.67;9;39.55;JUFRARVP S.R.LTDA.;;
C;GENERAL;10024808;AYUDIN LIQUIDO LIMON TAMAÑO 2.6 L;SUMINISTROS;UND;1.37;9;34.69;TIENDAS DEL MEJORAMIENTO DEL HOGAR SA;;
C;GENERAL;10007666;PULVERIZADOR O ROCIADOR;SUMINISTROS;UND;2.61;8;4.42;DISTRIBUIDORA DAMAFI E.I.R.L.;;
C;GENERAL;10004107;TARUGOS;SUMINISTROS;UND;52.5;8;4.45;DISTRIBUIDORA DAMAFI E.I.R.L.;;
C;GENERAL;10013334;FAJA PARA MOTOR B70;REPUESTOS;UND;0.49;8;9.1;DISTRIBUIDORA DAMAFI E.I.R.L.;;
C;GENERAL;10006638;VENTILADOR;GASTOS ADMINISTRATIVOS;UND;0.87;8;25.83;CHINCHAY LUCA FRANCISCO DONATILO;;
C;GENERAL;10004770;UNION PVC;SUMINISTROS;UND;2.61;8;2.21;ARL INDUSTRIAL SAC;;
C;GENERAL;10019554;MANGUERA  TEXTEO.;REPUESTOS;UND;0.19;8;7.56;DITTO PERU SAC;;
C;GENERAL;10017536;RESISTENCIA DE BANDA Ø55X30 220VAC 400 W C/BASE PARA TERMOCUPLA,T/CABLE Y AJUSTE X PASADOR DE BRONCE;REPUESTOS;UND;0.37;8;22.38;RESISTENCIAS INDUSTRIALES Y SERVICIOS W & D PERU S;;
C;GENERAL;10005197;"NOTAS POST IT N.654 3"" X 3"" 3M";SUMINISTROS;UND;13.56;8;0.81;CONTINENTAL S.A.C.;;
C;GENERAL;10008534;LOCTITE 271  ROJO;SUMINISTROS;UND;0.87;7;54.62;DISTRIBUIDORA DAMAFI E.I.R.L.;;
C;GENERAL;10005341;TONER HP 85A;GASTOS ADMINISTRATIVOS;UND;0.5;7;54.13;SERMULTEC PACIFIC S.R.L.;;
C;GENERAL;10025795;"GARRUCHAS DE NYLON GIRATORIAS DE 4""";REPUESTOS;UND;1.87;7;72.77;CLEAR FAST E.I.R.L.;;
C;GENERAL;10025234;CONCRETO LISTO X 40 KG;SUMINISTROS;UND;2.12;7;35.74;CLEAR FAST E.I.R.L.;;
C;GENERAL;10003925;CONECTOR CODO DE 3/8 M10;REPUESTOS;UND;0.98;7;4.97;DITTO PERU SAC;;
C;GENERAL;10004802;"VALVULA NEUMATICA 5/2 CONEXION 1/2"" 24VDC";REPUESTOS;UND;0.75;7;311.67;SMC CORPORATION PERU S.A.C.;;
C;GENERAL;10019832;PORTA TABLERO A4;SUMINISTROS;UND;2.12;7;28.68;COMERCIAL BCD E.I.R.L.;;
C;GENERAL;10005169;SOBRE MANILA T/A4 X 50;SUMINISTROS;UND;0.37;7;0.07;CRONOSTEC S.A.C.;;
C;GENERAL;10005386;TAMPON DACTILAR TRODAT;SUMINISTROS;UND;0.87;7;1.98;CONTINENTAL S.A.C.;;
C;GENERAL;10010821;"PIEDRA P/RECTIFICADORA 12"" X 1 1/2"" X 5"" (304.8 X 38.10X 127 )GRANO 46 MARCA NORTON";SUMINISTROS;UND;0.75;6;177.06;DISTRIBUIDORA DAMAFI E.I.R.L.;;
C;GENERAL;10016694;LLAVE TERMICA 2 X 16A - TIPO RIEL DIN SCHNEIDER;REPUESTOS;UND;0.87;6;41.34;DISTRIBUIDORA DAMAFI E.I.R.L.;;
C;GENERAL;10010459;CHAPA;SUMINISTROS;UND;0.99;6;6.75;DISTRIBUIDORA DAMAFI E.I.R.L.;;
C;GENERAL;10003830;FAJA PARA MOTOR B74;REPUESTOS;UND;1.87;6;33.21;DISTRIBUIDORA DAMAFI E.I.R.L.;;
C;GENERAL;10004654;SOLDADURA CITODUR 600 DE 1/8;SUMINISTROS;KG;0.62;6;28.46;DISTRIBUIDORA DAMAFI E.I.R.L.;;
C;GENERAL;10025181;KILO DE SOLDADURA SELLOCOR 6011 1/8;SUMINISTROS;KG;0.68;6;11.59;DISTRIBUIDORA DAMAFI E.I.R.L.;;
C;GENERAL;10003717;"ABRAZADERA 1/2""";SUMINISTROS;UND;23.64;6;9.46;ALFA ELECTRIC SOLUTION S.A.C.;;
C;GENERAL;10008942;CEMENTO;SUMINISTROS;UND;1.37;6;26.7;CLEAR FAST E.I.R.L.;;
C;GENERAL;10018838;MANGUERA HIDRAULICA R2;REPUESTOS;UND;0.87;6;7.45;DITTO PERU SAC;;
C;GENERAL;10022343;REDUCTOR DE PRESION MODULAR TAMAÑO 10;REPUESTOS;UND;0.75;6;343.82;JG HYDRAULIK S.A.C;;
C;GENERAL;10014620;PISTON SDA 32X 10 PRESSURE 0.1 - 0.9 MPA;REPUESTOS;UND;0.62;6;104.46;MATSAN INDUSTRIAL E.I.R.L.;;
C;GENERAL;10015913;RESISTENCIA TIPO PLANA;REPUESTOS;UND;1.24;6;111.96;INVERSIONES LIZANO S.A.C;;
C;GENERAL;10022160;TRAPEADOR;SUMINISTROS;UND;5.09;6;28.77;DIMERC PERU S.A.C.;;
C;GENERAL;10018940;RESINA PARA IMPRESORA 3D ANYCUBIC PHOTON X;SUMINISTROS;UND;1.74;6;73.81;FABRICACIONES DIGITALES DEL PERU S.A;;
C;GENERAL;10008747;JUEGO DE LLAVES ALLEN  PULGADAS;SUMINISTROS;UND;0.87;6;29.53;FREDY MONTERO VALLADOLID;;
C;GENERAL;10016867;SELLO MECANICO;REPUESTOS;UND;0.62;5;4.22;DISTRIBUIDORA DAMAFI E.I.R.L.;;
C;GENERAL;10008428;SOLDADURA INOX. 29/9 X 1/8;SUMINISTROS;UND;0.5;5;70.06;DISTRIBUIDORA DAMAFI E.I.R.L.;;
C;GENERAL;10007238;LINTERNA  RECARGABLE;SUMINISTROS;UND;0.87;5;17.72;DISTRIBUIDORA DAMAFI E.I.R.L.;;
C;GENERAL;10004136;JUEGO DE LLAVE ALLEN EN MM;SUMINISTROS;UND;0.75;5;18.96;DISTRIBUIDORA DAMAFI E.I.R.L.;;
C;GENERAL;10004655;SOLDADURA SUPERCITO 7018  DE 1/8;SUMINISTROS;KG;1.49;5;25.31;DISTRIBUIDORA DAMAFI E.I.R.L.;;
C;GENERAL;10013695;TRAMPA;SUMINISTROS;UND;0.62;5;5.27;DISTRIBUIDORA DAMAFI E.I.R.L.;;
C;GENERAL;10016528;CARGADOR UNIVERSAL PARA CELULARES;GASTOS ADMINISTRATIVOS;UND;0.99;5;9.27;DISTRIBUIDORA DAMAFI E.I.R.L.;;
C;GENERAL;10005217;PAPEL LUSTRE;GASTOS ADMINISTRATIVOS;PLG;5.1;5;3.01;DISTRIBUIDORA DAMAFI E.I.R.L.;;
C;GENERAL;10013904;SOPORTE;SUMINISTROS;UND;1.24;5;1.51;DISTRIBUIDORA DAMAFI E.I.R.L.;;
C;GENERAL;10007682;"BROCHA 1""";SUMINISTROS;UND;1.37;5;4.06;DISTRIBUIDORA Y MATIZADOS VELSA ST S.A.C;;
C;GENERAL;10003875;CABLE VULCANIZADO;REPUESTOS;MT;7.09;5;41.84;ALFA ELECTRIC SOLUTION S.A.C.;;
C;GENERAL;10026132;MALLA DE POLIESTER AMARILLO PET1500M  18027 PW 234CM ANCHO 45°;SUMINISTROS;MT;3.88;5;1075.19;JAIME A. CHAVEZ S.A.C.;;
C;GENERAL;10005517;TONER HP 83A;GASTOS ADMINISTRATIVOS;UND;0.5;5;54.13;SERMULTEC PACIFIC S.R.L.;;
C;GENERAL;10010608;PULSADOR ROJO Ø22mm CONTACTO NC SCHNEIDER;REPUESTOS;UND;0.37;5;21.18;ARL INDUSTRIAL SAC;;
C;GENERAL;10006607;"BROCHA DE 4""";SUMINISTROS;UND;1.24;5;30.48;CLEAR FAST E.I.R.L.;;
C;GENERAL;10016853;ESTERILLA FILTRANTE NRO PARTE 7.4519.0;REPUESTOS;UND;0.12;5;0.39;TECHNICAL SERVICE PERU S.A.C.;;
C;GENERAL;10005080;MANGUERA   1/2  C/JEBE LONA;SUMINISTROS;MT;21.15;5;63.04;DITTO PERU SAC;;
C;GENERAL;10004162;"LLAVE DE PASO 1/4""";SUMINISTROS;UND;1.99;5;27.0;DITTO PERU SAC;;
C;GENERAL;10020240;BUSHING;REPUESTOS;UND;1.86;5;4.73;DITTO PERU SAC;;
C;GENERAL;10018190;TARUGO DE PVC DE 1/4;REPUESTOS;UND;74.65;5;4.43;N & A SECURITY S.A.C.;;
C;GENERAL;10004042;"VALVULA HIDRAULICA DE 4/3"" CON 02 BOBINAS DE 24 VDC CENTRO CERADO TAMAÑO 10";REPUESTOS;UND;0.37;5;212.92;JG HYDRAULIK S.A.C;;
C;GENERAL;10010766;ELEMENTO FLEXIBLE ROTEX TIPO ESTRELLA GR -38;SUMINISTROS;UND;0.62;5;27.65;JG HYDRAULIK S.A.C;;
C;GENERAL;10004810;WINCHA 5 MTS;SUMINISTROS;UND;0.62;5;2.58;TIENDAS DEL MEJORAMIENTO DEL HOGAR SA;;
C;GENERAL;10017509;"RESISTENCIA PLANA TIPO ""U"" SEGUN MUESTRA";REPUESTOS;UND;1.49;5;194.09;RESISTENCIAS INDUSTRIALES Y SERVICIOS W & D PERU S;;
C;GENERAL;10005204;ENGRAPADOR WEX 11-1056-11 C/SACAGRAPAS;SUMINISTROS;UND;0.37;5;3.15;CRONOSTEC S.A.C.;;
C;GENERAL;10005211;TINTA P/TAMPON LAYCONSA;SUMINISTROS;UND;0.62;5;0.78;DIMERC PERU S.A.C.;;
C;GENERAL;10005173;CUADERNO JUSTUS A4 CUADRICULADO ANILLADO;GASTOS ADMINISTRATIVOS;UND;0.5;5;1.97;DIMERC PERU S.A.C.;;
C;GENERAL;10018061;TUBO CUADRADO DE FIERRO;REPUESTOS;UND;0.12;5;5.04;CORPORACION INDUSTRIAL TRADING S.A.C.;;
C;GENERAL;10003914;PASTA PARA PULIR MOLD POLISH MARCA SLIDE;MATERIALES AUXILIARES;UND;0.37;4;161.21;DISTRIBUIDORA DAMAFI E.I.R.L.;;
C;GENERAL;10016588;FAJA B-80;REPUESTOS;UND;1.12;4;22.78;DISTRIBUIDORA DAMAFI E.I.R.L.;;
C;GENERAL;10008596;ESMALTE GLOSS COLOR NEGRO;SUMINISTROS;UND;0.5;4;27.43;DISTRIBUIDORA Y MATIZADOS VELSA ST S.A.C;;
C;GENERAL;10017198;GUARDAMOTOR 9-14 AMP SCHNEIDER;REPUESTOS;UND;0.37;4;88.4;ALFA ELECTRIC SOLUTION S.A.C.;;
C;GENERAL;10006634;TOMACORRIENTE DOBLE  P/ INSTALACION EMPOTRADA C/TOMA A TIERRA, TICINO;REPUESTOS;UND;0.99;4;22.89;ALFA ELECTRIC SOLUTION S.A.C.;;
C;GENERAL;10010539;TARUGOS 3/8;SUMINISTROS;UND;18.66;4;3.73;ALFA ELECTRIC SOLUTION S.A.C.;;
C;GENERAL;10003943;TERMINAL DE COBRE ESTAÑADO T10-6;REPUESTOS;UND;2.99;4;3.58;ALFA ELECTRIC SOLUTION S.A.C.;;
C;GENERAL;10026218;MALLA DE POLIESTER AMARILLO PET1500M  16534 PW (136CM ANCHO) 45°;SUMINISTROS;MT;1.37;4;330.35;JAIME A. CHAVEZ S.A.C.;;
C;GENERAL;10004604;RODAJES 6308 2RS C3;REPUESTOS;UND;0.75;4;33.69;RODAMIENTOS FAB PERU S.A.C.;;
C;GENERAL;10024636;PINZA D6-4MM DC6-4 AA;SUMINISTROS;UND;0.5;4;77.23;TRADE TOOLS CIA S.A.C.;;
C;GENERAL;10011471;INTERRUPTOR FIN CARRERA METAL PALANCA C/ROLD 1NA+1NC OSISENSE XCKM121 ( SCHNEIDER);REPUESTOS;UND;0.5;4;111.42;ARL INDUSTRIAL SAC;;
C;GENERAL;10013986;TERMINAL SOBREMOLDEADO TUBULAR N°14 COLOR AZUL;REPUESTOS;UND;212.75;4;9.91;ARL INDUSTRIAL SAC;;
C;GENERAL;10025748;MAYOLICA BLANCA 30X60;SUMINISTROS;UND;7.22;4;27.55;CLEAR FAST E.I.R.L.;;
C;GENERAL;10010436;PIZARRA ACRILICA;SUMINISTROS;UND;0.5;4;32.37;CLEAR FAST E.I.R.L.;;
C;GENERAL;10014652;SACO DE YESO CERAMICO;GASTOS ADMINISTRATIVOS;UND;1.37;4;9.58;CLEAR FAST E.I.R.L.;;
C;GENERAL;10008737;ESPATULA DE METAL;SUMINISTROS;UND;6.96;4;34.79;CLEAR FAST E.I.R.L.;;
C;GENERAL;10008132;"MANGUERA JEBE/LONA 1""";SUMINISTROS;MT;3.86;4;65.37;DITTO PERU SAC;;
C;GENERAL;10009804;MANGUERA PRENSADA 3/4 100 R2 R-R M26H;SUMINISTROS;MT;0.53;4;26.9;DITTO PERU SAC;;
C;GENERAL;10008889;PASAMURO;REPUESTOS;UND;0.75;4;6.32;DITTO PERU SAC;;
C;GENERAL;10012186;"ABRAZADERA 1""";SUMINISTROS;UND;4.48;4;9.49;DITTO PERU SAC;;
C;GENERAL;10004768;UNION 1/4 NPT;REPUESTOS;UND;1.49;4;6.33;DITTO PERU SAC;;
C;GENERAL;10013131;ORING 3.53 2-234 (75.79-82.85) VITON;REPUESTOS;UND;0.99;4;12.65;NICOVAL IMPORTACIONES E.I.R.L.;;
C;GENERAL;10007414;ORING 1.78 2-012 (9.25-12.81) VITON;REPUESTOS;UND;6.47;4;8.22;NICOVAL IMPORTACIONES E.I.R.L.;;
C;GENERAL;10009912;FRAGUA 1 KG;SUMINISTROS;UND;1.24;4;8.42;TIENDAS DEL MEJORAMIENTO DEL HOGAR SA;;
C;GENERAL;10009910;PERFIL 8MM 2.1M RODOPLAST;SUMINISTROS;UND;0.87;4;5.09;TIENDAS DEL MEJORAMIENTO DEL HOGAR SA;;
C;GENERAL;10015484;ADAPTADOR DE PVC;REPUESTOS;UND;0.12;4;0.07;TIENDAS DEL MEJORAMIENTO DEL HOGAR SA;;
C;GENERAL;10018831;KIT DE DESGASTE ECO DRAIN 13/13CO NRO PARTE: 8.2454.0;REPUESTOS;UND;0.5;4;295.46;KAESER COMPRESORES DEL PERU SRL;;
C;GENERAL;10025130;PISTON NEUMATICO DE DOBLE EFECTO Ø 20 X 50 MM  MARCA MICRO MODELO MD8;REPUESTOS;UND;0.99;4;263.68;MATSAN INDUSTRIAL E.I.R.L.;;
C;GENERAL;10015530;RESISTENCIA ELECTRICA;REPUESTOS;UND;0.62;4;62.2;INVERSIONES LIZANO S.A.C;;
C;GENERAL;10007325;TERMOCUPLA TIPO K CON ROSCA GIRATORIO M6  DIAMETRO DE BULBO 4 X 4 MM 2 MTRS DE CABLE.;REPUESTOS;UND;0.11;4;2.64;INVERSIONES LIZANO S.A.C;;
C;GENERAL;10026123;SEGURO SEEGER J-26 (26mm x 1.2mm);REPUESTOS;UND;3.73;4;11.78;RODAMIENTOS SALAS S.R.L;;
C;GENERAL;10025413;MANGA DE HILO ANTICORTE COVERGUARD;SUMINISTROS;UND;2.36;4;38.92;GRUPO ALCA COMPANY S.A.C.;;
C;GENERAL;10004139;KIT INDIKO LED 2X36W PHILIPS - LUZ BLANCA;REPUESTOS;UND;1.99;4;109.67;COMERCIAL BCD E.I.R.L.;;
C;GENERAL;10011440;NIVEL;REPUESTOS;UND;0.62;4;4.16;HOMECENTERS PERUANOS S.A.;;
C;GENERAL;10026122;RETASO DE TELA;SUMINISTROS;KG;32.72;4;62.39;FADISE IMPORT S.A.C.;;
C;GENERAL;10005425;EXTENSION;SUMINISTROS;UND;1.37;4;16.24;FREDY MONTERO VALLADOLID;;
C;GENERAL;10014048;JUEGO DE LLAVES ALLEN  MILIMETRICAS;SUMINISTROS;JGO;0.5;4;16.88;FREDY MONTERO VALLADOLID;;
C;GENERAL;10003886;CANDADO 50 MM BRONCE YALE;SUMINISTROS;UND;0.12;4;3.15;GRIMALDO ZUBIETA ROBERT GIANCARLO;;
C;GENERAL;10025483;CUBRE CALZADO CELESTE SIMPLE;SUMINISTROS;CJA;6.59;4;8.07;RIMEDHSA E.I.R.L.;;
C;GENERAL;10010114;BALANZA;SUMINISTROS;UND;0.37;3;23.39;DISTRIBUIDORA DAMAFI E.I.R.L.;;
C;GENERAL;10008568;"GARRUCHA PESADA 4""";REPUESTOS;UND;1.99;3;64.75;DISTRIBUIDORA DAMAFI E.I.R.L.;;
C;GENERAL;10004523;PULSADOR LUMINOSO COLOR VERDE 22mm C/LED 220VAC CAMSCO;REPUESTOS;UND;0.99;3;16.87;DISTRIBUIDORA DAMAFI E.I.R.L.;;
C;GENERAL;10016868;"LLAVE FRANCESA 12""";SUMINISTROS;UND;0.62;3;4.22;DISTRIBUIDORA DAMAFI E.I.R.L.;;
C;GENERAL;10014725;LUPA CUENTA HILOS  30 X;SUMINISTROS;UND;0.5;3;5.06;DISTRIBUIDORA DAMAFI E.I.R.L.;;
C;GENERAL;10005450;MEMORIA USB 32GB;SUMINISTROS;UND;0.75;3;12.64;DISTRIBUIDORA DAMAFI E.I.R.L.;;
C;GENERAL;10003764;"GARRUCHA DE ""2";REPUESTOS;UND;0.5;3;1.9;DISTRIBUIDORA DAMAFI E.I.R.L.;;
C;GENERAL;10008774;ACCESORIO PARA TANQUE DE INODORO;GASTOS ADMINISTRATIVOS;UND;0.5;3;18.57;DISTRIBUIDORA DAMAFI E.I.R.L.;;
C;GENERAL;10005253;CALCULADORA DE BOLSILLO CASIO HL-815L 8 DIG;SUMINISTROS;UND;0.62;3;4.75;DISTRIBUIDORA DAMAFI E.I.R.L.;;
C;GENERAL;10026869;PRISIONERO M10 X 15;SUMINISTROS;UND;6.72;3;5.71;DISTRIBUIDORA DAMAFI E.I.R.L.;;
C;GENERAL;10012632;PERCHERO;SUMINISTROS;UND;2.61;3;4.03;DISTRIBUIDORA DAMAFI E.I.R.L.;;
C;GENERAL;10013416;LLAVE ALLEN 8MM;SUMINISTROS;UND;0.37;3;3.79;DISTRIBUIDORA DAMAFI E.I.R.L.;;
C;GENERAL;10004002;PUNTA;SUMINISTROS;UND;0.37;3;1.89;DISTRIBUIDORA DAMAFI E.I.R.L.;;
C;GENERAL;10005495;SEPARADORES DE CARTULINA, COLORES;GASTOS ADMINISTRATIVOS;PQT;0.25;3;3.06;DISTRIBUIDORA DAMAFI E.I.R.L.;;
C;GENERAL;10007617;LLAVE ALLEN 5MM;SUMINISTROS;UND;0.37;3;1.89;DISTRIBUIDORA DAMAFI E.I.R.L.;;
C;GENERAL;10015281;LLAVE ALLEN 3MM;SUMINISTROS;UND;0.37;3;1.26;DISTRIBUIDORA DAMAFI E.I.R.L.;;
C;GENERAL;10008135;"BROCHA 2""";SUMINISTROS;UND;1.12;3;6.64;DISTRIBUIDORA Y MATIZADOS VELSA ST S.A.C;;
C;GENERAL;10023136;LLAVE P/ URINARIO 1/2;SUMINISTROS;UND;0.62;3;34.27;CHINCHAY LUCA FRANCISCO DONATILO;;
C;GENERAL;10011062;CARBONES;SUMINISTROS;UND;0.5;3;4.22;CHINCHAY LUCA FRANCISCO DONATILO;;
C;GENERAL;10025579;CORREA O FAJA CIRCULAR DE POLIURETANO DIAMETRO 6mm COLOR VERDE;REPUESTOS;MT;1.37;3;20.89;CHINCHAY LUCA FRANCISCO DONATILO;;
C;GENERAL;10011438;BORNERA;REPUESTOS;UND;0.87;3;5.91;CHINCHAY LUCA FRANCISCO DONATILO;;
C;GENERAL;10020231;FINAL DE CARRERA;REPUESTOS;UND;0.75;3;24.62;ALFA ELECTRIC SOLUTION S.A.C.;;
C;GENERAL;10004031;CURVA;SUMINISTROS;UND;1.49;3;6.72;ALFA ELECTRIC SOLUTION S.A.C.;;
C;GENERAL;10025889;CANALETA DE 10X20mm color blanco;SUMINISTROS;UND;0.99;3;9.95;ALFA ELECTRIC SOLUTION S.A.C.;;
C;GENERAL;10003920;CODO 3/4 X 3/4;REPUESTOS;UND;1.24;3;3.23;ALFA ELECTRIC SOLUTION S.A.C.;;
C;GENERAL;10022889;FAJA AX34;REPUESTOS;UND;0.5;3;20.19;RODAMIENTOS FAB PERU S.A.C.;;
C;GENERAL;10010373;PUNTA PARA MULTIMETRO (ROJO Y NEGRO);REPUESTOS;UND;0.62;3;9.49;ARL INDUSTRIAL SAC;;
C;GENERAL;10004141;LAVADERO;SUMINISTROS;UND;0.37;3;70.87;CLEAR FAST E.I.R.L.;;
C;GENERAL;10024741;JABON ANTIBACTERIAL EUCALIPTO - MARCA AVAL;SUMINISTROS;UND;0.75;3;40.28;CLEAR FAST E.I.R.L.;;
C;GENERAL;10018565;WINCHA DE 10 METROS.;REPUESTOS;UND;0.25;3;6.22;CLEAR FAST E.I.R.L.;;
C;GENERAL;10010113;ABRAZADERAS 12-22 MARCA NORMA;SUMINISTROS;UND;24.88;3;31.63;DITTO PERU SAC;;
C;GENERAL;10008629;"MANGUERA DE JEBE/LONA Ø 1/2""";SUMINISTROS;MT;4.11;3;31.32;DITTO PERU SAC;;
C;GENERAL;10004161;"LLAVE DE PASO 1/2""";SUMINISTROS;UND;0.37;3;1.58;DITTO PERU SAC;;
C;GENERAL;10004148;LLAVE 1/4 BRONCE;SUMINISTROS;UND;0.75;3;10.75;DITTO PERU SAC;;
C;GENERAL;10008438;UNION HEMBRA 1/4 A 1/4 NPT;REPUESTOS;UND;1.12;3;3.8;DITTO PERU SAC;;
C;GENERAL;10010364;ORING 2.62 2-162 (145.72-150.96) NITRILO;REPUESTOS;UND;0.24;3;1.45;DITTO PERU SAC;;
C;GENERAL;10005486;VALVULA DE SERVICIO;REPUESTOS;UND;0.87;3;3.69;N & A SECURITY S.A.C.;;
C;GENERAL;10014518;ELEMENTO FLEXIBLE ROTEX  GE -38;REPUESTOS;UND;0.12;3;3.91;JG HYDRAULIK S.A.C;;
C;GENERAL;10023251;SELLO MECANICO 551C - 40 SIC ESTACIONARIO 58X 16 CAR;REPUESTOS;UND;0.37;3;135.92;NICOVAL IMPORTACIONES E.I.R.L.;;
C;GENERAL;10020755;ROTULA GE 20;REPUESTOS;UND;0.99;3;29.51;NICOVAL IMPORTACIONES E.I.R.L.;;
C;GENERAL;10007265;ROTULA GE 30 ES 2RS;REPUESTOS;UND;0.5;3;14.77;NICOVAL IMPORTACIONES E.I.R.L.;;
C;GENERAL;10018665;BUFFER DE DOS PIEZAS 35 X 46 X 4;REPUESTOS;UND;0.75;3;12.64;NICOVAL IMPORTACIONES E.I.R.L.;;
C;GENERAL;10012621;ORING 2.62 2-135 (48.90-54.14) VITON;REPUESTOS;UND;0.75;3;3.79;NICOVAL IMPORTACIONES E.I.R.L.;;
C;GENERAL;10019494;ORING CON RESPALDO 2-135;REPUESTOS;UND;1.24;3;9.49;NICOVAL IMPORTACIONES E.I.R.L.;;
C;GENERAL;10022758;RELOJ PALPADOR 0.08X0.01MM #513-415-10A;SUMINISTROS;UND;0.5;3;336.89;FESEPSA;;
C;GENERAL;10013151;ORING 3.53 2-257 (148.82-155.88) VITON;REPUESTOS;UND;0.37;3;17.66;RODAMIENTOS SALAS S.R.L;;
C;GENERAL;10025835;VENTOSA DE NITRILO DE 3.5 FULLES DIAMETRO 20 MM MODELO ESS-20-CN  NITRILO;REPUESTOS;UND;1.24;3;237.82;FOREST - ELECTROMECHANIC SOLUTION EIRL;;
C;GENERAL;10008783;POLIMETIL SILOXANO;SUMINISTROS;UND;0.5;3;292.82;AMP QUIMICOS & SUMINISTROS E.I.R.L.;;
C;GENERAL;10005196;CHINCHES DORADOS CAJAX100;SUMINISTROS;CJA;12.57;3;11.94;DIMERC PERU S.A.C.;;
C;GENERAL;10020121;BUFFER;REPUESTOS;UND;0.75;3;12.64;RUCONSA S.A.C.;;
C;GENERAL;10022835;GUIA POM 35 X 40 X 9.5;REPUESTOS;UND;0.62;3;7.91;RUCONSA S.A.C.;;
C;GENERAL;10012272;ORING 1.78 2-011 (7.65-11.21) VITON;REPUESTOS;UND;0.37;3;0.47;RUCONSA S.A.C.;;
C;GENERAL;10017557;EXTINTOR CO2 DE 10LB;SUMINISTROS;UND;0.37;3;96.98;MYMOTIVOS CORP SAC;;
C;GENERAL;10009780;EXTINTORES DE POS 06KG;SUMINISTROS;UND;0.37;3;33.57;MYMOTIVOS CORP SAC;;
C;GENERAL;10026485;CUADERNO CUADRICULADO A4 - 100 HOJAS;GASTOS ADMINISTRATIVOS;UND;0.75;3;2.6;CONTINENTAL S.A.C.;;
C;GENERAL;10024066;CABLE DE FIBRA OPTICA TIPO BARRERA M 04 OPTEX NF-TB01;REPUESTOS;UND;0.5;3;67.53;ALLTRONICS PERU SAC;;
C;GENERAL;10024646;SECADOR DE MANO - SLIM VELOSTER PLÁSTICO ABS (250-480W);REPUESTOS;UND;0.5;3;71.32;G & L SOLUCIONES EMPRESARIALES E.I.R.L.;;
C;GENERAL;10015351;ESTANTE;GASTOS DE GESTIÓN;UND;0.37;3;50.58;DAVALOS LOZA SILENA MARINA;;
C;GENERAL;10011340;CUENTA HILOS;SUMINISTROS;UND;0.37;3;18.65;CORPORACION INDUSTRIAL TRADING S.A.C.;;
C;GENERAL;10010042;BOTIQUÍN DE PRIMEROS AUXILIOS – PARED;SUMINISTROS;UND;0.75;3;17.2;MEGAESTRUCTURAS LENNON S.R.L.;;
C;GENERAL;10025323;BISAGRA;REPUESTOS;UND;1.99;3;5.06;QUISPE GUEVARA JOSE YOSMER;;
C;GENERAL;10014445;SIKAFLEX;REPUESTOS;UND;0.62;3;12.63;SOCIEDAD DISTRIBUIDORA FERRETERA S.A.C.;;
C;GENERAL;10007565;TANQUE PULMON;SUMINISTROS;UND;0.37;3;15.81;ELIO HUAMANTALLA AÑO;;
C;GENERAL;10004834;CANDADO 60MM BRONC. FORTE;SUMINISTROS;UND;1.62;2;62.25;DISTRIBUIDORA DAMAFI E.I.R.L.;;
C;GENERAL;10017666;SIKABUM;GASTOS ADMINISTRATIVOS;UND;0.75;2;17.7;DISTRIBUIDORA DAMAFI E.I.R.L.;;
C;GENERAL;10026633;LLAVE TERMICA DE 25 AMPERIOS;REPUESTOS;UND;0.25;2;11.39;DISTRIBUIDORA DAMAFI E.I.R.L.;;
C;GENERAL;10011341;ESCUADRA DE COMBINACION;SUMINISTROS;UND;0.25;2;4.85;DISTRIBUIDORA DAMAFI E.I.R.L.;;
C;GENERAL;10003727;ABRAZADERA ACERADA 12 - 22;SUMINISTROS;UND;6.22;2;14.25;DISTRIBUIDORA DAMAFI E.I.R.L.;;
C;GENERAL;10024065;RIEL PARA CORTINA;SUMINISTROS;UND;0.25;2;3.59;DISTRIBUIDORA DAMAFI E.I.R.L.;;
C;GENERAL;10007339;MANGUERA PARA ASPERSOR;SUMINISTROS;MT;1.12;2;22.78;DISTRIBUIDORA DAMAFI E.I.R.L.;;
C;GENERAL;10023598;BATERIA RECARGABLE  DE LITHIUM ML1220 3V CON PINES PARA SOLDAR;REPUESTOS;UND;1.24;2;20.03;DISTRIBUIDORA DAMAFI E.I.R.L.;;
C;GENERAL;10006621;FLUORECENTE;REPUESTOS;UND;0.99;2;11.8;DISTRIBUIDORA DAMAFI E.I.R.L.;;
C;GENERAL;10021800;Adaptador usb a red TP-Link / USB - 10/100/1000;SUMINISTROS;UND;0.25;2;8.76;DISTRIBUIDORA DAMAFI E.I.R.L.;;
C;GENERAL;10008801;PLANTILLA DE LETRAS;SUMINISTROS;UND;0.25;2;2.11;DISTRIBUIDORA DAMAFI E.I.R.L.;;
C;GENERAL;10011940;JUEGO DE NUMEROS;SUMINISTROS;UND;0.25;2;3.48;DISTRIBUIDORA DAMAFI E.I.R.L.;;
C;GENERAL;10026708;CABLE CELULAR GENERICO USB Tipo C a USB-A;SUMINISTROS;UND;0.75;2;6.32;DISTRIBUIDORA DAMAFI E.I.R.L.;;
C;GENERAL;10004150;LLAVE ALLEN 12 MM;SUMINISTROS;UND;0.25;2;6.12;DISTRIBUIDORA DAMAFI E.I.R.L.;;
C;GENERAL;10017331;"ABRAZADERA 2""";REPUESTOS;UND;4.98;2;6.32;DISTRIBUIDORA DAMAFI E.I.R.L.;;
C;GENERAL;10026210;CHEMA CLEAN MULTIUSO;SUMINISTROS;LT;0.5;2;11.82;DISTRIBUIDORA DAMAFI E.I.R.L.;;
C;GENERAL;10009864;BARNIZ AISLANTE TRANSPARENTE;SUMINISTROS;UND;0.25;2;11.61;DISTRIBUIDORA DAMAFI E.I.R.L.;;
C;GENERAL;10016529;CASE PARA CELULARES;GASTOS ADMINISTRATIVOS;UND;0.62;2;10.54;DISTRIBUIDORA DAMAFI E.I.R.L.;;
C;GENERAL;10004135;"UNION UNIVERSAL 1""";REPUESTOS;UND;0.62;2;5.8;DISTRIBUIDORA DAMAFI E.I.R.L.;;
C;GENERAL;10012363;RODAJE 6204 2RS/C3;REPUESTOS;UND;0.5;2;9.28;DISTRIBUIDORA DAMAFI E.I.R.L.;;
C;GENERAL;10024126;REJILLA PARA DESAGUE;SUMINISTROS;UND;0.37;2;4.11;DISTRIBUIDORA DAMAFI E.I.R.L.;;
C;GENERAL;10008750;REGLA DE METAL;SUMINISTROS;UND;0.37;2;3.79;DISTRIBUIDORA DAMAFI E.I.R.L.;;
C;GENERAL;10025139;FOCO LED REDONDO DE 50 W;REPUESTOS;UND;0.37;2;3.79;DISTRIBUIDORA DAMAFI E.I.R.L.;;
C;GENERAL;10014308;DESTORNILLADOR PERILLERO;SUMINISTROS;UND;0.25;2;3.8;DISTRIBUIDORA DAMAFI E.I.R.L.;;
C;GENERAL;10005267;ENGRAPADOR METALICO ARTESCO M-527 P/20 H;SUMINISTROS;UND;0.25;2;2.85;DISTRIBUIDORA DAMAFI E.I.R.L.;;
C;GENERAL;10005275;PAPEL DE COLORES T/A4 ATLAS;SUMINISTROS;UND;3.23;2;0.75;DISTRIBUIDORA DAMAFI E.I.R.L.;;
C;GENERAL;10005224;CALCULADORA ESCRITORIO CASIO MX-12B 12 DIGITOS;SUMINISTROS;UND;0.12;2;1.47;DISTRIBUIDORA DAMAFI E.I.R.L.;;
C;GENERAL;10022859;REDUCCION DE PVC;REPUESTOS;UND;0.25;2;0.99;DISTRIBUIDORA DAMAFI E.I.R.L.;;
C;GENERAL;10005195;TIJERA PREMIUM 8 1/4 PLASTOMETAL;SUMINISTROS;UND;0.25;2;1.69;DISTRIBUIDORA DAMAFI E.I.R.L.;;
C;GENERAL;10003741;PASTA NOVARUMDUM;SUMINISTROS;UND;0.12;2;1.68;DISTRIBUIDORA DAMAFI E.I.R.L.;;
C;GENERAL;10015295;PRISIONERO;REPUESTOS;UND;0.99;2;0.75;DISTRIBUIDORA DAMAFI E.I.R.L.;;
C;GENERAL;10023201;PLACA DE TRONZAR ZTGD0404-MG YBG202;SUMINISTROS;UND;1.37;2;34.03;IMPORT TOOLS E. RICHARD S.A.C.;;
C;GENERAL;10019966;LAMA  PARA TRONZAR QEFS32N;SUMINISTROS;UND;0.12;2;12.94;IMPORT TOOLS E. RICHARD S.A.C.;;
C;GENERAL;10024479;LAMINA DE CAUCHO ESPESOR 2MM;SUMINISTROS;MT;0.25;2;6.75;CHINCHAY LUCA FRANCISCO DONATILO;;
C;GENERAL;10014667;DIAMANTE PARA RECTIFICAR PIEDRA VERTEX;SUMINISTROS;UND;0.25;2;22.16;CHINCHAY LUCA FRANCISCO DONATILO;;
C;GENERAL;10018497;TERRAJA;REPUESTOS;UND;0.25;2;14.77;CHINCHAY LUCA FRANCISCO DONATILO;;
C;GENERAL;10006255;"JEBE DE 2"" PARA PORTON 20M";SUMINISTROS;UND;0.25;2;21.95;CHINCHAY LUCA FRANCISCO DONATILO;;
C;GENERAL;10025688;CORREA O FAJA CIRCULAR DE POLIURETANO DIAMETRO 5mm COLOR VERDE;REPUESTOS;MT;1.24;2;14.77;CHINCHAY LUCA FRANCISCO DONATILO;;
C;GENERAL;10024915;ESTUCHE DE LIMATONES DIAMANTADOS;SUMINISTROS;UND;0.25;2;23.21;CHINCHAY LUCA FRANCISCO DONATILO;;
C;GENERAL;10026460;CONTROL UNIVERSAL PARA AIRE ACONDICIONADO 6000 IN1;REPUESTOS;UND;0.25;2;14.77;CHINCHAY LUCA FRANCISCO DONATILO;;
C;GENERAL;10007539;"MARCADORES PARA CABLE LETRAS ""XY"" (+) (-)";SUMINISTROS;UND;0.25;2;11.61;CHINCHAY LUCA FRANCISCO DONATILO;;
C;GENERAL;10011816;PIEDRA PARA ASENTAR;SUMINISTROS;UND;0.12;2;2.1;CHINCHAY LUCA FRANCISCO DONATILO;;
C;GENERAL;10019529;CABLE VULCANIZADO DE 4 X 16 AWG MARCA INDECO;REPUESTOS;RLL;0.12;2;72.66;ALFA ELECTRIC SOLUTION S.A.C.;;
C;GENERAL;10020313;"TUBO PVC 2-1/2"" SAP";SUMINISTROS;MT;7.59;2;83.48;ALFA ELECTRIC SOLUTION S.A.C.;;
C;GENERAL;10017667;BATERIA P/LUZ DE EMERGENCIA MOD. 9808 - OPALUX MAR001;SUMINISTROS;UND;0.87;2;65.33;ALFA ELECTRIC SOLUTION S.A.C.;;
C;GENERAL;10007183;LLAVE SELECTORA DE 02 POSICIONES 0-I;SUMINISTROS;UND;0.37;2;32.82;ALFA ELECTRIC SOLUTION S.A.C.;;
C;GENERAL;10007461;FLOURECENTE  LED STA 12 14.5 W PHILLIPS;SUMINISTROS;UND;0.5;2;25.9;ALFA ELECTRIC SOLUTION S.A.C.;;
C;GENERAL;10017420;CAJA DE PASO 10X10;REPUESTOS;UND;0.87;2;4.36;ALFA ELECTRIC SOLUTION S.A.C.;;
C;GENERAL;10018446;TERMINAL SOBREMOLDEADO  COLOR NEGRO;REPUESTOS;UND;125.04;2;10.0;ALFA ELECTRIC SOLUTION S.A.C.;;
C;GENERAL;10018445;TERMINAL MANGUITO COLOR GRIS;REPUESTOS;UND;211.5;2;12.69;ALFA ELECTRIC SOLUTION S.A.C.;;
C;GENERAL;10018623;CAJA METALICA DE PASO;REPUESTOS;UND;0.62;2;6.22;ALFA ELECTRIC SOLUTION S.A.C.;;
C;GENERAL;10013985;TERMINAL SOBREMOLDEADO TUBULAR N°20 COLOR BLANCO;REPUESTOS;UND;298.59;2;14.93;ALFA ELECTRIC SOLUTION S.A.C.;;
C;GENERAL;10025605;REGLETA DE BORNERA DE PVC DE 6A;REPUESTOS;UND;1.99;2;9.96;ALFA ELECTRIC SOLUTION S.A.C.;;
C;GENERAL;10025520;BORNERA DE 4mm2 PARA TIERRA TIPO RIEL DIN;REPUESTOS;UND;3.11;2;9.33;ALFA ELECTRIC SOLUTION S.A.C.;;
C;GENERAL;10025671;CAJA PARA LLAVE TERMICA DE 2 POLOS;REPUESTOS;UND;0.25;2;2.49;ALFA ELECTRIC SOLUTION S.A.C.;;
C;GENERAL;10021634;SOCKET PARA FOCO;REPUESTOS;UND;0.25;2;0.62;ALFA ELECTRIC SOLUTION S.A.C.;;
C;GENERAL;10025386;JEBE P/ RAQUETA DE POLIERUTANO 1096003 VERDE MARATHON 75GN 25X5 MM;SUMINISTROS;MT;0.06;2;6.16;JAIME A. CHAVEZ S.A.C.;;
C;GENERAL;10025133;CHUMACERA FC 212;REPUESTOS;UND;0.5;2;131.06;RODAMIENTOS FAB PERU S.A.C.;;
C;GENERAL;10024606;FAJA DENTADA;REPUESTOS;UND;0.99;2;40.44;RODAMIENTOS FAB PERU S.A.C.;;
C;GENERAL;10026581;SELLO MECANICO CDLA - 16/WB1F14;REPUESTOS;UND;0.25;2;90.62;RODAMIENTOS FAB PERU S.A.C.;;
C;GENERAL;10017805;CHUMACERA;REPUESTOS;UND;0.5;2;64.19;RODAMIENTOS FAB PERU S.A.C.;;
C;GENERAL;10013161;ORING 3.53 2-269 (221.84-228.90) VITON;REPUESTOS;UND;0.25;2;19.0;RODAMIENTOS FAB PERU S.A.C.;;
C;GENERAL;10003739;FAJA B5780;REPUESTOS;UND;0.5;2;16.93;RODAMIENTOS FAB PERU S.A.C.;;
C;GENERAL;10019770;CONO PORTA CHUCK INT-13-BT40;SUMINISTROS;UND;0.25;2;20.9;TRADE TOOLS CIA S.A.C.;;
C;GENERAL;10018953;PLANTILLA DE RADIOS;SUMINISTROS;UND;0.25;2;13.36;TRADE TOOLS CIA S.A.C.;;
C;GENERAL;10025166;INTERRUPTOR DIFERENCIAL 2P/16A/30mA;SUMINISTROS;UND;0.37;2;79.03;ARL INDUSTRIAL SAC;;
C;GENERAL;10010610;SELECTOR DE 02 POCISIONES 0-1 Ø22mm MANIJA CORTA SCHNEIDER;REPUESTOS;UND;0.37;2;28.45;ARL INDUSTRIAL SAC;;
C;GENERAL;10003885;CANALETA RANURADA DE BASE 40 X 60mm DE ALTURA;MATERIALES AUXILIARES;UND;1.12;2;25.63;ARL INDUSTRIAL SAC;;
C;GENERAL;10004100;FOTOCELDA  ELECTRONICO 220VAC 1000W CON BASE  LUMNIA;REPUESTOS;UND;0.37;2;14.22;ARL INDUSTRIAL SAC;;
C;GENERAL;10007689;TERMINAL SOBREMOLDEADO TUBULAR N°16 COLOR ROJO;REPUESTOS;UND;211.5;2;9.86;ARL INDUSTRIAL SAC;;
C;GENERAL;10020883;ENCHUFE  INDUSTRIAL 16AMP  3P+T 250V MARCA  MENNEKES COLOR AZUL;REPUESTOS;UND;0.37;2;11.0;ARL INDUSTRIAL SAC;;
C;GENERAL;10019476;TOMACORRIENTE INDUSTRIAL PARA INSTALACION VISIBLE  DE 16A 220 VAC TRIFASICO MAS TIERRA COLOR AZUL ME;REPUESTOS;UND;0.25;2;13.4;ARL INDUSTRIAL SAC;;
C;GENERAL;10016474;TAPA DE RESERVA PARA TABLERO ELECTRICO;REPUESTOS;UND;9.95;2;3.37;ARL INDUSTRIAL SAC;;
C;GENERAL;10024860;SAL INDUSTRIAL X 25 KG;REPUESTOS;UND;2.49;2;99.52;CLEAR FAST E.I.R.L.;;
C;GENERAL;10004314;PANTALLA FLUORESCENTE;REPUESTOS;UND;0.75;2;41.03;CLEAR FAST E.I.R.L.;;
C;GENERAL;10010850;BALDE DE 15 LTS;GASTOS ADMINISTRATIVOS;UND;1.24;2;21.15;CLEAR FAST E.I.R.L.;;
C;GENERAL;10026425;GANCHOS FIJADORES DE CALAMINA;SUMINISTROS;UND;9.95;2;29.86;CLEAR FAST E.I.R.L.;;
C;GENERAL;10008748;JUEGO DE DESTORNILLADORES;SUMINISTROS;UND;0.25;2;17.43;CLEAR FAST E.I.R.L.;;
C;GENERAL;10025500;PALITO DE CHUPETE;SUMINISTROS;MLL;124.66;2;6.23;CLEAR FAST E.I.R.L.;;
C;GENERAL;10026508;MICA ADHESIVA TRANSPERENTE;GASTOS ADMINISTRATIVOS;UND;0.5;2;19.42;CLEAR FAST E.I.R.L.;;
C;GENERAL;10007881;"RACHET 1/2""X10""";SUMINISTROS;UND;0.25;2;12.66;CLEAR FAST E.I.R.L.;;
C;GENERAL;10023311;ESCOBILLON ERIZO;SUMINISTROS;UND;0.5;2;12.45;CLEAR FAST E.I.R.L.;;
C;GENERAL;10008042;FAJA LUMBAR ERGONOMICA C/ TIRANTES NEGRO;SUMINISTROS;UND;0.25;2;11.21;CLEAR FAST E.I.R.L.;;
C;GENERAL;10004145;"LIMA REDONDA DE 6"" SEMIFINA";SUMINISTROS;UND;0.25;2;6.22;CLEAR FAST E.I.R.L.;;
C;GENERAL;10014492;SOLDADURA CELLOCORD 1/16;SUMINISTROS;KG;0.37;2;7.46;CLEAR FAST E.I.R.L.;;
C;GENERAL;10011563;REDUCTOR;REPUESTOS;UND;0.37;2;3.79;DITTO PERU SAC;;
C;GENERAL;10022865;ACOPLE  SEGUN MUESTRA;REPUESTOS;UND;0.25;2;8.44;DITTO PERU SAC;;
C;GENERAL;10018027;NIPLE DE BRONCE;REPUESTOS;UND;6.22;2;18.45;DITTO PERU SAC;;
C;GENERAL;10003992;CONECTOR CODO DE 1/2-16;REPUESTOS;UND;1.24;2;18.98;DITTO PERU SAC;;
C;GENERAL;10018624;"CHECK HIDRAULICA DE LINEA  UNIDIRECCIONAL  DE 3/4"" NPT";REPUESTOS;UND;0.25;2;18.57;DITTO PERU SAC;;
C;GENERAL;10008385;ABRAZADERA 20-35;SUMINISTROS;UND;6.22;2;13.18;DITTO PERU SAC;;
C;GENERAL;10008392;ADAPTADOR 3/4 JIC;SUMINISTROS;UND;0.99;2;8.43;DITTO PERU SAC;;
C;GENERAL;10005582;ABRAZADERA ACERADA PARA MANGUERA 3/4;SUMINISTROS;UND;3.98;2;8.43;DITTO PERU SAC;;
C;GENERAL;10003833;"BUSHING 1"" - 1/2""";REPUESTOS;UND;1.49;2;6.33;DITTO PERU SAC;;
C;GENERAL;10010793;ABRAZADERA ACERADA;SUMINISTROS;UND;1.99;2;2.53;DITTO PERU SAC;;
C;GENERAL;10013316;"YEE DE 1""";REPUESTOS;UND;0.25;2;3.8;DITTO PERU SAC;;
C;GENERAL;10005584;ABRAZADERA ACERADA P/MANGUERA 5/8;SUMINISTROS;UND;2.74;2;4.64;DITTO PERU SAC;;
C;GENERAL;10008383;ESPIGA 1 X 1;REPUESTOS;UND;0.5;2;4.22;DITTO PERU SAC;;
C;GENERAL;10008370;CODO GALVANIZADO 1/2 X 90;REPUESTOS;UND;0.75;2;2.53;DITTO PERU SAC;;
C;GENERAL;10018424;CODO DE FIERRO;REPUESTOS;UND;0.25;2;0.95;DITTO PERU SAC;;
C;GENERAL;10007550;"NIPLE 2"" X 2"" GALVANIZADO";REPUESTOS;UND;0.25;2;1.48;DITTO PERU SAC;;
C;GENERAL;10004267;"NIPLE 1"" X 1""";REPUESTOS;UND;0.5;2;1.27;DITTO PERU SAC;;
C;GENERAL;10024349;"NIPLE DE PVC DE 1 1/2""";REPUESTOS;UND;0.37;2;0.19;DITTO PERU SAC;;
C;GENERAL;10004195;"MANGUERA DE 1""";SUMINISTROS;MT;3.35;2;51.16;DITTO PERU SAC;;
C;GENERAL;10004177;INTERRUPTOR TERMOMAGNETICO TIPO RIEL DIN 2X25A  SCHNEIDER;SUMINISTROS;UND;0.75;2;61.96;N & A SECURITY S.A.C.;;
C;GENERAL;10018359;TOMACORRIENTE INDUSTRIAL VISIBLE  32AMP 3P+T 250V MENNEKES COLOR AZUL;REPUESTOS;UND;0.62;2;34.26;N & A SECURITY S.A.C.;;
C;GENERAL;10008644;INTERRUPTOR TERMOMAGNETICO TIPO RIEL DIN 2X16A SCHENEIDER;SUMINISTROS;UND;0.25;2;18.99;N & A SECURITY S.A.C.;;
C;GENERAL;10018449;RIEL UNISTRUT;REPUESTOS;UND;0.37;2;15.17;N & A SECURITY S.A.C.;;
C;GENERAL;10004238;TUBERIA METALICA FLEXIBLE C/ FORRO DE PVC;SUMINISTROS;MT;0.75;2;3.03;N & A SECURITY S.A.C.;;
C;GENERAL;10012280;RETEN PARA EMBOLO 80 X 70 X 8;REPUESTOS;UND;0.75;2;22.13;NICOVAL IMPORTACIONES E.I.R.L.;;
C;GENERAL;10012250;RETEN PARA TAPA 35 X 45 X 10 DOBLE LABIO;REPUESTOS;UND;0.99;2;21.08;NICOVAL IMPORTACIONES E.I.R.L.;;
C;GENERAL;10012281;PISTON SEAL Ø EXT 80 X 6 ALTURA;REPUESTOS;UND;0.37;2;18.97;NICOVAL IMPORTACIONES E.I.R.L.;;
C;GENERAL;10025195;RETEN PARA TAPA DOBLE LABIO 28-36-6;REPUESTOS;UND;0.99;2;16.86;NICOVAL IMPORTACIONES E.I.R.L.;;
C;GENERAL;10022564;"RETEN PARA EMBOLO 1 1/2"" X 2"" X 1/4""";REPUESTOS;UND;0.75;2;7.9;NICOVAL IMPORTACIONES E.I.R.L.;;
C;GENERAL;10018363;PISTON SEAL 50 X 5.8;REPUESTOS;UND;0.5;2;14.77;NICOVAL IMPORTACIONES E.I.R.L.;;
C;GENERAL;10018658;RETEN PARA EMBOLO 30 X 40 X 5;REPUESTOS;UND;0.75;2;9.48;NICOVAL IMPORTACIONES E.I.R.L.;;
C;GENERAL;10025334;RETEN PARA EMBOLO 100 X 85 X 9;REPUESTOS;UND;0.25;2;9.5;NICOVAL IMPORTACIONES E.I.R.L.;;
C;GENERAL;10012298;PISTON SEAL ØEXT 40 X ALTURA 3.5;REPUESTOS;UND;0.5;2;10.55;NICOVAL IMPORTACIONES E.I.R.L.;;
C;GENERAL;10022526;ORING CON RESPALDO 2 - 146;REPUESTOS;UND;0.75;2;8.22;NICOVAL IMPORTACIONES E.I.R.L.;;
C;GENERAL;10022525;ORING CON RESPALDO 2 - 147;REPUESTOS;UND;0.75;2;6.32;NICOVAL IMPORTACIONES E.I.R.L.;;
C;GENERAL;10007433;GUIA POM 44.45X50.8X6.35;REPUESTOS;UND;0.25;2;5.28;NICOVAL IMPORTACIONES E.I.R.L.;;
C;GENERAL;10020122;RESPALDO;REPUESTOS;UND;0.99;2;5.9;NICOVAL IMPORTACIONES E.I.R.L.;;
C;GENERAL;10012630;ORING 2.62 2-155 (101.27-106.51) VITON;REPUESTOS;UND;0.5;2;6.33;NICOVAL IMPORTACIONES E.I.R.L.;;
C;GENERAL;10013864;"RETEN PARA EMBOLO 1 5/8"" X 2"" X 3/16""";REPUESTOS;UND;0.25;2;6.33;NICOVAL IMPORTACIONES E.I.R.L.;;
C;GENERAL;10016134;"RETEN PARA TAPA DOBLE LABIO  3/4"" X 1 1/8"" X 1/4""";REPUESTOS;UND;0.37;2;4.74;NICOVAL IMPORTACIONES E.I.R.L.;;
C;GENERAL;10017121;GUIA GRAFITADA 2.4X9.5X400;REPUESTOS;UND;0.12;2;6.31;NICOVAL IMPORTACIONES E.I.R.L.;;
C;GENERAL;10019492;RETEN PARA TAPA CON DOBLE LABIO 22 X 28 X 4.5;REPUESTOS;UND;0.37;2;6.32;NICOVAL IMPORTACIONES E.I.R.L.;;
C;GENERAL;10013025;ORING 1.78 2-030 (41.00-44.56) VITON;REPUESTOS;UND;0.37;2;1.9;NICOVAL IMPORTACIONES E.I.R.L.;;
C;GENERAL;10013117;ORING 3.53 2-216 (28.17-35.23) VITON;REPUESTOS;UND;0.37;2;1.9;NICOVAL IMPORTACIONES E.I.R.L.;;
C;GENERAL;10013865;RETEN PARA TAPA 25 X 33 X 6 DOBLE LABIO;REPUESTOS;UND;0.12;2;2.1;NICOVAL IMPORTACIONES E.I.R.L.;;
C;GENERAL;10020414;RETEN 30 X 42 X 7;REPUESTOS;UND;0.12;2;1.05;NICOVAL IMPORTACIONES E.I.R.L.;;
C;GENERAL;10014227;SEGURO SEEGER A-11;REPUESTOS;UND;1.49;2;0.63;NICOVAL IMPORTACIONES E.I.R.L.;;
C;GENERAL;10026401;MAP PRO (KIT COMPLETO);SUMINISTROS;UND;0.25;2;23.66;SIBERIAN COMPANY E.I.R.L.;;
C;GENERAL;10024734;PINZA ER32 - 10MM;SUMINISTROS;UND;0.5;2;16.76;JUFRARVP S.R.LTDA.;;
C;GENERAL;10015470;PINZA ER16-6MM;SUMINISTROS;UND;0.5;2;10.6;JUFRARVP S.R.LTDA.;;
C;GENERAL;10023920;PINZA ER32 - 8MM;SUMINISTROS;UND;0.5;2;16.76;JUFRARVP S.R.LTDA.;;
C;GENERAL;10026456;ASPIRADORA INDUSTRIAL 30L 1400W - UBERMAN;SUMINISTROS;UND;0.25;2;105.49;TIENDAS DEL MEJORAMIENTO DEL HOGAR SA;;
C;GENERAL;10008775;PAVILO;SUMINISTROS;UND;1.62;2;6.71;TIENDAS DEL MEJORAMIENTO DEL HOGAR SA;;
C;GENERAL;10026334;INYECTOR DE AIRE DOBLE ENTRADA MODELO GAVINETE DE 5.5 HP;SUMINISTROS;UND;0.25;2;738.56;IMPORTACION, FABRICACION DE VENTILACION JC S.A.C.;;
C;GENERAL;10025308;RESISTENCIA TIPO BANDA 150W 220V MEDIDAS: Ø270 X 118MM. CONFORMADA POR MEDIA LUNAS;REPUESTOS;UND;0.37;2;76.47;INVERSIONES LIZANO S.A.C;;
C;GENERAL;10024163;RESISTENCIA DE BANDA Ø 250 X 90mm  2200 W 220 VAC CON BASE PARA TERMOCUPLA Y TERMINAL ENCHUFE;REPUESTOS;UND;0.25;2;42.33;INVERSIONES LIZANO S.A.C;;
C;GENERAL;10004589;RODAJE 6208-2Z/C3;REPUESTOS;UND;0.5;2;12.26;RODAMIENTOS SALAS S.R.L;;
C;GENERAL;10027068;FAJA B - 40;REPUESTOS;UND;0.37;2;8.27;RODAMIENTOS SALAS S.R.L;;
C;GENERAL;10018885;RETEN RADIAL 20 X 35 X 7;REPUESTOS;UND;0.37;2;3.04;RODAMIENTOS SALAS S.R.L;;
C;GENERAL;10027067;FAJA A - 28;REPUESTOS;UND;0.25;2;3.36;RODAMIENTOS SALAS S.R.L;;
C;GENERAL;10005651;FAJA A - 29;REPUESTOS;UND;0.25;2;3.36;RODAMIENTOS SALAS S.R.L;;
C;GENERAL;10006641;RETEN RADIAL 60 X 80 X 10;REPUESTOS;UND;0.25;2;3.8;RODAMIENTOS SALAS S.R.L;;
C;GENERAL;10026022;HYFLEX 70-118 MANGA DE PUNTO DE KEVLAR DE CALIBRE 24;SUMINISTROS;UND;0.87;2;32.23;GRUPO ALCA COMPANY S.A.C.;;
C;GENERAL;10014534;CHUMACERA DE PISO;REPUESTOS;UND;0.75;2;213.36;CORPORACION ACIATEC PERU S.A.C.;;
C;GENERAL;10026241;CLISSES - PLUSCOSMETICAL;MATERIALES AUXILIARES;UND;1.24;2;104.43;YAVENGRAF SOCIEDAD ANONIMA CERRADA;;
C;GENERAL;10017956;FECHADOR AÑO Y MES DIAMETRO 12;SUMINISTROS;UND;0.62;2;52.87;INDUSTRIAL CENTER E.I.R.L.;;
C;GENERAL;10021389;VALVULA DE AIRE SELLADA VA DIAM. 16;REPUESTOS;UND;0.37;2;37.23;INDUSTRIAL CENTER E.I.R.L.;;
C;GENERAL;10013947;FAJA TRANSP. ANTIABRASIVO VERDE BREDA 20 CF  SEGUN MUESTRA;REPUESTOS;UND;0.37;2;315.84;INVERSIONES TECNO COMERCIAL SA;;
C;GENERAL;10020012;LLAVE DE BOCA 12 - 13MM;SUMINISTROS;UND;0.37;2;6.16;COMERCIAL BCD E.I.R.L.;;
C;GENERAL;10025821;THINER AUTOMOTRIZ - TOTTI;SUMINISTROS;GL;0.25;2;5.7;COMERCIAL BCD E.I.R.L.;;
C;GENERAL;10018235;LLAVE BOCA 10MM;REPUESTOS;UND;0.37;2;5.37;COMERCIAL BCD E.I.R.L.;;
C;GENERAL;10005444;PORTA LAPICERO CUADRADO ARTESCO;GASTOS ADMINISTRATIVOS;UND;0.12;2;0.38;CRONOSTEC S.A.C.;;
C;GENERAL;10022299;RETEN PARA EMBOLO 30 X 40 X 6;REPUESTOS;UND;0.75;2;3.16;RUCONSA S.A.C.;;
C;GENERAL;10020115;RETEN PARA TAPA DOBLE LABIO;REPUESTOS;UND;0.5;2;6.75;RUCONSA S.A.C.;;
C;GENERAL;10020379;RETEN PARA TAPA 40 X 50 X 6 DOBLE LABIO;REPUESTOS;UND;0.25;2;6.33;RUCONSA S.A.C.;;
C;GENERAL;10007160;ORING MM 3.00 x 48.00 VITTON;REPUESTOS;UND;0.62;2;4.22;RUCONSA S.A.C.;;
C;GENERAL;10012152;GUIA POM 45 X 50 X 9.3;REPUESTOS;UND;0.25;2;4.22;RUCONSA S.A.C.;;
C;GENERAL;10005392;FORMATO CONTROL DE ARRANQUE DE MAQUINA;GASTOS ADMINISTRATIVOS;UND;124.66;2;43.32;INVERSIONES MULTIGRAFIC E.I.R.L.;;
C;GENERAL;10005351;FORMATO DE REPORTE DE PRODUCCION;GASTOS ADMINISTRATIVOS;UND;992.44;2;68.08;INVERSIONES MULTIGRAFIC E.I.R.L.;;
C;GENERAL;10011260;TALADRO;SUMINISTROS;UND;0.25;2;189.91;VALVERDE PROVEEDORES SOCIEDAD ANONIMA CERRADA;;
C;GENERAL;10004560;ADAPTADOR 502 PARA FILTROS PAR;SUMINISTROS;UND;0.25;2;3.66;HUAYAMBAL CASTILLO JUNIOR ARMANDO;;
C;GENERAL;10022271;"TALADRO PERCUTOR INALAMBRICO 1/2"" 20V BRUSHLESS MODELO DCD796P1 MARCA DEWALT";REPUESTOS;UND;0.25;2;116.06;GRUPO CAHEMA S.A.C.;;
C;GENERAL;10005473;GOMA LIQUIDA F. CASTELL X 250ML C/APLICA;SUMINISTROS;UND;0.25;2;0.58;CONTINENTAL S.A.C.;;
C;GENERAL;10005194;TAJADOR DE METAL ARTESCO;SUMINISTROS;UND;0.5;2;0.23;CONTINENTAL S.A.C.;;
C;GENERAL;10022249;"Pistola impacto neumática encastre 1/2"", torque: 650Nm - Stanley STMT74840";SUMINISTROS;UND;0.25;2;95.99;WURTH PERU S.A.C.;;
C;GENERAL;10026248;PISO DE GOMA ESTOPEROL;REPUESTOS;MT;1.24;2;84.59;IMPORTACIONES CODIZA S.A.;;
C;GENERAL;10018169;GONIOMETRO;SUMINISTROS;UND;0.12;2;7.69;CORPORACION INDUSTRIAL TRADING S.A.C.;;
C;GENERAL;10009908;CRUCETA;SUMINISTROS;UND;0.25;2;2.61;CORPORACION INDUSTRIAL TRADING S.A.C.;;
C;GENERAL;10025072;PULVERIZADOR PARA AIRE DE LIMPIEZA MARCA TRUPER;SUMINISTROS;UND;0.37;2;14.22;HUNTER PERU SAC;;
C;GENERAL;10007242;"TEE HEMBRA 1/4"" NPT";REPUESTOS;UND;0.62;2;1.85;HUNTER PERU SAC;;
C;GENERAL;10026346;"VALVULA CHECK 1"" - BRONCE";REPUESTOS;UND;0.25;2;17.94;QUISPE GUEVARA JOSE YOSMER;;
C;GENERAL;10026579;TERMOHIGRÓMETROS;EQUIPOS E INSTRUMENTOS;UND;0.37;2;33.16;RASH PERU SAC;;
C;GENERAL;10018088;BATA DE TELA;SUMINISTROS;UND;0.37;2;11.06;JULCA VARGAS DE SALAZAR JESUS MELIDA;;
C;GENERAL;10008407;VASTAGO;SUMINISTROS;UND;0.25;2;8.44;MULTISERVICIOS PREMIUM EXPRESS J Y J E.I.R.L.;;
C;GENERAL;10011962;FILTRO DE GAS;SUMINISTROS;UND;0.12;2;5.07;FRIO IMPORTACIONES S.A.C.;;
C;GENERAL;10025230;CANDADO 60MM ECONOMICO;SUMINISTROS;UND;0.37;2;3.17;SAHUANAY HUISACAYNA DE ALTAMIRANO MARIA;;
C;GENERAL;10022621;MOPA CIRCULAR;SUMINISTROS;UND;0.75;1;21.49;DISTRIBUIDORA DAMAFI E.I.R.L.;;
C;GENERAL;10011683;PRESOSTATO;REPUESTOS;UND;0.12;1;6.73;DISTRIBUIDORA DAMAFI E.I.R.L.;;
C;GENERAL;10007845;"LLAVE STEELSON DE 14"" STANLEY";SUMINISTROS;UND;0.25;1;17.51;DISTRIBUIDORA DAMAFI E.I.R.L.;;
C;GENERAL;10004151;LLAVE ALLEN 14 MM;SUMINISTROS;UND;0.12;1;3.36;DISTRIBUIDORA DAMAFI E.I.R.L.;;
C;GENERAL;10016961;"LLAVE STILLSON DE 14"" STANLEY";SUMINISTROS;UND;0.12;1;8.83;DISTRIBUIDORA DAMAFI E.I.R.L.;;
C;GENERAL;10024338;TECLADO PARA PC;SUMINISTROS;UND;0.25;1;10.55;DISTRIBUIDORA DAMAFI E.I.R.L.;;
C;GENERAL;10023711;SOCKET LED PARA VALVULA HIDRAULICA DE 110 VAC;REPUESTOS;UND;1.24;1;10.54;DISTRIBUIDORA DAMAFI E.I.R.L.;;
C;GENERAL;10005442;BANDEJA PORTAPAPEL 3 PISOS ARTESCO PREMI;SUMINISTROS;UND;0.25;1;7.39;DISTRIBUIDORA DAMAFI E.I.R.L.;;
C;GENERAL;10014666;MANUBRIO;REPUESTOS;UND;0.37;1;8.22;DISTRIBUIDORA DAMAFI E.I.R.L.;;
C;GENERAL;10004528;PULSADOR TRIPLE PARA EMPOTRAR BTICINO;REPUESTOS;UND;0.12;1;7.88;DISTRIBUIDORA DAMAFI E.I.R.L.;;
C;GENERAL;10024972;FAJA B 66 DE MARCA OPTIBEL;REPUESTOS;UND;0.37;1;6.32;DISTRIBUIDORA DAMAFI E.I.R.L.;;
C;GENERAL;10005334;KIT DE TECLADO Y MOUSE INALAMBRICO GENIU;SUMINISTROS;UND;0.12;1;6.2;DISTRIBUIDORA DAMAFI E.I.R.L.;;
C;GENERAL;10013791;LLAVE ALLEN 17MM;SUMINISTROS;UND;0.12;1;1.89;DISTRIBUIDORA DAMAFI E.I.R.L.;;
C;GENERAL;10008745;"ALICATE DE PRESION CURVO DE 7""";SUMINISTROS;UND;0.12;1;4.99;DISTRIBUIDORA DAMAFI E.I.R.L.;;
C;GENERAL;10004074;FAJA A-74;REPUESTOS;UND;0.37;1;5.37;DISTRIBUIDORA DAMAFI E.I.R.L.;;
C;GENERAL;10008579;LLAVE DE BOCA 16 - 17MM;SUMINISTROS;UND;0.37;1;5.06;DISTRIBUIDORA DAMAFI E.I.R.L.;;
C;GENERAL;10026692;Audifonos Inalambricos Bluetooth;SUMINISTROS;UND;0.12;1;5.04;DISTRIBUIDORA DAMAFI E.I.R.L.;;
C;GENERAL;10003757;"ALICATE UNIVERSAL 8""";SUMINISTROS;UND;0.12;1;4.52;DISTRIBUIDORA DAMAFI E.I.R.L.;;
C;GENERAL;10005501;TECLADO USB GENIUS;SUMINISTROS;UND;0.12;1;4.2;DISTRIBUIDORA DAMAFI E.I.R.L.;;
C;GENERAL;10020814;ASERRIN;SUMINISTROS;UND;0.25;1;2.74;DISTRIBUIDORA DAMAFI E.I.R.L.;;
C;GENERAL;10008148;ESPARRAGO ZINCADO M-5 X 100 MT;MATERIALES AUXILIARES;UND;0.37;1;4.11;DISTRIBUIDORA DAMAFI E.I.R.L.;;
C;GENERAL;10011403;LLAVE;SUMINISTROS;UND;0.12;1;0.53;DISTRIBUIDORA DAMAFI E.I.R.L.;;
C;GENERAL;10003754;ALICATE DE CORTE AISLADO 6Ø;SUMINISTROS;UND;0.12;1;3.57;DISTRIBUIDORA DAMAFI E.I.R.L.;;
C;GENERAL;10026961;ORING DE NITRILO 2-327;REPUESTOS;UND;1.24;1;3.58;DISTRIBUIDORA DAMAFI E.I.R.L.;;
C;GENERAL;10011362;LIMA MEDIA CAÑA;SUMINISTROS;UND;0.12;1;1.26;DISTRIBUIDORA DAMAFI E.I.R.L.;;
C;GENERAL;10017002;ARANDELA A PRESION M24;REPUESTOS;UND;1.49;1;0.88;DISTRIBUIDORA DAMAFI E.I.R.L.;;
C;GENERAL;10024506;ESCOBILLA DE BRONCE DE 4 x 20(CHICO);SUMINISTROS;UND;0.25;1;3.16;DISTRIBUIDORA DAMAFI E.I.R.L.;;
C;GENERAL;10022392;CASE Y MICA DE VIDRIO;SUMINISTROS;UND;0.12;1;2.1;DISTRIBUIDORA DAMAFI E.I.R.L.;;
C;GENERAL;10020289;SOGA DE NYLON DE 3/8;MATERIALES AUXILIARES;MT;0.99;1;2.53;DISTRIBUIDORA DAMAFI E.I.R.L.;;
C;GENERAL;10004521;PULSADOR COLOR ROJO Y VERDE;SUMINISTROS;UND;0.37;1;2.42;DISTRIBUIDORA DAMAFI E.I.R.L.;;
C;GENERAL;10014291;PRISIONERO M6 X 20;REPUESTOS;UND;1.24;1;1.37;DISTRIBUIDORA DAMAFI E.I.R.L.;;
C;GENERAL;10006560;SOLDADURA CELLOCORD   5/32;SUMINISTROS;UND;0.12;1;2.1;DISTRIBUIDORA DAMAFI E.I.R.L.;;
C;GENERAL;10025447;TAPETE ANTIESTÁTICO (ESD MAT);REPUESTOS;UND;0.12;1;2.1;DISTRIBUIDORA DAMAFI E.I.R.L.;;
C;GENERAL;10018370;"VALVULA ESFERICA DE 1""";REPUESTOS;UND;0.12;1;1.89;DISTRIBUIDORA DAMAFI E.I.R.L.;;
C;GENERAL;10026743;Wincha Básica Stanley Modelo STHT33989840 de 5 m Amarilla;SUMINISTROS;UND;0.12;1;1.79;DISTRIBUIDORA DAMAFI E.I.R.L.;;
C;GENERAL;10003949;ESPARRAGOS M14;REPUESTOS;UND;0.12;1;1.68;DISTRIBUIDORA DAMAFI E.I.R.L.;;
C;GENERAL;10026749;PLANTILLA ORTOPEDICA;SUMINISTROS;PAR;0.12;1;1.68;DISTRIBUIDORA DAMAFI E.I.R.L.;;
C;GENERAL;10005282;VINIFILE PRESENTACI¢N T/A4 X 100 HJS;SUMINISTROS;UND;0.12;1;1.63;DISTRIBUIDORA DAMAFI E.I.R.L.;;
C;GENERAL;10008341;CODOS 3/4 X 90;REPUESTOS;UND;0.12;1;1.58;DISTRIBUIDORA DAMAFI E.I.R.L.;;
C;GENERAL;10019252;PRISIONERO  1/4 X 1/2;REPUESTOS;UND;1.49;1;1.52;DISTRIBUIDORA DAMAFI E.I.R.L.;;
C;GENERAL;10003999;CONECTOR NEUMATICO RECTO M12 X 3/8 NPT;REPUESTOS;UND;0.12;1;0.83;DISTRIBUIDORA DAMAFI E.I.R.L.;;
C;GENERAL;10019474;"NIPLE DE PVC DE  1"" X 1""";REPUESTOS;UND;0.25;1;0.84;DISTRIBUIDORA DAMAFI E.I.R.L.;;
C;GENERAL;10025450;PAÑO MICRO FIBRA PARA LIMPIEZA;SUMINISTROS;MT;0.12;1;0.74;DISTRIBUIDORA DAMAFI E.I.R.L.;;
C;GENERAL;10011179;ESPEJO;MATERIALES AUXILIARES;UND;0.25;1;0.42;DISTRIBUIDORA DAMAFI E.I.R.L.;;
C;GENERAL;10004667;TAPA CIEGA  PARA CAJA OCTOGONAL DE PVC;SUMINISTROS;UND;0.25;1;0.17;DISTRIBUIDORA DAMAFI E.I.R.L.;;
C;GENERAL;10026636;MASILLA AUTOMOTRIZ PIROXILINA;SUMINISTROS;UND;0.12;1;7.88;DISTRIBUIDORA Y MATIZADOS VELSA ST S.A.C;;
C;GENERAL;10026112;ANTICORROSIVO KITOX MAESTRO GRIS AMT - 7315;SUMINISTROS;GL;0.12;1;4.73;DISTRIBUIDORA Y MATIZADOS VELSA ST S.A.C;;
C;GENERAL;10014647;RODILLOS TORO BLANCO;SUMINISTROS;UND;0.25;1;1.9;DISTRIBUIDORA Y MATIZADOS VELSA ST S.A.C;;
C;GENERAL;10024661;YB6315 P05-P20 DCMT11T304-AMF - ZCC;SUMINISTROS;UND;1.24;1;17.95;IMPORT TOOLS E. RICHARD S.A.C.;;
C;GENERAL;10019931;PORTA P/TORNEAR INTERIOR S16M-SDUCR07;SUMINISTROS;UND;0.12;1;14.72;IMPORT TOOLS E. RICHARD S.A.C.;;
C;GENERAL;10025357;PORTA P/TORNEAR ROSCAD INTERIOR SNR0016M16 - ZCC;SUMINISTROS;UND;0.12;1;14.49;IMPORT TOOLS E. RICHARD S.A.C.;;
C;GENERAL;10024966;PORTA PARA TORNEAR C06J-SWUBR06 VRW;SUMINISTROS;UND;0.12;1;13.28;IMPORT TOOLS E. RICHARD S.A.C.;;
C;GENERAL;10021041;PORTA DE CILINDRADO EXTERIOR SVJR2020K16;SUMINISTROS;UND;0.12;1;11.52;IMPORT TOOLS E. RICHARD S.A.C.;;
C;GENERAL;10026947;REPUESTO LLAVE WT07IP;SUMINISTROS;UND;0.37;1;9.48;IMPORT TOOLS E. RICHARD S.A.C.;;
C;GENERAL;10008294;"VALVULA CHECK 3""";REPUESTOS;UND;0.37;1;207.05;CHINCHAY LUCA FRANCISCO DONATILO;;
C;GENERAL;10027279;IMPULSOR DE BOMBA CENTRIFUGA MARCA PEDROLLO MODELO: F 65 / 160A;REPUESTOS;UND;0.12;1;183.9;CHINCHAY LUCA FRANCISCO DONATILO;;
C;GENERAL;10026377;VACUOMTRO CPS VG200 DIGITAL.;REPUESTOS;UND;0.12;1;110.86;CHINCHAY LUCA FRANCISCO DONATILO;;
C;GENERAL;10008657;REGULADOR DE PRESION;REPUESTOS;UND;0.25;1;92.85;CHINCHAY LUCA FRANCISCO DONATILO;;
C;GENERAL;10020310;"VALVULA DE PIE 2 1/2"" BRONCE";REPUESTOS;UND;0.25;1;81.24;CHINCHAY LUCA FRANCISCO DONATILO;;
C;GENERAL;10009926;LOGO PROGRAMABLE ZELIO;REPUESTOS;UND;0.12;1;75.66;CHINCHAY LUCA FRANCISCO DONATILO;;
C;GENERAL;10017786;VIGA H;REPUESTOS;UND;0.12;1;55.69;CHINCHAY LUCA FRANCISCO DONATILO;;
C;GENERAL;10010743;FILTRO SEPARADOR;SUMINISTROS;UND;0.12;1;48.34;CHINCHAY LUCA FRANCISCO DONATILO;;
C;GENERAL;10027244;AMPERIMETRO DIGITAL TOKY DLW8-IRC18AACT;REPUESTOS;UND;0.12;1;45.19;CHINCHAY LUCA FRANCISCO DONATILO;;
C;GENERAL;10009735;"TUBO DE 3"" PESADO";MATERIALES AUXILIARES;UND;0.12;1;40.98;CHINCHAY LUCA FRANCISCO DONATILO;;
C;GENERAL;10010048;ROTULA GE 40 E S;REPUESTOS;UND;0.25;1;18.99;CHINCHAY LUCA FRANCISCO DONATILO;;
C;GENERAL;10004498;VALVULA DE PIE C/ CHECK;REPUESTOS;UND;0.12;1;30.47;CHINCHAY LUCA FRANCISCO DONATILO;;
C;GENERAL;10023743;SOPORTE EN  L;MATERIALES AUXILIARES;UND;0.25;1;29.54;CHINCHAY LUCA FRANCISCO DONATILO;;
C;GENERAL;10025687;CORREA O FAJA CIRCULAR DE POLIURETANO DIAMETRO 8mm COLOR VERDE;REPUESTOS;MT;1.24;1;26.36;CHINCHAY LUCA FRANCISCO DONATILO;;
C;GENERAL;10013709;BAQUELITA;SUMINISTROS;UND;0.12;1;7.36;CHINCHAY LUCA FRANCISCO DONATILO;;
C;GENERAL;10026190;PERFIL GUIA 5MMX20MM;REPUESTOS;MT;1.24;1;25.3;CHINCHAY LUCA FRANCISCO DONATILO;;
C;GENERAL;10026376;PINZA AMPERIMETRICA  MARCA VALUE MODELO CM87C  600A;SUMINISTROS;UND;0.12;1;25.22;CHINCHAY LUCA FRANCISCO DONATILO;;
C;GENERAL;10026379;JUEGO DE ABOCARDADOR;REPUESTOS;UND;0.12;1;24.69;CHINCHAY LUCA FRANCISCO DONATILO;;
C;GENERAL;10026378;EXTRACTOR DE NUCLEO / EXTRACTOR DE PICHINA;REPUESTOS;UND;0.25;1;23.21;CHINCHAY LUCA FRANCISCO DONATILO;;
C;GENERAL;10026345;"TEE MECANICA ROSCADA DE 4"" X 1""";REPUESTOS;UND;0.37;1;15.8;CHINCHAY LUCA FRANCISCO DONATILO;;
C;GENERAL;10011408;FAJA PARA AFILADORA;REPUESTOS;UND;0.12;1;13.14;CHINCHAY LUCA FRANCISCO DONATILO;;
C;GENERAL;10026380;"EXPANDIDOR TIPO ALICATE DE 1/4""  A 7/8""";SUMINISTROS;UND;0.12;1;13.14;CHINCHAY LUCA FRANCISCO DONATILO;;
C;GENERAL;10026726;FAN RELAY 6 TERMINALES 90-380 EVERWELL;SUMINISTROS;UND;0.25;1;12.66;CHINCHAY LUCA FRANCISCO DONATILO;;
C;GENERAL;10026366;"VALVULA DE CONTROL DE FLUJO DE 1/4""";REPUESTOS;UND;0.25;1;11.61;CHINCHAY LUCA FRANCISCO DONATILO;;
C;GENERAL;10024845;BORNES  PARA BATERIA DE CARRO;REPUESTOS;UND;0.12;1;0.95;CHINCHAY LUCA FRANCISCO DONATILO;;
C;GENERAL;10003777;JUEGO DE LIMA PARA JOYERO;SUMINISTROS;UND;0.12;1;9.98;CHINCHAY LUCA FRANCISCO DONATILO;;
C;GENERAL;10025544;TAPA DE JEBE REDONDO  DIAMETRO INTERNO 38 MM;REPUESTOS;UND;1.87;1;7.91;CHINCHAY LUCA FRANCISCO DONATILO;;
C;GENERAL;10025443;LLAVE TIPO Y;REPUESTOS;UND;0.25;1;6.33;CHINCHAY LUCA FRANCISCO DONATILO;;
C;GENERAL;10008445;"LLAVE ALLEN 1/2""";SUMINISTROS;UND;0.12;1;4.73;CHINCHAY LUCA FRANCISCO DONATILO;;
C;GENERAL;10026381;"EXPANDIDOR DE GOLPE DE 1/4"" A 7/8""";SUMINISTROS;UND;0.12;1;4.73;CHINCHAY LUCA FRANCISCO DONATILO;;
C;GENERAL;10023387;LLAVE ALLEN 3.5MM;SUMINISTROS;UND;0.25;1;4.22;CHINCHAY LUCA FRANCISCO DONATILO;;
C;GENERAL;10026382;CORTADOR DE TUBO PEQUEÑO MARCA VALUE;SUMINISTROS;UND;0.12;1;2.63;CHINCHAY LUCA FRANCISCO DONATILO;;
C;GENERAL;10018586;CONECTOR METALICO;REPUESTOS;UND;0.25;1;2.11;CHINCHAY LUCA FRANCISCO DONATILO;;
C;GENERAL;10008152;REDUCTOR DE COBRE;REPUESTOS;UND;0.25;1;1.69;CHINCHAY LUCA FRANCISCO DONATILO;;
C;GENERAL;10005072;LUCES DE EMERGENCIADE 2X 20 W;SUMINISTROS;UND;0.37;1;138.01;ALFA ELECTRIC SOLUTION S.A.C.;;
C;GENERAL;10007473;CABLE TW #14;REPUESTOS;UND;0.37;1;136.15;ALFA ELECTRIC SOLUTION S.A.C.;;
C;GENERAL;10007598;CONTROLADOR DE TEMPERATURA MOD.TZN4H -24;SUMINISTROS;UND;0.25;1;127.99;ALFA ELECTRIC SOLUTION S.A.C.;;
C;GENERAL;10027110;CONTROL DE TEMPERATURA TZN4M-14S;SUMINISTROS;UND;0.12;1;73.04;ALFA ELECTRIC SOLUTION S.A.C.;;
C;GENERAL;10008778;"LLAVE STILLSON DE 36"" STANLEY";SUMINISTROS;UND;0.12;1;57.04;ALFA ELECTRIC SOLUTION S.A.C.;;
C;GENERAL;10004869;ROLLO DE CABLE VULCANIZADO 4 X 12 AWG - INDECO;REPUESTOS;UND;0.12;1;1.92;ALFA ELECTRIC SOLUTION S.A.C.;;
C;GENERAL;10007198;CABLE VULCANIZADO 3 X 14 MARCA INDECO;REPUESTOS;RLL;0.12;1;44.64;ALFA ELECTRIC SOLUTION S.A.C.;;
C;GENERAL;10011573;ARRANCADOR DIRECTO;REPUESTOS;UND;0.12;1;41.54;ALFA ELECTRIC SOLUTION S.A.C.;;
C;GENERAL;10007089;LLAVE  TERMOMAGNETICA DE 3X80 AMP MARA SCHNEIDER;SUMINISTROS;UND;0.12;1;31.0;ALFA ELECTRIC SOLUTION S.A.C.;;
C;GENERAL;10026630;"TUBO CONDUIT EMT DE 1/2""";SUMINISTROS;UND;3.11;1;31.1;ALFA ELECTRIC SOLUTION S.A.C.;;
C;GENERAL;10007097;TEMPORIZADOR ANALOGICO ATNB/ 24-240;SUMINISTROS;UND;0.25;1;29.88;ALFA ELECTRIC SOLUTION S.A.C.;;
C;GENERAL;10019584;PERILLA DE PRECISION  PARA POTENCIOMETRO CON CONTADOR DE VUELTAS MODELO G-15-1-11;REPUESTOS;UND;0.25;1;29.88;ALFA ELECTRIC SOLUTION S.A.C.;;
C;GENERAL;10025888;CABLE DE CORRIENTE COLOR AMARILLO NRO 14;SUMINISTROS;UND;0.12;1;22.2;ALFA ELECTRIC SOLUTION S.A.C.;;
C;GENERAL;10007506;CANALETA RANURADA PVC 60 X 60;SUMINISTROS;UND;0.62;1;18.66;ALFA ELECTRIC SOLUTION S.A.C.;;
C;GENERAL;10004625;ROLLO DE CABLE GPT #16 C/NEGRO;REPUESTOS;RLL;0.12;1;18.35;ALFA ELECTRIC SOLUTION S.A.C.;;
C;GENERAL;10016544;ROUTER INALAMBRICO 450Mbps;GASTOS ADMINISTRATIVOS;UND;0.12;1;17.98;ALFA ELECTRIC SOLUTION S.A.C.;;
C;GENERAL;10025440;MULTIMETRO DIGITAL UT33A+;REPUESTOS;UND;0.12;1;17.98;ALFA ELECTRIC SOLUTION S.A.C.;;
C;GENERAL;10010349;CABLE A TIERRA #14 AWG;REPUESTOS;UND;0.12;1;7.74;ALFA ELECTRIC SOLUTION S.A.C.;;
C;GENERAL;10018094;INTERRUPTOR TERMOMAGNETICO TIPO RIEL DIN 3 X 32 A SCHNEIDER ELECTRIC;REPUESTOS;UND;0.12;1;16.12;ALFA ELECTRIC SOLUTION S.A.C.;;
C;GENERAL;10008827;CAJA DE PASO METALICA 20x20;SUMINISTROS;UND;0.37;1;16.04;ALFA ELECTRIC SOLUTION S.A.C.;;
C;GENERAL;10004716;TERMINAL AISLADO TIPO OJAL  DE 6MM PARA CABLE 10-12 COLOR AMARILLO;SUMINISTROS;UND;49.77;1;12.94;ALFA ELECTRIC SOLUTION S.A.C.;;
C;GENERAL;10007099;RIEL DIN;REPUESTOS;MT;1.12;1;15.68;ALFA ELECTRIC SOLUTION S.A.C.;;
C;GENERAL;10013919;PEDAL SWITCH MODELO SFMS-1;REPUESTOS;UND;0.12;1;15.62;ALFA ELECTRIC SOLUTION S.A.C.;;
C;GENERAL;10010900;CAÑERIA;SUMINISTROS;UND;0.12;1;13.52;ALFA ELECTRIC SOLUTION S.A.C.;;
C;GENERAL;10004663;TABLERO ELECTRICO;REPUESTOS;UND;0.12;1;13.02;ALFA ELECTRIC SOLUTION S.A.C.;;
C;GENERAL;10020670;TABLERO ELECTRICO ADOSADO 30 X 20 X 15CM;REPUESTOS;UND;0.12;1;11.16;ALFA ELECTRIC SOLUTION S.A.C.;;
C;GENERAL;10022051;CABLE VULCANIZADO 2 X 14 AWG;REPUESTOS;RLL;0.12;1;10.97;ALFA ELECTRIC SOLUTION S.A.C.;;
C;GENERAL;10018429;SOLDADURA MAX PRO;SUMINISTROS;UND;0.37;1;10.44;ALFA ELECTRIC SOLUTION S.A.C.;;
C;GENERAL;10007688;TERMINAL SOBREMOLDEADO TUBULAR N°18 COLOR AMARILLO;REPUESTOS;UND;149.3;1;7.46;ALFA ELECTRIC SOLUTION S.A.C.;;
C;GENERAL;10027236;ALICATE PELA CABLE STANLEY;SUMINISTROS;UND;0.12;1;8.68;ALFA ELECTRIC SOLUTION S.A.C.;;
C;GENERAL;10027234;PRENSA TERMINALES C/RATCHET  HURRICANE HT-236E2 PARA TERMINAL SOBREMOLDEADO;SUMINISTROS;UND;0.12;1;8.06;ALFA ELECTRIC SOLUTION S.A.C.;;
C;GENERAL;10010351;"ABRAZADERA DE TUBO 3/4""";SUMINISTROS;UND;4.98;1;7.47;ALFA ELECTRIC SOLUTION S.A.C.;;
C;GENERAL;10018285;CODO PVC 1/2 X 90 -C/ROSCA GFTCO004;SUMINISTROS;UND;7.46;1;7.46;ALFA ELECTRIC SOLUTION S.A.C.;;
C;GENERAL;10026634;"CURVAS CONDUIT DE 1/2""";REPUESTOS;UND;3.73;1;7.46;ALFA ELECTRIC SOLUTION S.A.C.;;
C;GENERAL;10027235;PRENSA TERMINALES C/RATCHET  HURRICANE HT-236H;SUMINISTROS;UND;0.12;1;7.32;ALFA ELECTRIC SOLUTION S.A.C.;;
C;GENERAL;10019498;"ESCOBILLA DE FIERRO CIRCULAR DE 7""";REPUESTOS;UND;0.25;1;6.6;ALFA ELECTRIC SOLUTION S.A.C.;;
C;GENERAL;10027232;JUEGO DE ALICATE PARA SEGURO SEEGER;SUMINISTROS;UND;0.12;1;5.64;ALFA ELECTRIC SOLUTION S.A.C.;;
C;GENERAL;10025435;JUEGO DE PUNTAS PARA DESARMADOR + EXTENSION TRUPER;SUMINISTROS;UND;0.12;1;5.58;ALFA ELECTRIC SOLUTION S.A.C.;;
C;GENERAL;10026635;"UNION CONDUIT DE 1/2""";REPUESTOS;UND;3.73;1;5.6;ALFA ELECTRIC SOLUTION S.A.C.;;
C;GENERAL;10019548;CANALETA RANURADA DE 80 X 60 MM;REPUESTOS;UND;0.12;1;5.08;ALFA ELECTRIC SOLUTION S.A.C.;;
C;GENERAL;10027397;CAJA  PARA LLAVE TERMICA DE 2 POLOS DE PVC;REPUESTOS;UND;0.25;1;4.98;ALFA ELECTRIC SOLUTION S.A.C.;;
C;GENERAL;10025436;PINZAS DE PUNTAS (FINA Y ANTIESTATICAS);SUMINISTROS;JGO;0.12;1;4.51;ALFA ELECTRIC SOLUTION S.A.C.;;
C;GENERAL;10014257;INTERRUPTOR;REPUESTOS;UND;0.25;1;1.25;ALFA ELECTRIC SOLUTION S.A.C.;;
C;GENERAL;10025415;TUBERIA CONDUIT DE 3/4;REPUESTOS;UND;0.37;1;4.1;ALFA ELECTRIC SOLUTION S.A.C.;;
C;GENERAL;10025406;TARUGOS DE 3/4 DE PVC;REPUESTOS;UND;12.44;1;3.73;ALFA ELECTRIC SOLUTION S.A.C.;;
C;GENERAL;10025672;CANALETA CORRUGADA DE 3/8;SUMINISTROS;UND;1.24;1;3.23;ALFA ELECTRIC SOLUTION S.A.C.;;
C;GENERAL;10004766;WINCHA PASA CABLE;SUMINISTROS;UND;0.12;1;2.73;ALFA ELECTRIC SOLUTION S.A.C.;;
C;GENERAL;10022560;CAJA BOTONERA CON 3 ORIFICIOS PARA PULSADOR;REPUESTOS;UND;0.12;1;2.23;ALFA ELECTRIC SOLUTION S.A.C.;;
C;GENERAL;10025417;"ABRAZADERA CONDUIT HANGER DE 3/4""";REPUESTOS;UND;1.49;1;2.24;ALFA ELECTRIC SOLUTION S.A.C.;;
C;GENERAL;10017673;FOCO LED 7W 220VAC;REPUESTOS;UND;0.12;1;1.74;ALFA ELECTRIC SOLUTION S.A.C.;;
C;GENERAL;10025673;ABRAZADERA DE 3/8;SUMINISTROS;UND;1.24;1;1.49;ALFA ELECTRIC SOLUTION S.A.C.;;
C;GENERAL;10026632;CAJA ADOSABLE  PARA 6 POLOS;REPUESTOS;UND;0.12;1;1.49;ALFA ELECTRIC SOLUTION S.A.C.;;
C;GENERAL;10009878;MANGA TERMOCONTRAIBLE PARA CABLE #16AWG COLOR BLANCO;REPUESTOS;MT;0.62;1;1.31;ALFA ELECTRIC SOLUTION S.A.C.;;
C;GENERAL;10003818;BORNERA DE BAQUELITA;SUMINISTROS;UND;0.12;1;1.12;ALFA ELECTRIC SOLUTION S.A.C.;;
C;GENERAL;10016472;TAPA CIEGA RECTANGULAR;REPUESTOS;UND;0.5;1;0.75;ALFA ELECTRIC SOLUTION S.A.C.;;
C;GENERAL;10025416;CONECTOR  CONDUIT ETM 3/4;REPUESTOS;UND;0.12;1;0.19;ALFA ELECTRIC SOLUTION S.A.C.;;
C;GENERAL;10025459;MALLA DE POLIESTER AMARILLO PET1500M  14034 PW 234CM ANCHO 45°;SUMINISTROS;MT;3.12;1;1221.74;JAIME A. CHAVEZ S.A.C.;;
C;GENERAL;10027100;FAJA  EN V 3120 LD;REPUESTOS;UND;1.24;1;330.78;RODAMIENTOS FAB PERU S.A.C.;;
C;GENERAL;10026849;RODAJE 6904 2RS;SUMINISTROS;UND;6.22;1;148.19;RODAMIENTOS FAB PERU S.A.C.;;
C;GENERAL;10004614;RODAJES 32306;SUMINISTROS;UND;0.62;1;95.33;RODAMIENTOS FAB PERU S.A.C.;;
C;GENERAL;10027210;CHUMACERA DE PARED NPF205 (SB 205);REPUESTOS;UND;0.25;1;58.6;RODAMIENTOS FAB PERU S.A.C.;;
C;GENERAL;10015808;ROTULA GE 35 ES 2RS;REPUESTOS;UND;0.25;1;33.59;RODAMIENTOS FAB PERU S.A.C.;;
C;GENERAL;10025475;FAJA B100 MARCA: OPTIBEL;REPUESTOS;UND;0.5;1;33.2;RODAMIENTOS FAB PERU S.A.C.;;
C;GENERAL;10027238;FAJA;REPUESTOS;UND;0.37;1;22.88;RODAMIENTOS FAB PERU S.A.C.;;
C;GENERAL;10026851;CORREA O FAJA CIRCULAR DE POLIURETANO DIAMETRO 3mm COLOR VERDE;REPUESTOS;MT;0.62;1;20.99;RODAMIENTOS FAB PERU S.A.C.;;
C;GENERAL;10019235;RETEN RADIAL 90 X 120 X 12;REPUESTOS;UND;0.25;1;5.03;RODAMIENTOS FAB PERU S.A.C.;;
C;GENERAL;10023227;ORING 3.5 X 213;REPUESTOS;UND;0.12;1;10.32;RODAMIENTOS FAB PERU S.A.C.;;
C;GENERAL;10026850;SEGURO SEEGER J19;SUMINISTROS;UND;3.11;1;8.47;RODAMIENTOS FAB PERU S.A.C.;;
C;GENERAL;10012375;RODAJE 6206 2RS1/C3;REPUESTOS;UND;0.25;1;5.76;RODAMIENTOS FAB PERU S.A.C.;;
C;GENERAL;10027069;FAJA A - 48;REPUESTOS;UND;0.12;1;4.46;RODAMIENTOS FAB PERU S.A.C.;;
C;GENERAL;10019196;RETEN RADIAL 75 X 100 X 13;REPUESTOS;UND;0.12;1;1.27;RODAMIENTOS FAB PERU S.A.C.;;
C;GENERAL;10027373;ANILLO SEEGER A - 13;REPUESTOS;UND;1.24;1;4.17;RODAMIENTOS FAB PERU S.A.C.;;
C;GENERAL;10014051;RETEN RADIAL 45 X 68 X 12;REPUESTOS;UND;0.25;1;3.45;RODAMIENTOS FAB PERU S.A.C.;;
C;GENERAL;10003842;FAJA PARA MOTOR B46;REPUESTOS;UND;0.12;1;2.97;RODAMIENTOS FAB PERU S.A.C.;;
C;GENERAL;10012975;ORING 3.53 2-262 (177.39-184.45) NITRILO;REPUESTOS;UND;0.12;1;2.84;RODAMIENTOS FAB PERU S.A.C.;;
C;GENERAL;10012364;RODAJE 6204 2 ZC3;REPUESTOS;UND;0.12;1;1.62;RODAMIENTOS FAB PERU S.A.C.;;
C;GENERAL;10018884;RETEN RADIAL 35 - 55 - 10;REPUESTOS;UND;0.12;1;1.12;RODAMIENTOS FAB PERU S.A.C.;;
C;GENERAL;10014376;SEGURO SEEGUER A-28;REPUESTOS;UND;0.25;1;0.55;RODAMIENTOS FAB PERU S.A.C.;;
C;GENERAL;10025719;PC CORE I5-1240, MAINBOARD H610M, DDR4,LGA1700 16GB-3200MHZ,SSD 500GB M2, CASE ANTEC BLACK;ACTIVOS FIJOS;UND;0.12;1;244.97;SERMULTEC PACIFIC S.R.L.;;
C;GENERAL;10026043;TONER HP26A;SUMINISTROS;UND;0.37;1;59.68;SERMULTEC PACIFIC S.R.L.;;
C;GENERAL;10026016;Cooler master para PC;SUMINISTROS;UND;0.12;1;39.96;SERMULTEC PACIFIC S.R.L.;;
C;GENERAL;10026477;Monitor Samsung S3 F330 24 Essential FHD100hz Negro;SUMINISTROS;UND;0.12;1;30.79;SERMULTEC PACIFIC S.R.L.;;
C;GENERAL;10025726;CABEZAL EPSON LX300;REPUESTOS;UND;0.12;1;27.28;SERMULTEC PACIFIC S.R.L.;;
C;GENERAL;10025905;"Monitor Samsung LS22D300GALXPE 22"" FHD IPS 100Hz HDMI VGA";ACTIVOS FIJOS;UND;0.12;1;27.58;SERMULTEC PACIFIC S.R.L.;;
C;GENERAL;10026686;Adaptador de red TP-Link UE300C Usb tipo-C a RJA45 Gigabit, Plug and play, blanco;SUMINISTROS;UND;0.5;1;27.25;SERMULTEC PACIFIC S.R.L.;;
C;GENERAL;10025067;KIT DE TECLADO Y MOUSE INALAMBRICO LOGITECH MK 295;SUMINISTROS;UND;0.12;1;14.63;SERMULTEC PACIFIC S.R.L.;;
C;GENERAL;10025725;KIT RUEDAS DE ARRASTRE DE EPSON LX300;REPUESTOS;UND;0.12;1;12.13;SERMULTEC PACIFIC S.R.L.;;
C;GENERAL;10005368;COOLER PARA PC/LAPTOP;SUMINISTROS;UND;0.12;1;8.11;SERMULTEC PACIFIC S.R.L.;;
C;GENERAL;10005492;CABLE DE RED AMP CAT 6;SUMINISTROS;MT;0.12;1;1.49;SERMULTEC PACIFIC S.R.L.;;
C;GENERAL;10018487;CONO PORTA PINZA BT40-ER16 V-773 COD. 3032-302 (VERTEX);SUMINISTROS;UND;0.12;1;162.24;TRADE TOOLS CIA S.A.C.;;
C;GENERAL;10026318;CONO PORTA PINZA BT40-DS06-90;SUMINISTROS;UND;0.12;1;161.61;TRADE TOOLS CIA S.A.C.;;
C;GENERAL;10019947;MORDAZAS BLANDAS P/CHUCK VHC-08 - VERTEX;SUMINISTROS;UND;0.75;1;80.75;TRADE TOOLS CIA S.A.C.;;
C;GENERAL;10018488;CONO PORTA PINZA BT40-ER32 V-703B COD. 3032-306 (VERTEX);SUMINISTROS;UND;0.12;1;41.76;TRADE TOOLS CIA S.A.C.;;
C;GENERAL;10025504;MANGUERA FLEXIBLE ARTICULADA DE 1/4 NPT 50cm;REPUESTOS;UND;0.37;1;40.12;TRADE TOOLS CIA S.A.C.;;
C;GENERAL;10022159;"PALPADOR DIGITAL MARCA: VERTEX;  CODIGO VPS-20B";SUMINISTROS;UND;0.12;1;38.17;TRADE TOOLS CIA S.A.C.;;
C;GENERAL;10019944;BASE MAGNETICA  ARTICULADA VMB-106 - VERTEX;SUMINISTROS;UND;0.12;1;29.35;TRADE TOOLS CIA S.A.C.;;
C;GENERAL;10017245;AVELLANADOR CIL HSS  ESPIGA 10 MM-90° Ø25MM;SUMINISTROS;UND;0.12;1;27.08;TRADE TOOLS CIA S.A.C.;;
C;GENERAL;10024637;PINZA D6-6MM DC(S)6-6 AA;SUMINISTROS;UND;0.12;1;19.23;TRADE TOOLS CIA S.A.C.;;
C;GENERAL;10011790;CONO MORSE;SUMINISTROS;UND;0.12;1;13.45;TRADE TOOLS CIA S.A.C.;;
C;GENERAL;10015471;PINZA ER16-8MM;SUMINISTROS;UND;0.25;1;12.27;TRADE TOOLS CIA S.A.C.;;
C;GENERAL;10016829;PINZA ER16-4MM;SUMINISTROS;UND;0.25;1;12.27;TRADE TOOLS CIA S.A.C.;;
C;GENERAL;10024973;INTERRUPTOR TERMOMAGNETICO COMPACT NSX630N 3X630A (250-630A) SCHNEIDER;REPUESTOS;UND;0.12;1;355.71;ARL INDUSTRIAL SAC;;
C;GENERAL;10022594;REFLECTOR LED DE 200W;REPUESTOS;UND;0.5;1;89.47;ARL INDUSTRIAL SAC;;
C;GENERAL;10025681;BORNERA PARA RIEL DIN 2.4 mm2 LEGRAND;REPUESTOS;UND;12.44;1;54.82;ARL INDUSTRIAL SAC;;
C;GENERAL;10014607;CABLE VULCANIZADO 3 X 18 MARCA INDECO;REPUESTOS;RLL;0.12;1;4.73;ARL INDUSTRIAL SAC;;
C;GENERAL;10025680;CABLE VULCANIZADO 3X20 AWG INDECO;REPUESTOS;RLL;0.12;1;40.46;ARL INDUSTRIAL SAC;;
C;GENERAL;10003976;CABLE VULCANIZADO 2X18 AWG, INDECO;REPUESTOS;RLL;0.12;1;5.04;ARL INDUSTRIAL SAC;;
C;GENERAL;10025503;"REGULADOR DE PRESION CON FILTRO NEUMATICO 1/4"" NPT";REPUESTOS;UND;0.37;1;39.51;ARL INDUSTRIAL SAC;;
C;GENERAL;10007742;CABLE TIPO GPT # 18;REPUESTOS;RLL;0.37;1;34.14;ARL INDUSTRIAL SAC;;
C;GENERAL;10011925;FINAL DE CARRERA ZCK – D21;REPUESTOS;UND;0.12;1;33.63;ARL INDUSTRIAL SAC;;
C;GENERAL;10010002;CABLE VULCANIZADO 4X8 AWG;REPUESTOS;UND;0.12;1;3.89;ARL INDUSTRIAL SAC;;
C;GENERAL;10025679;CABLE VULCANIZADO 2X20 AWG INDECO;REPUESTOS;RLL;0.12;1;27.85;ARL INDUSTRIAL SAC;;
C;GENERAL;10020889;ROLLO DE CABLE GPT # 12 AWG MARCA INDECO COLOR NEGRO;REPUESTOS;RLL;0.12;1;26.06;ARL INDUSTRIAL SAC;;
C;GENERAL;10004868;ROLLO DE CABLE TW-90 14 AWG ROJO/AZUL;REPUESTOS;UND;0.12;1;16.29;ARL INDUSTRIAL SAC;;
C;GENERAL;10010789;ENCHUFE  INDUSTRIAL 32AMP  3P+T 250V MARCA  MENNEKES COLOR AZUL;REPUESTOS;UND;0.25;1;10.23;ARL INDUSTRIAL SAC;;
C;GENERAL;10007495;CONECTOR;REPUESTOS;UND;1.24;1;2.64;ARL INDUSTRIAL SAC;;
C;GENERAL;10016476;DIRECTORIO PARA TABLERO ELECTRICO;REPUESTOS;UND;3.11;1;5.27;ARL INDUSTRIAL SAC;;
C;GENERAL;10025653;LIMIT SWITCH AZ- 8108;REPUESTOS;UND;0.25;1;8.02;ARL INDUSTRIAL SAC;;
C;GENERAL;10025642;INTERRUPTOR TERMOMAGNETICO UNIPOLAR DE 16A SCHNEIDER;REPUESTOS;UND;0.12;1;7.15;ARL INDUSTRIAL SAC;;
C;GENERAL;10025676;PEINE PARA BORNERA  LEGRAND 2.4mm2;REPUESTOS;UND;0.5;1;6.63;ARL INDUSTRIAL SAC;;
C;GENERAL;10003819;REGLETA BORNERAS DE PVC  12mm 15amp;REPUESTOS;UND;1.49;1;6.33;ARL INDUSTRIAL SAC;;
C;GENERAL;10019290;"TUBO CONDUIT DE 1""";REPUESTOS;UND;0.62;1;5.8;ARL INDUSTRIAL SAC;;
C;GENERAL;10025505;INTERRUPTOR TRIPLE PARA EMPOTRAR BTICINO;REPUESTOS;UND;0.12;1;2.99;ARL INDUSTRIAL SAC;;
C;GENERAL;10016869;DESTORNILLADOR;SUMINISTROS;UND;0.12;1;2.94;ARL INDUSTRIAL SAC;;
C;GENERAL;10025677;TAPA PARA BORNERA LEGRAND 2.4mm2;REPUESTOS;UND;1.24;1;2.95;ARL INDUSTRIAL SAC;;
C;GENERAL;10019291;"UNION CONDUIT DE 1""";REPUESTOS;UND;1.12;1;2.37;ARL INDUSTRIAL SAC;;
C;GENERAL;10010545;CODOS 1/2 X90;REPUESTOS;UND;0.75;1;2.21;ARL INDUSTRIAL SAC;;
C;GENERAL;10023742;PERFIL DE ALUMINIO;MATERIALES AUXILIARES;UND;0.25;1;34.86;CLEAR FAST E.I.R.L.;;
C;GENERAL;10017193;MESA;SUMINISTROS;UND;0.25;1;19.92;CLEAR FAST E.I.R.L.;;
C;GENERAL;10008934;CALAMINA METALICA;SUMINISTROS;UND;1.24;1;68.42;CLEAR FAST E.I.R.L.;;
C;GENERAL;10018640;"ABRAZADERAS TIPO ""U""";REPUESTOS;UND;1.49;1;67.19;CLEAR FAST E.I.R.L.;;
C;GENERAL;10005249;PORTA NOTAS ACRILICO C/VENTANA - ARTESCO;SUMINISTROS;UND;1.49;1;58.23;CLEAR FAST E.I.R.L.;;
C;GENERAL;10026424;CALAMINA TRANSPARENTE;SUMINISTROS;UND;0.62;1;40.99;CLEAR FAST E.I.R.L.;;
C;GENERAL;10025523;TIRAS REACTIVAS ACCU-CHEK;GASTOS ADMINISTRATIVOS;UND;0.25;1;32.35;CLEAR FAST E.I.R.L.;;
C;GENERAL;10025747;MANGUERA DE JARDIN;SUMINISTROS;MT;5.6;1;25.2;CLEAR FAST E.I.R.L.;;
C;GENERAL;10014643;PÍNTURA TRAFICO AMARILLO CPP;SUMINISTROS;UND;0.37;1;17.16;CLEAR FAST E.I.R.L.;;
C;GENERAL;10026317;"GARRUCHA GIRATORIA DE 3""";REPUESTOS;UND;0.5;1;19.42;CLEAR FAST E.I.R.L.;;
C;GENERAL;10005255;TERMOMETRO INFRARROJO;SUMINISTROS;UND;0.12;1;17.98;CLEAR FAST E.I.R.L.;;
C;GENERAL;10008820;"GARRUCHA PESADA DE 3""";REPUESTOS;UND;0.37;1;10.82;CLEAR FAST E.I.R.L.;;
C;GENERAL;10004835;CANDADO 70MM BRONCE BLIST B&D;SUMINISTROS;UND;0.25;1;16.18;CLEAR FAST E.I.R.L.;;
C;GENERAL;10019477;"ABRAZADERAS CON DOS OREJAS PARA TUBERIA DE 1/2""";REPUESTOS;UND;3.11;1;15.55;CLEAR FAST E.I.R.L.;;
C;GENERAL;10025476;ASPIRADOR DE POLVO ELECTRICO PARA MANO;SUMINISTROS;UND;0.12;1;12.28;CLEAR FAST E.I.R.L.;;
C;GENERAL;10011381;CONTROL DE NIVELDE AGUA;REPUESTOS;UND;0.12;1;11.78;CLEAR FAST E.I.R.L.;;
C;GENERAL;10027004;TARUGO PARA DRYWALL;SUMINISTROS;UND;12.44;1;9.95;CLEAR FAST E.I.R.L.;;
C;GENERAL;10023312;REPUESTO DE MOPA CIRCULAR;SUMINISTROS;UND;0.25;1;9.71;CLEAR FAST E.I.R.L.;;
C;GENERAL;10013943;PASTA TERMICA PARA PROCESADOR;REPUESTOS;UND;0.25;1;9.59;CLEAR FAST E.I.R.L.;;
C;GENERAL;10025446;PULSERA ANTIESTÁTICA EDS WRIST STRAP;SUMINISTROS;UND;0.25;1;8.71;CLEAR FAST E.I.R.L.;;
C;GENERAL;10011938;CRONOMETRO;SUMINISTROS;UND;0.12;1;8.06;CLEAR FAST E.I.R.L.;;
C;GENERAL;10015113;CAÑO CROMADO;REPUESTOS;UND;0.12;1;6.08;CLEAR FAST E.I.R.L.;;
C;GENERAL;10009330;"BROCHA DE 5""";SUMINISTROS;UND;0.12;1;7.19;CLEAR FAST E.I.R.L.;;
C;GENERAL;10008743;"ALICATE UNIVERSAL 7""";SUMINISTROS;UND;0.12;1;6.82;CLEAR FAST E.I.R.L.;;
C;GENERAL;10011879;PIEDRA CHANCADA;MATERIALES AUXILIARES;UND;0.5;1;6.47;CLEAR FAST E.I.R.L.;;
C;GENERAL;10018237;ALICATE SEEGER EXTERIOR;REPUESTOS;UND;0.12;1;5.33;CLEAR FAST E.I.R.L.;;
C;GENERAL;10024989;PAÑO MICOFIBRA;GASTOS ADMINISTRATIVOS;UND;1.24;1;6.22;CLEAR FAST E.I.R.L.;;
C;GENERAL;10015644;TERMOMETRO CITIZEN CTA-303;GASTOS ADMINISTRATIVOS;UND;0.12;1;6.08;CLEAR FAST E.I.R.L.;;
C;GENERAL;10011437;KIT DE VALVULA;REPUESTOS;UND;0.12;1;5.95;CLEAR FAST E.I.R.L.;;
C;GENERAL;10022506;CHEMA ANTISALITRE;SUMINISTROS;KG;0.12;1;5.58;CLEAR FAST E.I.R.L.;;
C;GENERAL;10024541;"VISAGRA 2""  LARGO 1"" 1/2  ANCHO";REPUESTOS;UND;0.37;1;1.4;CLEAR FAST E.I.R.L.;;
C;GENERAL;10027026;BATERÍA RECARGABLE SELLADA DE PLOMO-ÁCIDO OPALUX DH640;SUMINISTROS;UND;0.12;1;5.58;CLEAR FAST E.I.R.L.;;
C;GENERAL;10025797;LLANA DENTADA RAPIN 10X10MM;EQUIPOS E INSTRUMENTOS;UND;0.12;1;4.53;CLEAR FAST E.I.R.L.;;
C;GENERAL;10025513;"ALICATE DE PUNTA 6""";REPUESTOS;UND;0.12;1;4.34;CLEAR FAST E.I.R.L.;;
C;GENERAL;10027245;POLO DE ALGODON MANGA LARGA AZUL TALLA: L;SUMINISTROS;UND;0.12;1;3.72;CLEAR FAST E.I.R.L.;;
C;GENERAL;10008731;"CINCEL PLANO 3/4""";SUMINISTROS;UND;0.12;1;3.66;CLEAR FAST E.I.R.L.;;
C;GENERAL;10007490;SOLDADURA CELLOCOR 3/32;SUMINISTROS;KG;0.12;1;2.73;CLEAR FAST E.I.R.L.;;
C;GENERAL;10018366;"NIPLE ROSCADO DE PVC DE 1"" X 3""";REPUESTOS;UND;0.25;1;2.49;CLEAR FAST E.I.R.L.;;
C;GENERAL;10006242;TUBO DE ABASTO PARA LAVADERO;SUMINISTROS;UND;0.12;1;1.86;CLEAR FAST E.I.R.L.;;
C;GENERAL;10023067;"UNIVERSAL DE PVC ROSACADO DE 1""";REPUESTOS;UND;0.12;1;1.36;CLEAR FAST E.I.R.L.;;
C;GENERAL;10023222;"LLAVE ALLEN 3/32""";SUMINISTROS;UND;0.12;1;0.93;CLEAR FAST E.I.R.L.;;
C;GENERAL;10025437;ESPATULA PLÁSTICA SPUDGERS;REPUESTOS;UND;0.12;1;0.48;CLEAR FAST E.I.R.L.;;
C;GENERAL;10025855;"SSD 3.84TB  Empresarial SATA DC600M Series de 2.5"" - 6Gb/s";ALMACENAMIENTO;UND;0.25;1;978.26;CONSULTORIA EN TECNOLOGIA INFORMATICA Y SERVICIOS GENERALES E.I.R.L.;;
C;GENERAL;10025766;IMPRESORA MULTIFUNCIONAL EPSON ECOTANK L3250;EQUIPOS DE IMPRESIÓN;UND;0.12;1;79.76;CONSULTORIA EN TECNOLOGIA INFORMATICA Y SERVICIOS GENERALES E.I.R.L.;;
C;GENERAL;10008164;TELEFONO INALAMBRICO;SUMINISTROS;UND;0.12;1;28.38;CONSULTORIA EN TECNOLOGIA INFORMATICA Y SERVICIOS GENERALES E.I.R.L.;;
C;GENERAL;10025891;COOLER PARA LAPTOP TEROS CON DOBLE VENTILADOR Y DOBLE PUERTO USB;SUMINISTROS;UND;0.25;1;21.5;CONSULTORIA EN TECNOLOGIA INFORMATICA Y SERVICIOS GENERALES E.I.R.L.;;
C;GENERAL;10026140;ORGANIZADOR DE CABLES EN ESPIRAL, DIAMETRO 12MM, COLOR NEGRO;SUMINISTROS;MT;0.25;1;17.88;CONSULTORIA EN TECNOLOGIA INFORMATICA Y SERVICIOS GENERALES E.I.R.L.;;
C;GENERAL;10018820;ACCIONADOR PARA VALV. TERMOSTATICA NRO DE PARTE: 7.7457.0;REPUESTOS;UND;0.12;1;731.3;TECHNICAL SERVICE PERU S.A.C.;;
C;GENERAL;10013407;LLAVE DE BOLA EN BRONCE DE 1  1/4;REPUESTOS;UND;6.22;1;115.98;DITTO PERU SAC;;
C;GENERAL;10019553;MANGUERA HIDRAULICA R12;REPUESTOS;UND;0.25;1;11.04;DITTO PERU SAC;;
C;GENERAL;10018368;"LLAVE DE PASO DE 1""";REPUESTOS;UND;0.5;1;6.33;DITTO PERU SAC;;
C;GENERAL;10026885;"MANGUERA HIDRAULICA 1"" R2 R-R JIC";REPUESTOS;UND;0.25;1;22.79;DITTO PERU SAC;;
C;GENERAL;10010544;"TUBO GALVANIZADO 1""";REPUESTOS;UND;0.12;1;18.39;DITTO PERU SAC;;
C;GENERAL;10010463;"FILTRO DE BRONCE EN Y 1 1/2""";REPUESTOS;UND;0.12;1;14.71;DITTO PERU SAC;;
C;GENERAL;10007350;UNION UNIVERSAL 2;REPUESTOS;UND;0.25;1;8.02;DITTO PERU SAC;;
C;GENERAL;10016761;CONECTOR NEUMATICO PASAMURO - M10;REPUESTOS;UND;1.24;1;11.07;DITTO PERU SAC;;
C;GENERAL;10005322;TEFLON LIQUIDO;SUMINISTROS;UND;0.25;1;10.97;DITTO PERU SAC;;
C;GENERAL;10027313;MANGUERA DE TESTEO CON CONECTORES JIC R-R 1/4;REPUESTOS;UND;0.12;1;10.3;DITTO PERU SAC;;
C;GENERAL;10016699;"ACOPLE RAPIDO HIDRAULICO 1/2"" - NPT";REPUESTOS;UND;0.25;1;10.13;DITTO PERU SAC;;
C;GENERAL;10007530;LLAVE DE BOLA 2;REPUESTOS;UND;0.12;1;9.98;DITTO PERU SAC;;
C;GENERAL;10010678;MANGUERA JEBE / LONA 3/4;SUMINISTROS;MT;0.62;1;8.43;DITTO PERU SAC;;
C;GENERAL;10017754;"BUSHING GALVANIZADO DE 1 1/2""X3/4"" NPT";REPUESTOS;UND;0.5;1;8.02;DITTO PERU SAC;;
C;GENERAL;10013881;GRASERA MANUAL;REPUESTOS;UND;0.12;1;1.06;DITTO PERU SAC;;
C;GENERAL;10016667;"NIPLE ESCAMADO DE 1"" P/MANGUERA 1""";REPUESTOS;UND;0.75;1;6.95;DITTO PERU SAC;;
C;GENERAL;10018937;MANGUERA R1 1 1/2;REPUESTOS;UND;0.12;1;6.73;DITTO PERU SAC;;
C;GENERAL;10003721;"ABRASADERAS GALVANIZADAS DE 1""";SUMINISTROS;UND;2.49;1;6.33;DITTO PERU SAC;;
C;GENERAL;10004692;"TEE GALVANIZADO 1""";REPUESTOS;UND;0.75;1;6.32;DITTO PERU SAC;;
C;GENERAL;10007415;ORING 1.78 2-041 (75.92-79.48) NITRILO;REPUESTOS;UND;1.49;1;6.33;DITTO PERU SAC;;
C;GENERAL;10017984;"NIPLE 1"" X 2"" GALVANIZADO";REPUESTOS;UND;1.49;1;5.06;DITTO PERU SAC;;
C;GENERAL;10008525;"ESPIGA DE BRONCE 1/8 X 1/2""";SUMINISTROS;UND;1.24;1;5.27;DITTO PERU SAC;;
C;GENERAL;10007396;GOMALACA;SUMINISTROS;UND;0.5;1;5.06;DITTO PERU SAC;;
C;GENERAL;10007522;ADAPTADOR CODO 1/2 X 1/2 NPT;REPUESTOS;UND;0.99;1;5.06;DITTO PERU SAC;;
C;GENERAL;10017820;ADAPTADOR 3/4 NPT X 3/4 JIC;REPUESTOS;UND;0.5;1;1.9;DITTO PERU SAC;;
C;GENERAL;10012183;"CODO 90° 1"" HEMBRA";REPUESTOS;UND;0.25;1;0.63;DITTO PERU SAC;;
C;GENERAL;10006170;ORING 1.78 2-040 (72.75-76.31) NITRILO;REPUESTOS;UND;2.12;1;4.48;DITTO PERU SAC;;
C;GENERAL;10004184;MANGUERA 1 1/4 JEBE Y LONA;SUMINISTROS;MT;0.05;1;4.45;DITTO PERU SAC;;
C;GENERAL;10003828;"BUSHING 1"" - 1 1/2""";REPUESTOS;UND;0.5;1;4.22;DITTO PERU SAC;;
C;GENERAL;10004505;"ABRAZADERAS P/MANGUERA 1"" ACERADAS";SUMINISTROS;UND;1.49;1;3.8;DITTO PERU SAC;;
C;GENERAL;10007359;ORING 1.78 2-033 (50.52-54.08) NITRILO;REPUESTOS;UND;1.49;1;3.8;DITTO PERU SAC;;
C;GENERAL;10025060;NIPLE GALVANIZADO;REPUESTOS;UND;0.5;1;3.8;DITTO PERU SAC;;
C;GENERAL;10008386;ADAPTADOR RECTO 3/4 X 3/4 JIC;SUMINISTROS;UND;0.25;1;3.38;DITTO PERU SAC;;
C;GENERAL;10014060;SEGURO SEEGER A-16;REPUESTOS;UND;1.24;1;3.16;DITTO PERU SAC;;
C;GENERAL;10004295;ABRAZADERAS P/MANGUERA 1/2 ACERADAS;SUMINISTROS;UND;2.49;1;3.14;DITTO PERU SAC;;
C;GENERAL;10009790;TEE HEMBRA 1/2 NPT;REPUESTOS;UND;0.25;1;2.95;DITTO PERU SAC;;
C;GENERAL;10012576;UNION HEMBRA 3/4 A 3/4 NPT;REPUESTOS;UND;0.25;1;2.95;DITTO PERU SAC;;
C;GENERAL;10004287;"NIPLE GALVANIZADO 1"" X 3""";REPUESTOS;UND;0.5;1;2.53;DITTO PERU SAC;;
C;GENERAL;10004785;UNION SIMPLE;REPUESTOS;UND;0.5;1;2.53;DITTO PERU SAC;;
C;GENERAL;10012202;ESPIGA 1/2 NPT PARA MANGUERA 1/2;REPUESTOS;UND;0.5;1;2.53;DITTO PERU SAC;;
C;GENERAL;10004290;NIPLE 2X2;REPUESTOS;UND;0.12;1;0.84;DITTO PERU SAC;;
C;GENERAL;10004292;"NIPLE 2"" X 3"" GALVANIZADO";REPUESTOS;UND;0.25;1;2.32;DITTO PERU SAC;;
C;GENERAL;10018809;NIPLE ESPIGA;REPUESTOS;UND;0.12;1;2.31;DITTO PERU SAC;;
C;GENERAL;10004490;"CODO GALVANIZADO 90° DE 2""";REPUESTOS;UND;0.12;1;2.1;DITTO PERU SAC;;
C;GENERAL;10008220;UNION HEMBRA 1/2;REPUESTOS;UND;0.25;1;2.11;DITTO PERU SAC;;
C;GENERAL;10008390;ADAPTADOR 3/4 NPT x 1/2 JIC M R;SUMINISTROS;UND;0.25;1;1.27;DITTO PERU SAC;;
C;GENERAL;10008630;ABRAZADERAS ACERADAS 22 - 40;SUMINISTROS;UND;0.25;1;2.11;DITTO PERU SAC;;
C;GENERAL;10008871;CONECTOR HIDRAULICO RECTO NPT 3/4 x 3/8 JIC;REPUESTOS;UND;0.25;1;2.11;DITTO PERU SAC;;
C;GENERAL;10012589;"BUSHING DE 1/2 A 1""";REPUESTOS;UND;0.5;1;2.11;DITTO PERU SAC;;
C;GENERAL;10013211;"CONECTOR HIDRAULICO RECTO NPT 3/4"" x 3/4"" JIC";REPUESTOS;UND;0.25;1;2.11;DITTO PERU SAC;;
C;GENERAL;10004277;NIPLE 1/4 NPT;REPUESTOS;UND;0.12;1;1.31;DITTO PERU SAC;;
C;GENERAL;10004282;"NIPLE 1 1/4""  3""";REPUESTOS;UND;0.37;1;1.9;DITTO PERU SAC;;
C;GENERAL;10012206;"NIPLE 1"" X 4""";REPUESTOS;UND;0.25;1;1.69;DITTO PERU SAC;;
C;GENERAL;10023065;"NIPLE ROSCADO DE PVC DE 1"" X 2""";REPUESTOS;UND;0.25;1;0.95;DITTO PERU SAC;;
C;GENERAL;10007395;BUSHING 1/2 X 1/4;REPUESTOS;UND;0.5;1;1.27;DITTO PERU SAC;;
C;GENERAL;10007693;ORING MM 2.00 x 14.00 NITRILO;REPUESTOS;UND;1.99;1;1.69;DITTO PERU SAC;;
C;GENERAL;10008755;CODO 1/4 NPT H X 1/4 NPT M;REPUESTOS;UND;0.25;1;1.06;DITTO PERU SAC;;
C;GENERAL;10013199;"CONECTOR HIDRAULICO UNION RECTO HEMBRA - HEMBRA 1/4"" x 1/4"" NPT - NPT";REPUESTOS;UND;0.25;1;1.69;DITTO PERU SAC;;
C;GENERAL;10007134;ORING MM 2.00 x 10.00 NITRILO;REPUESTOS;UND;1.99;1;1.35;DITTO PERU SAC;;
C;GENERAL;10007796;ABRAZADERA  25-40;SUMINISTROS;UND;0.62;1;1.32;DITTO PERU SAC;;
C;GENERAL;10008933;ORING MM 2.00 x 8.00 NITRILO;REPUESTOS;UND;2.99;1;1.27;DITTO PERU SAC;;
C;GENERAL;10012205;"NIPLE 1"" X 3""";REPUESTOS;UND;0.25;1;1.25;DITTO PERU SAC;;
C;GENERAL;10016678;"CODO 90° HEMBRA 1"" 1/4"" - NPT";REPUESTOS;UND;0.12;1;1.26;DITTO PERU SAC;;
C;GENERAL;10018089;"NIPLE 1/4"" X 2 1/4"" GALVANIZADO";REPUESTOS;UND;0.12;1;1.16;DITTO PERU SAC;;
C;GENERAL;10004784;UNION NPT X NPT 1/2 HIDRAULICO;SUMINISTROS;UND;0.12;1;1.05;DITTO PERU SAC;;
C;GENERAL;10003996;CONECTOR RAPIDO DE 1/2 NPT;REPUESTOS;UND;0.12;1;0.84;DITTO PERU SAC;;
C;GENERAL;10008295;ORING MM 2.00 x 33.00 NITRILO;REPUESTOS;UND;0.5;1;0.84;DITTO PERU SAC;;
C;GENERAL;10004262;NIPLE 1 X 1 1/4;REPUESTOS;UND;0.25;1;0.74;DITTO PERU SAC;;
C;GENERAL;10014525;"NIPLE GALVANIZADO  3/8"" X 1""";REPUESTOS;UND;0.12;1;0.74;DITTO PERU SAC;;
C;GENERAL;10024362;"TEE DE PVC DE 1/2""";REPUESTOS;UND;0.12;1;0.37;DITTO PERU SAC;;
C;GENERAL;10018356;CABLE TIPO NYY 3 X 1 X 16 MM2;REPUESTOS;MT;12.44;1;506.07;N & A SECURITY S.A.C.;;
C;GENERAL;10026952;TABLERO EMPOTRABLE METALICO  DE 48 POLOS PESADO RIEL DIN;REPUESTOS;UND;0.12;1;110.34;N & A SECURITY S.A.C.;;
C;GENERAL;10018415;CABLE VULCANIZADO 4 X 10 AWG - INDECO;REPUESTOS;RLL;3.73;1;90.14;N & A SECURITY S.A.C.;;
C;GENERAL;10004509;PRESOSTATO MARCA DANFOSS MODELO  KP5  RANGO DE REGULACION 8-32BAR;REPUESTOS;UND;0.12;1;71.46;N & A SECURITY S.A.C.;;
C;GENERAL;10026949;INTERRUPTOR TERMOMAGNETICO 3X80A, 20KA/220V , ACTII 9, IC120, CURVA C, TIPO RIEL DIN SCHNEIDER;REPUESTOS;UND;0.12;1;58.85;N & A SECURITY S.A.C.;;
C;GENERAL;10012125;"FLUJO SWITCH 1""";REPUESTOS;UND;0.12;1;57.8;N & A SECURITY S.A.C.;;
C;GENERAL;10025167;INTERRUPTOR TERMOMAGNETICO TIPO RIEL DIN 3X40A  SCHNEIDER;SUMINISTROS;UND;0.25;1;46.42;N & A SECURITY S.A.C.;;
C;GENERAL;10004675;TUBO GALVANIZADO 1 1/2 X 6M;SUMINISTROS;MT;0.37;1;37.93;N & A SECURITY S.A.C.;;
C;GENERAL;10013411;LLAVE COMPUERTA EN  BRONCE DE 1 1/2;REPUESTOS;UND;0.12;1;29.42;N & A SECURITY S.A.C.;;
C;GENERAL;10018639;"TUBO CONDUIT EMT DE 1 1/2""";REPUESTOS;UND;1.12;1;25.63;N & A SECURITY S.A.C.;;
C;GENERAL;10026953;"TEE MECANICA SALIDA ROSCADA  3"" X 1 1/2""";REPUESTOS;UND;0.37;1;8.22;N & A SECURITY S.A.C.;;
C;GENERAL;10004787;"UNION UNIVERSAL 1 1/2""";SUMINISTROS;UND;0.37;1;7.9;N & A SECURITY S.A.C.;;
C;GENERAL;10026954;"TEE MECANICA SALIDA ROSCADA  4"" X 1 1/2""";REPUESTOS;UND;0.25;1;6.75;N & A SECURITY S.A.C.;;
C;GENERAL;10004701;TERMINAL DE COBRE ESTANADO T16-8;SUMINISTROS;UND;6.22;1;6.33;N & A SECURITY S.A.C.;;
C;GENERAL;10026955;"ABRAZADERA PARA TUBO TIPO CLIP DE 1 1/2""";REPUESTOS;UND;1.49;1;6.33;N & A SECURITY S.A.C.;;
C;GENERAL;10026959;"ABRAZADERA PARA TUBO U-BOLT 1 1/2""";REPUESTOS;UND;1.49;1;5.82;N & A SECURITY S.A.C.;;
C;GENERAL;10003931;"CODO GALVANIZADO 90° 1 1/2""";REPUESTOS;UND;0.5;1;4.01;N & A SECURITY S.A.C.;;
C;GENERAL;10026886;"FILTRO SECADOR PARA AIRE ACONDICIONADO DE 3/8"" ROSCABLE ( 163)";REPUESTOS;UND;0.12;1;3.68;N & A SECURITY S.A.C.;;
C;GENERAL;10007549;TEE 1 1/2 GALVANIZADO;REPUESTOS;UND;0.37;1;3.64;N & A SECURITY S.A.C.;;
C;GENERAL;10026951;"CURVA CONDUIT DE 1 1/2"" EMT";REPUESTOS;UND;0.5;1;3.38;N & A SECURITY S.A.C.;;
C;GENERAL;10004775;UNION SIMPLE 1 1/2 GALVANIZADO;SUMINISTROS;UND;0.5;1;2.74;N & A SECURITY S.A.C.;;
C;GENERAL;10026694;"FILTRO DESHIDRATADOR  SOLDABLE DE 3/8""";REPUESTOS;UND;0.12;1;2.63;N & A SECURITY S.A.C.;;
C;GENERAL;10018066;"NIPLE DE 1 1/2"" X 3""";REPUESTOS;UND;0.5;1;2.32;N & A SECURITY S.A.C.;;
C;GENERAL;10025182;"PLATINA DE FIERRO 1"" X1/8"" X 6m";SUMINISTROS;UND;0.12;1;2.31;N & A SECURITY S.A.C.;;
C;GENERAL;10016223;"ABRAZADERAS CON 2 OREJAS PARA TUBO DE 2""";REPUESTOS;UND;1.24;1;1.27;N & A SECURITY S.A.C.;;
C;GENERAL;10026696;CONECTOR PARA TUBERIA  METALICA FLEXIBLE  DE 3/4 RECTO HERMETICO.;REPUESTOS;UND;0.25;1;0.74;N & A SECURITY S.A.C.;;
C;GENERAL;10015492;CONECTOR RECTO;REPUESTOS;UND;0.25;1;0.63;N & A SECURITY S.A.C.;;
C;GENERAL;10018226;"CODO DE PVC DE 3/4""";REPUESTOS;UND;0.12;1;0.42;N & A SECURITY S.A.C.;;
C;GENERAL;10018914;REDUCTOR HIDRAULICO;REPUESTOS;UND;0.25;1;89.02;JG HYDRAULIK S.A.C;;
C;GENERAL;10012187;CARTUCHO HIDRAULICO PARA BOMBA 20VQ-8 GPM;REPUESTOS;UND;0.12;1;74.59;JG HYDRAULIK S.A.C;;
C;GENERAL;10011679;VALVULA REDUCTORA DE PRESION;REPUESTOS;UND;0.12;1;67.25;JG HYDRAULIK S.A.C;;
C;GENERAL;10018669;PRESOSTATO HIDRÁULICO DE 30-300 BAR MARCA FOX MODELO K57P;REPUESTOS;UND;0.12;1;64.27;JG HYDRAULIK S.A.C;;
C;GENERAL;10024235;VALVULA HIDRAULICA  4/2 CON 1 BOBINA 24 VDC TN10;REPUESTOS;UND;0.12;1;63.52;JG HYDRAULIK S.A.C;;
C;GENERAL;10008350;ACOPLE HIDRAULICO;REPUESTOS;UND;0.25;1;60.23;JG HYDRAULIK S.A.C;;
C;GENERAL;10022357;ACOPLE ROTEX GR48 COMPLETO;REPUESTOS;UND;0.12;1;57.22;JG HYDRAULIK S.A.C;;
C;GENERAL;10016763;"VALVULA RELIEF EN LINEA - MANDO DIRECTO - ROSCA 1/2"" NPT";REPUESTOS;UND;0.12;1;44.98;JG HYDRAULIK S.A.C;;
C;GENERAL;10007476;VISOR DE NIVEL Y TEMPERATURA LS -5;REPUESTOS;UND;0.25;1;42.98;JG HYDRAULIK S.A.C;;
C;GENERAL;10008910;ACOPLE ROTEX  COMPLETO GE - 28;REPUESTOS;UND;0.12;1;17.99;JG HYDRAULIK S.A.C;;
C;GENERAL;10024849;"FILTRO DE SUCCION HIDRAULICO ROSCA 1 1/2"" NPT, LARGO 190, ANCHO 80MM";REPUESTOS;UND;0.12;1;9.53;JG HYDRAULIK S.A.C;;
C;GENERAL;10012177;SELLO ESTATICO K84 50 X 45.4 X 3.9;REPUESTOS;UND;0.75;1;25.29;NICOVAL IMPORTACIONES E.I.R.L.;;
C;GENERAL;10026322;EMBOLO NEUMATICO 110-18-25;REPUESTOS;UND;0.25;1;26.38;NICOVAL IMPORTACIONES E.I.R.L.;;
C;GENERAL;10014129;RETEN PARA EMBOLO 50 X 63 X 8;REPUESTOS;UND;0.99;1;25.3;NICOVAL IMPORTACIONES E.I.R.L.;;
C;GENERAL;10014926;RETEN PARA EMBOLO 70 X 90 X 10;REPUESTOS;UND;0.25;1;11.61;NICOVAL IMPORTACIONES E.I.R.L.;;
C;GENERAL;10008930;RETEN HIDRAULICO PARA BOMBA HIDRAULICA 25X40X7/5.5;REPUESTOS;UND;0.5;1;14.77;NICOVAL IMPORTACIONES E.I.R.L.;;
C;GENERAL;10013579;RETEN PARA EMBOLO DE 65X75X6;REPUESTOS;UND;0.25;1;14.77;NICOVAL IMPORTACIONES E.I.R.L.;;
C;GENERAL;10007535;RETEN DZ 25 X 33 X 6.3;REPUESTOS;UND;0.62;1;13.18;NICOVAL IMPORTACIONES E.I.R.L.;;
C;GENERAL;10008251;PISTON SEAL KASTAS 63 X 52 X 4.2;REPUESTOS;UND;0.5;1;12.66;NICOVAL IMPORTACIONES E.I.R.L.;;
C;GENERAL;10014928;CHEVRON 60X75X25;REPUESTOS;UND;0.12;1;11.03;NICOVAL IMPORTACIONES E.I.R.L.;;
C;GENERAL;10007450;SELLO MECANICO P/BOMBA DE AGUA;REPUESTOS;UND;0.12;1;11.56;NICOVAL IMPORTACIONES E.I.R.L.;;
C;GENERAL;10012542;CHEVRON ØINT 60 X ØEXT 75 X ALTURA26;REPUESTOS;UND;0.12;1;11.56;NICOVAL IMPORTACIONES E.I.R.L.;;
C;GENERAL;10012687;RETEN PARA EMBOLO 85 X 100 X 10;REPUESTOS;UND;0.25;1;8.44;NICOVAL IMPORTACIONES E.I.R.L.;;
C;GENERAL;10018646;RETEN PARA EMBOLO 45 X 55 X 5.5;REPUESTOS;UND;0.25;1;6.33;NICOVAL IMPORTACIONES E.I.R.L.;;
C;GENERAL;10018364;BUFFER 28 X 39 X 4.2;REPUESTOS;UND;0.5;1;10.55;NICOVAL IMPORTACIONES E.I.R.L.;;
C;GENERAL;10020446;RETEN PARA EMBOLO 35 X 50 X 8;REPUESTOS;UND;0.5;1;10.55;NICOVAL IMPORTACIONES E.I.R.L.;;
C;GENERAL;10024614;RETEN PARA TAPA CON DOBLE LABIO 20 X 30 X 7;REPUESTOS;UND;0.5;1;8.44;NICOVAL IMPORTACIONES E.I.R.L.;;
C;GENERAL;10016141;BUFFER 22 X 29.5 X 3.2;REPUESTOS;UND;0.5;1;9.28;NICOVAL IMPORTACIONES E.I.R.L.;;
C;GENERAL;10008862;RETEN HIDRAULICO PARA TAPA 18X30X8;REPUESTOS;UND;0.5;1;8.44;NICOVAL IMPORTACIONES E.I.R.L.;;
C;GENERAL;10010804;GUIA POM 45 X 50 X 9;REPUESTOS;UND;0.5;1;8.44;NICOVAL IMPORTACIONES E.I.R.L.;;
C;GENERAL;10012432;RETEN HIDRAULICO BAFFER 45X56X4;REPUESTOS;UND;0.25;1;8.44;NICOVAL IMPORTACIONES E.I.R.L.;;
C;GENERAL;10012654;RETEN HIDRAULICO PARA TAPA 45X55X6;REPUESTOS;UND;0.25;1;8.44;NICOVAL IMPORTACIONES E.I.R.L.;;
C;GENERAL;10013009;ORING 1.78 2-014 (12.42-15.98) VITON;REPUESTOS;UND;4.98;1;6.33;NICOVAL IMPORTACIONES E.I.R.L.;;
C;GENERAL;10020989;RETEN 45 X 60.5 X 6.5 CON ANILLO EXTRUSOR;REPUESTOS;UND;0.25;1;8.44;NICOVAL IMPORTACIONES E.I.R.L.;;
C;GENERAL;10007318;RETEN DZ RH 45 X 55 X 6;REPUESTOS;UND;0.25;1;7.39;NICOVAL IMPORTACIONES E.I.R.L.;;
C;GENERAL;10007358;GUIA POM 100 X 105 X 9.7;REPUESTOS;UND;0.25;1;7.39;NICOVAL IMPORTACIONES E.I.R.L.;;
C;GENERAL;10012157;RETEN PARA EMBOLO 48 X 63 X 10;REPUESTOS;UND;0.25;1;7.39;NICOVAL IMPORTACIONES E.I.R.L.;;
C;GENERAL;10012252;RETEN HIDRAULICO PARA TAPA 45X55X10;REPUESTOS;UND;0.25;1;7.39;NICOVAL IMPORTACIONES E.I.R.L.;;
C;GENERAL;10006584;RETEN HIDRAULICO CON ANILLO DE EXTRUSION 40 X 48 X 8;REPUESTOS;UND;0.12;1;2.63;NICOVAL IMPORTACIONES E.I.R.L.;;
C;GENERAL;10008037;RETEN 35X50X8 EMBOLO;REPUESTOS;UND;0.25;1;5.28;NICOVAL IMPORTACIONES E.I.R.L.;;
C;GENERAL;10012079;RETEN HIDRAULICO PARA TAPA 45X60X10;REPUESTOS;UND;0.25;1;6.33;NICOVAL IMPORTACIONES E.I.R.L.;;
C;GENERAL;10012730;RETEN PARA TAPA 35 X 48 X 10 DZ;REPUESTOS;UND;0.25;1;6.33;NICOVAL IMPORTACIONES E.I.R.L.;;
C;GENERAL;10019274;RETEN DE ALTA 25 - 45 - 11;REPUESTOS;UND;0.12;1;6.31;NICOVAL IMPORTACIONES E.I.R.L.;;
C;GENERAL;10019463;RETEN HIDRAULICO PARA EMBOLO 50 X 60 X 7;REPUESTOS;UND;0.25;1;5.91;NICOVAL IMPORTACIONES E.I.R.L.;;
C;GENERAL;10014002;GUIA POM 32 X 35 X 15;REPUESTOS;UND;0.25;1;5.05;NICOVAL IMPORTACIONES E.I.R.L.;;
C;GENERAL;10012312;RETEN HIDRAULICO PARA TAPA 40X50X6.3;REPUESTOS;UND;0.25;1;5.91;NICOVAL IMPORTACIONES E.I.R.L.;;
C;GENERAL;10014228;RETEN PARA BOMBA 25X45X11;REPUESTOS;UND;0.12;1;5.25;NICOVAL IMPORTACIONES E.I.R.L.;;
C;GENERAL;10020397;BUFFER DE DOS PIEZAS 45-53.5-4.2  CON DOS O-RING DELGADOS;REPUESTOS;UND;0.12;1;5.78;NICOVAL IMPORTACIONES E.I.R.L.;;
C;GENERAL;10018452;BUFFER 36.5 X 46.7 X 4.2 DE DOS PIEZAS;REPUESTOS;UND;0.25;1;5.28;NICOVAL IMPORTACIONES E.I.R.L.;;
C;GENERAL;10008225;PISTON SEAL KASTAS 32X21X4.2;REPUESTOS;UND;0.25;1;5.28;NICOVAL IMPORTACIONES E.I.R.L.;;
C;GENERAL;10012528;RETEN HIDRAULICO BAFFER 22X32X4;REPUESTOS;UND;0.25;1;5.28;NICOVAL IMPORTACIONES E.I.R.L.;;
C;GENERAL;10013013;ORING 1.78 2-018 (18.77-22.33) VITON;REPUESTOS;UND;2.49;1;5.27;NICOVAL IMPORTACIONES E.I.R.L.;;
C;GENERAL;10013132;ORING 3.53 2-238 (88.49-95.55) VITON;REPUESTOS;UND;0.12;1;5.25;NICOVAL IMPORTACIONES E.I.R.L.;;
C;GENERAL;10013857;RETEN PARA EMBOLO 40 X 50 X 9;REPUESTOS;UND;0.25;1;5.28;NICOVAL IMPORTACIONES E.I.R.L.;;
C;GENERAL;10022826;BUFFER DE DOS PIEZAS 36 - 47 - 4;REPUESTOS;UND;0.25;1;5.28;NICOVAL IMPORTACIONES E.I.R.L.;;
C;GENERAL;10006270;ORING MM 3.00 x 56.00 NITRILO;REPUESTOS;UND;0.99;1;4.22;NICOVAL IMPORTACIONES E.I.R.L.;;
C;GENERAL;10007536;RETEN DZ RH 20 X 30 X 6;REPUESTOS;UND;0.25;1;4.22;NICOVAL IMPORTACIONES E.I.R.L.;;
C;GENERAL;10010468;RETEN RH 25 X 40 X 6;REPUESTOS;UND;0.25;1;4.22;NICOVAL IMPORTACIONES E.I.R.L.;;
C;GENERAL;10012406;ORING 2.62 2-145 (64.77-70.01) VITON;REPUESTOS;UND;0.5;1;4.22;NICOVAL IMPORTACIONES E.I.R.L.;;
C;GENERAL;10013011;ORING 1.78 2-016 (15.60-19.16) VITON;REPUESTOS;UND;2.49;1;4.22;NICOVAL IMPORTACIONES E.I.R.L.;;
C;GENERAL;10013126;ORING 3.53 2-229 (59.92-66.98) VITON;REPUESTOS;UND;0.25;1;4.22;NICOVAL IMPORTACIONES E.I.R.L.;;
C;GENERAL;10016909;ORING DE VITON;REPUESTOS;UND;0.25;1;0.63;NICOVAL IMPORTACIONES E.I.R.L.;;
C;GENERAL;10007366;RETEN KASTAS RH 40-50-7;REPUESTOS;UND;0.12;1;3.68;NICOVAL IMPORTACIONES E.I.R.L.;;
C;GENERAL;10012277;RETEN HIDRAULICO PARA TAPA 60X50X10 DOBLE LABIO;REPUESTOS;UND;0.12;1;3.68;NICOVAL IMPORTACIONES E.I.R.L.;;
C;GENERAL;10012545;ORING 5 X 80 ØINT C/RESPALDO;REPUESTOS;UND;0.12;1;3.68;NICOVAL IMPORTACIONES E.I.R.L.;;
C;GENERAL;10013073;ORING 2.62 2-140 (56.82-62.06) VITON;REPUESTOS;UND;0.5;1;3.38;NICOVAL IMPORTACIONES E.I.R.L.;;
C;GENERAL;10018666;GUIA POM 35 X 40 X 9.7;REPUESTOS;UND;0.25;1;3.17;NICOVAL IMPORTACIONES E.I.R.L.;;
C;GENERAL;10018668;GUIA POM 35 X 45 X 5.5;REPUESTOS;UND;0.25;1;3.17;NICOVAL IMPORTACIONES E.I.R.L.;;
C;GENERAL;10007443;RETEN HIDRAULICO PARA TAPA 28X36X5.8;REPUESTOS;UND;0.12;1;3.15;NICOVAL IMPORTACIONES E.I.R.L.;;
C;GENERAL;10010378;RETEN HIDRAULICO PARA EMBOLO 53X63X6;REPUESTOS;UND;0.25;1;3.17;NICOVAL IMPORTACIONES E.I.R.L.;;
C;GENERAL;10012279;RETEN HIDRAULICO PARA TAPA 50X58X8 DOBLE LABIO;REPUESTOS;UND;0.12;1;3.15;NICOVAL IMPORTACIONES E.I.R.L.;;
C;GENERAL;10012319;RETEN PARA TAPA 22 X 30 X 5.7 DOBLE LABIO;REPUESTOS;UND;0.12;1;2.1;NICOVAL IMPORTACIONES E.I.R.L.;;
C;GENERAL;10012544;ORING 3.5 X 83 ØINT C/RESPALDO;REPUESTOS;UND;0.12;1;3.15;NICOVAL IMPORTACIONES E.I.R.L.;;
C;GENERAL;10013076;ORING 2.62 2-143 (61.60-66.84) VITON;REPUESTOS;UND;0.25;1;3.17;NICOVAL IMPORTACIONES E.I.R.L.;;
C;GENERAL;10018647;ORING CON RESPALDO 4 X 75;REPUESTOS;UND;0.25;1;3.17;NICOVAL IMPORTACIONES E.I.R.L.;;
C;GENERAL;10012651;RETEN PARA TAPA 35 X 45 X 6 D - Z DOBLE LABIO;REPUESTOS;UND;0.12;1;2.63;NICOVAL IMPORTACIONES E.I.R.L.;;
C;GENERAL;10014283;GUIA POM 100X95X14.3;REPUESTOS;UND;0.12;1;2.63;NICOVAL IMPORTACIONES E.I.R.L.;;
C;GENERAL;10014449;RETEN HIDRAULICO BAFFER 22.5X32X3.9;REPUESTOS;UND;0.12;1;2.63;NICOVAL IMPORTACIONES E.I.R.L.;;
C;GENERAL;10020395;GUIA POM 58 X 63 X 10.5;REPUESTOS;UND;0.12;1;2.63;NICOVAL IMPORTACIONES E.I.R.L.;;
C;GENERAL;10012733;ORING MM 6.00 x 79.00 NITRILO;REPUESTOS;UND;0.25;1;2.53;NICOVAL IMPORTACIONES E.I.R.L.;;
C;GENERAL;10018331;ORING 2 X 45;REPUESTOS;UND;0.75;1;2.21;NICOVAL IMPORTACIONES E.I.R.L.;;
C;GENERAL;10012284;GUIA POM ØINT 50 X 6 ANCHO X 2 ESPESOR;REPUESTOS;UND;0.12;1;2.14;NICOVAL IMPORTACIONES E.I.R.L.;;
C;GENERAL;10012285;GUIA POM ØINT 50 X 8 ANCHO X 2 ESPESOR;REPUESTOS;UND;0.12;1;2.14;NICOVAL IMPORTACIONES E.I.R.L.;;
C;GENERAL;10006168;ORING 3.53 2-261 (171.04-178.10) NITRILO;REPUESTOS;UND;0.12;1;2.1;NICOVAL IMPORTACIONES E.I.R.L.;;
C;GENERAL;10008911;ORING MM 2.00 x 20.00 NITRILO;REPUESTOS;UND;2.49;1;2.11;NICOVAL IMPORTACIONES E.I.R.L.;;
C;GENERAL;10012543;PISTON SEAL ØINT 74 X ØEXT 90 X ANCHO 6;REPUESTOS;UND;0.12;1;2.1;NICOVAL IMPORTACIONES E.I.R.L.;;
C;GENERAL;10012704;ORING 3.5 - 29 ØINT;REPUESTOS;UND;0.25;1;2.11;NICOVAL IMPORTACIONES E.I.R.L.;;
C;GENERAL;10015507;GUIA POM 50X55X9.5;REPUESTOS;UND;0.12;1;2.1;NICOVAL IMPORTACIONES E.I.R.L.;;
C;GENERAL;10019491;BUFFER DE DOS PIEZAS 22 X 29.5 X 3;REPUESTOS;UND;0.25;1;2.11;NICOVAL IMPORTACIONES E.I.R.L.;;
C;GENERAL;10020373;ORING MM 3.00 X 102.00 NITRILO;REPUESTOS;UND;0.25;1;2.11;NICOVAL IMPORTACIONES E.I.R.L.;;
C;GENERAL;10022832;ORING 3 X 50  EN VITON;REPUESTOS;UND;0.25;1;2.11;NICOVAL IMPORTACIONES E.I.R.L.;;
C;GENERAL;10004630;SEGURO SEEGER J30;REPUESTOS;UND;0.99;1;1.26;NICOVAL IMPORTACIONES E.I.R.L.;;
C;GENERAL;10013110;ORING 3.53 2-208 (15.47-22.53) VITON;REPUESTOS;UND;0.37;1;1.26;NICOVAL IMPORTACIONES E.I.R.L.;;
C;GENERAL;10012703;ORING 2.5 - 40 ØINT;REPUESTOS;UND;0.12;1;0.84;NICOVAL IMPORTACIONES E.I.R.L.;;
C;GENERAL;10013024;ORING 1.78 2-029 (37.82-42.38) VITON;REPUESTOS;UND;0.99;1;0.84;NICOVAL IMPORTACIONES E.I.R.L.;;
C;GENERAL;10013665;CUADRI ORIN MM 3 X 45 X 51 VITON;REPUESTOS;UND;0.12;1;0.84;NICOVAL IMPORTACIONES E.I.R.L.;;
C;GENERAL;10014200;ORING 3 X 19;REPUESTOS;UND;0.12;1;0.84;NICOVAL IMPORTACIONES E.I.R.L.;;
C;GENERAL;10013067;ORING 2.62 2-131 (42.52-47.76) VITON;REPUESTOS;UND;0.25;1;0.74;NICOVAL IMPORTACIONES E.I.R.L.;;
C;GENERAL;10022545;ORING 3.5 X 28 Ø INT.;REPUESTOS;UND;0.12;1;0.74;NICOVAL IMPORTACIONES E.I.R.L.;;
C;GENERAL;10012705;ORING 2.5 - 10 ØINT;REPUESTOS;UND;0.25;1;0.63;NICOVAL IMPORTACIONES E.I.R.L.;;
C;GENERAL;10013023;ORING 1.78 2-028 (34.65-38.21) VITON;REPUESTOS;UND;0.25;1;0.42;NICOVAL IMPORTACIONES E.I.R.L.;;
C;GENERAL;10012393;ORING 3.53 2-218 (31.34-38.40) NITRILO;REPUESTOS;UND;0.12;1;0.16;NICOVAL IMPORTACIONES E.I.R.L.;;
C;GENERAL;10026431;COMPRESOR MODELO: MTZ64HM4CVE MARCA DANFUSS 380 VAC GAS R404A;REPUESTOS;UND;0.12;1;498.66;SIBERIAN COMPANY E.I.R.L.;;
C;GENERAL;10027371;COMPRESOR PARA AIRE ACONDICIONADO MODELO PA21OM12 - 3ETU2  MARCA  GMCC DE 24000 BTU GAS R410;REPUESTOS;UND;0.12;1;211.98;SIBERIAN COMPANY E.I.R.L.;;
C;GENERAL;10026414;COMPRESOR DE AIRE ACONDICIONADO MODELO PH340G2C - 3FT6  GAS R22;REPUESTOS;UND;0.12;1;63.49;SIBERIAN COMPANY E.I.R.L.;;
C;GENERAL;10015237;ACUMULADOR DE SUCCION;REPUESTOS;UND;0.12;1;17.66;SIBERIAN COMPANY E.I.R.L.;;
C;GENERAL;10027372;CONDENSADOR  55 UF +- 5% 370V - 440 VAC  50 / 60 HZ;REPUESTOS;UND;0.25;1;14.19;SIBERIAN COMPANY E.I.R.L.;;
C;GENERAL;10026484;"TUBO DE COBRE FLEXIBLE 5/16""";REPUESTOS;MT;0.12;1;3.6;SIBERIAN COMPANY E.I.R.L.;;
C;GENERAL;10011379;FILTRO DESHIDRATADOR;REPUESTOS;UND;0.12;1;3.58;SIBERIAN COMPANY E.I.R.L.;;
C;GENERAL;10022939;COCHE TRANSPORTADOR PARA CILINDRO DE Ø64 cm;REPUESTOS;UND;1.24;1;967.37;METAL MECANICA PULAN S.A.C;;
C;GENERAL;10010778;PLACA AOMT 123604 PEER H VP15TF;SUMINISTROS;UND;1.24;1;35.29;JUFRARVP S.R.LTDA.;;
C;GENERAL;10010601;PLACA JOMT 080320ZZSR - JM VP15TF;SUMINISTROS;CJA;0.12;1;2.39;JUFRARVP S.R.LTDA.;;
C;GENERAL;10014831;PLACA JOMT 06T215ZZSR JM MP6120;SUMINISTROS;CJA;0.12;1;2.39;JUFRARVP S.R.LTDA.;;
C;GENERAL;10019876;REPUESTO 3008-M2.5x6;SUMINISTROS;UND;2.99;1;24.63;JUFRARVP S.R.LTDA.;;
C;GENERAL;10019766;PLACA DE ALTO AVANCE  JOMT06T215ZZSR-JM  VP15TF;SUMINISTROS;CJA;0.12;1;2.46;JUFRARVP S.R.LTDA.;;
C;GENERAL;10024662;DCMT070208-MV MC6025 - MITSUBISHI;SUMINISTROS;UND;1.24;1;18.85;JUFRARVP S.R.LTDA.;;
C;GENERAL;10023922;PINZA ER32 - 12MM;SUMINISTROS;UND;0.25;1;8.38;JUFRARVP S.R.LTDA.;;
C;GENERAL;10016830;PINZA ER16-10MM;SUMINISTROS;UND;0.25;1;5.66;JUFRARVP S.R.LTDA.;;
C;GENERAL;10023135;URINARIO  DE LOZA;SUMINISTROS;UND;0.25;1;43.66;TIENDAS DEL MEJORAMIENTO DEL HOGAR SA;;
C;GENERAL;10024881;CABLE TIPO GPT N°12 AWG INDECO VERDE AMARILLO PARA TIERRA;REPUESTOS;RLL;0.12;1;24.06;TIENDAS DEL MEJORAMIENTO DEL HOGAR SA;;
C;GENERAL;10013459;GRABADOR MULTIPRO 3000 DREMEL;SUMINISTROS;UND;0.12;1;31.51;TIENDAS DEL MEJORAMIENTO DEL HOGAR SA;;
C;GENERAL;10026624;ORGANIZADOR  2 NIVELES BAUKER;SUMINISTROS;UND;0.12;1;9.77;TIENDAS DEL MEJORAMIENTO DEL HOGAR SA;;
C;GENERAL;10014324;"VISAGRA 1/4"" ANCHO  1 1/2"" LARGO     MATERIAL FIERRO NEGRO";REPUESTOS;UND;0.37;1;3.14;TIENDAS DEL MEJORAMIENTO DEL HOGAR SA;;
C;GENERAL;10026361;ADOQUIN RECTANGULAR KONCRETO NATURAL 10X12;SUMINISTROS;UND;1.49;1;1.9;TIENDAS DEL MEJORAMIENTO DEL HOGAR SA;;
C;GENERAL;10020630;ESCOBILLON DE MANO;SUMINISTROS;UND;0.12;1;1.21;TIENDAS DEL MEJORAMIENTO DEL HOGAR SA;;
C;GENERAL;10025675;PANTALLA FATEK MODELO P2101NA;REPUESTOS;UND;0.12;1;247.7;A & S AUTOMATIZACION INDUSTRIAL S.A.C;;
C;GENERAL;10017397;CABLE DE CONEXION HD30-22AWG-200;REPUESTOS;UND;0.12;1;27.28;A & S AUTOMATIZACION INDUSTRIAL S.A.C;;
C;GENERAL;10026840;ECO-DRAIN 12 95-240VAC-COMPLETO;REPUESTOS;UND;0.12;1;321.53;KAESER COMPRESORES DEL PERU SRL;;
C;GENERAL;10026046;DRENAJE PARA FILTRO - KAESER - MOD/ECODRAIN32;REPUESTOS;UND;0.12;1;144.21;KAESER COMPRESORES DEL PERU SRL;;
C;GENERAL;10018008;KIT DE DESGASTE ECO-DR.12/12CO NRO. PARTE: 8.2449.0;REPUESTOS;UND;0.12;1;68.97;KAESER COMPRESORES DEL PERU SRL;;
C;GENERAL;10013399;PISTON NEUMATICO;REPUESTOS;UND;0.5;1;90.74;MATSAN INDUSTRIAL E.I.R.L.;;
C;GENERAL;10026246;VENTOSACON FUELLE SPB2 20 ED-65 G1/8-AG  MARCA SCHMALZ;REPUESTOS;UND;0.5;1;108.5;MATSAN INDUSTRIAL E.I.R.L.;;
C;GENERAL;10008655;PISTON NEUMATICO 25X100;REPUESTOS;PZ;0.25;1;69.72;MATSAN INDUSTRIAL E.I.R.L.;;
C;GENERAL;10004520;PISTON;REPUESTOS;UND;0.25;1;64.4;MATSAN INDUSTRIAL E.I.R.L.;;
C;GENERAL;10018576;PISTON NEUMATICO DOBLE EFECTO 50 X 110 MM;REPUESTOS;UND;0.12;1;60.95;MATSAN INDUSTRIAL E.I.R.L.;;
C;GENERAL;10025409;CILINDRO COMPACTO DE 32MM EMB X 10MM CARR.PRESIÓN MÁX. 10BAR (145PSI) MARCA MICRO(DISTANCIA DE 32MM);REPUESTOS;UND;0.12;1;32.86;MATSAN INDUSTRIAL E.I.R.L.;;
C;GENERAL;10025408;CILINDRO COMPACTO  DE 32MM EMB. X 10MMR 2EF C/IO PRESIÓN MÁX. 10BAR (145PSI) MARCA MICRO;REPUESTOS;UND;0.12;1;26.04;MATSAN INDUSTRIAL E.I.R.L.;;
C;GENERAL;10025574;"CALIBRADOR DIGITAL 8"" MARCA MITUTOYO CON SALIDA DE DATOS";SUMINISTROS;UND;0.12;1;149.82;FESEPSA;;
C;GENERAL;10007983;"CALIBRADOR DIGITAL 8""  MARCA MITUTOYO";SUMINISTROS;UND;0.12;1;100.41;FESEPSA;;
C;GENERAL;10025451;UNIDAD DE CONEXION ESPECIAL U WAVE;SUMINISTROS;UND;0.12;1;46.57;FESEPSA;;
C;GENERAL;10014058;PUNTA PARA RELOJ PALPADOR  (#136013 - Ø2) - MITUTOYO;SUMINISTROS;UND;0.37;1;10.09;FESEPSA;;
C;GENERAL;10025502;PALANCA PARA RELOJ COMPARADOR TIPO S;SUMINISTROS;UND;0.12;1;2.29;FESEPSA;;
C;GENERAL;10026131;RESISTENCIA DE BANDA Ø120X120 220VAC 2000W TERMINAL BORNERA;REPUESTOS;UND;0.75;1;96.98;INVERSIONES LIZANO S.A.C;;
C;GENERAL;10026243;"RESISTENCIA TIPO ""u""  MEDIDAS DE 185 X 87.5 MM 1000 W 220VAC";REPUESTOS;UND;0.25;1;69.72;INVERSIONES LIZANO S.A.C;;
C;GENERAL;10024751;RESISTENCIA DE BANDA 150X50mm 220VAC 1200W TERMINAL ENCHUFE, BASE PARA TERMOCUPLA;REPUESTOS;UND;0.25;1;44.82;INVERSIONES LIZANO S.A.C;;
C;GENERAL;10014359;RESISTENCIA DE BANDA DE 110X215 DE 2000 WATTS;REPUESTOS;UND;0.12;1;27.28;INVERSIONES LIZANO S.A.C;;
C;GENERAL;10025708;RESISTENCIA DE BANDA Ø 70 X 50 MM, 220VAC 600W TERMINAL CABLE;REPUESTOS;UND;0.25;1;22.41;INVERSIONES LIZANO S.A.C;;
C;GENERAL;10019270;RESISTENCIA DE BANDA Ø 148 X 125 2400W CON TERMINAL BORNERA 220VAC.;REPUESTOS;UND;0.12;1;21.08;INVERSIONES LIZANO S.A.C;;
C;GENERAL;10026988;BASE PARA TERMOCUPLA  SEGUN MUESTRA;REPUESTOS;UND;0.99;1;19.9;INVERSIONES LIZANO S.A.C;;
C;GENERAL;10025654;RESISTENCIA DE BANDA DE ø120  X 35  / 300 WATTS  / TERMINAL TIPO CABLE / SIN BASE PARA TERMOCUPLA;REPUESTOS;UND;0.12;1;18.6;INVERSIONES LIZANO S.A.C;;
C;GENERAL;10014623;RESISTENCIA DE BANDA DE 250 X 80  DE 2400  WATTS;REPUESTOS;UND;0.12;1;17.98;INVERSIONES LIZANO S.A.C;;
C;GENERAL;10024130;MOTOR DE 2HP 220 VAC;REPUESTOS;UND;0.12;1;287.18;NEWTECH TRADING SOCIEDAD ANONIMA CERRADA;;
C;GENERAL;10010801;HELICE PARA TORRE DE 60 TON;REPUESTOS;UND;0.12;1;239.31;NEWTECH TRADING SOCIEDAD ANONIMA CERRADA;;
C;GENERAL;10011890;ARANDELA ONDULADA;SUMINISTROS;UND;0.25;1;3.67;RODAMIENTOS SALAS S.R.L;;
C;GENERAL;10027197;ANILLO SEEGER J - 130;REPUESTOS;UND;0.25;1;5.62;RODAMIENTOS SALAS S.R.L;;
C;GENERAL;10021783;RODAJE 6000-2RSH / C3;REPUESTOS;UND;0.37;1;3.77;RODAMIENTOS SALAS S.R.L;;
C;GENERAL;10020362;RETEN RADIAL 42 X 30 X 7;REPUESTOS;UND;0.25;1;1.83;RODAMIENTOS SALAS S.R.L;;
C;GENERAL;10027199;FAJA A - 48;REPUESTOS;UND;0.12;1;1.94;RODAMIENTOS SALAS S.R.L;;
C;GENERAL;10027198;ANILLO SEEGER A - 85;REPUESTOS;UND;0.12;1;0.89;RODAMIENTOS SALAS S.R.L;;
C;GENERAL;10012287;RETEN RADIAL 50 X 70 X 10;REPUESTOS;UND;0.12;1;0.43;RODAMIENTOS SALAS S.R.L;;
C;GENERAL;10017612;GORRO DE SOLDADOR (CHAVO);SUMINISTROS;UND;0.25;1;4.23;GRUPO ALCA COMPANY S.A.C.;;
C;GENERAL;10026351;CUBRENUCA;SUMINISTROS;UND;0.37;1;2.42;GRUPO ALCA COMPANY S.A.C.;;
C;GENERAL;10025577;"BOMBA AGUA TRIFASICO 220V - 5HP - CONEXION SUCCION 2""X2""";REPUESTOS;UND;0.12;1;229.4;CORPORACION ACIATEC PERU S.A.C.;;
C;GENERAL;10023617;CLISSES - MONTESOL;MATERIALES AUXILIARES;UND;0.5;1;41.88;YAVENGRAF SOCIEDAD ANONIMA CERRADA;;
C;GENERAL;10026098;"Unidad de Estado Solido Kingston A400, 480GB, SATA 6Gb/s, 2.5""";SUMINISTROS;UND;0.62;1;201.31;GRUPO DELTRON S.A.;;
C;GENERAL;10026099;MEMORIA RAM 16 GB |  DDR4 | 2666 MHz | SODIMM;SUMINISTROS;UND;0.25;1;72.42;GRUPO DELTRON S.A.;;
C;GENERAL;10026088;MEMORIA RAM 8 GB | DDR4 | 3200 MHz | DIMM;SUMINISTROS;UND;0.12;1;30.93;GRUPO DELTRON S.A.;;
C;GENERAL;10026093;MEMORIA RAM 8 GB | DDR4 | 3200 MHz | SODIMM;SUMINISTROS;UND;0.12;1;18.57;GRUPO DELTRON S.A.;;
C;GENERAL;10026095;MEMORIA RAM 8 GB | DDR4 | 2666 MHz | DIMM;SUMINISTROS;UND;0.12;1;17.41;GRUPO DELTRON S.A.;;
C;GENERAL;10026092;MEMORIA RAM 8 GB | DDR4 | 1600 MHz | DIMM;SUMINISTROS;UND;0.25;1;16.47;GRUPO DELTRON S.A.;;
C;GENERAL;10026087;MEMORIA RAM 8 GB | DDR3 | 1600 MHz | DIMM;SUMINISTROS;UND;0.12;1;7.7;GRUPO DELTRON S.A.;;
C;GENERAL;10026086;MEMORIA RAM 4 GB | DDR3 | 1600 MHz | SODIMM;SUMINISTROS;UND;0.12;1;4.58;GRUPO DELTRON S.A.;;
C;GENERAL;10026091;MEMORIA RAM 4 GB | DDR3 | 1333 MHz | DIMM;SUMINISTROS;UND;0.12;1;4.46;GRUPO DELTRON S.A.;;
C;GENERAL;10027066;TCN (Ø3 X 160);SUMINISTROS;UND;5.97;1;45.98;INDUSTRIAL CENTER E.I.R.L.;;
C;GENERAL;10027065;TCN (Ø2 X 125 );SUMINISTROS;UND;5.97;1;31.05;INDUSTRIAL CENTER E.I.R.L.;;
C;GENERAL;10020684;TCN (Ø6X100);SUMINISTROS;UND;3.73;1;23.51;INDUSTRIAL CENTER E.I.R.L.;;
C;GENERAL;10018506;FAJA TRANSPORTADORA SEGUN  MUESTRA.;REPUESTOS;UND;0.25;1;41.97;INVERSIONES TECNO COMERCIAL SA;;
C;GENERAL;10026678;ROLLO DE CABLE ELECTRICO NRO 12;SUMINISTROS;UND;0.12;1;27.08;COMERCIAL BCD E.I.R.L.;;
C;GENERAL;10026665;MINI ESMERIL INALAMBRICO + ACCESORIOS 12VTOTAL TMGLI12011;EQUIPOS E INSTRUMENTOS;UND;0.12;1;15.76;COMERCIAL BCD E.I.R.L.;;
C;GENERAL;10026803;CORRUGADO NEGRO PARTIDO 3/4 X 50 METROS;SUMINISTROS;UND;0.12;1;12.4;COMERCIAL BCD E.I.R.L.;;
C;GENERAL;10026679;Caja universal 2x4 Bticino;SUMINISTROS;UND;1.24;1;12.33;COMERCIAL BCD E.I.R.L.;;
C;GENERAL;10027233;JUEGO DESARMADORES DE PRESICION 6 PIEZAS STANLEY;SUMINISTROS;UND;0.12;1;11.32;COMERCIAL BCD E.I.R.L.;;
C;GENERAL;10026718;CANALETA 14x24 PARA CABLES DE RED MARCA DEXSON;SUMINISTROS;UND;2.49;1;9.49;COMERCIAL BCD E.I.R.L.;;
C;GENERAL;10026709;CABLE GENERICO PARA CELULAR Micro USB a Tipo C;SUMINISTROS;UND;0.37;1;8.22;COMERCIAL BCD E.I.R.L.;;
C;GENERAL;10026717;CANALETA 10x20 PARA CABLES DE RED MARCA DEXSON;SUMINISTROS;UND;2.49;1;8.01;COMERCIAL BCD E.I.R.L.;;
C;GENERAL;10026681;Canaleta 20 x 10 PVC;SUMINISTROS;UND;1.24;1;3.9;COMERCIAL BCD E.I.R.L.;;
C;GENERAL;10007509;BUSHING 3 X 4;REPUESTOS;UND;0.12;1;3.78;COMERCIAL BCD E.I.R.L.;;
C;GENERAL;10026680;CANALETAS 10mmx15mm;SUMINISTROS;UND;1.24;1;3.16;COMERCIAL BCD E.I.R.L.;;
C;GENERAL;10006627;SOCKET P/FOTO AHORRADOR;REPUESTOS;UND;0.25;1;1.69;COMERCIAL BCD E.I.R.L.;;
C;GENERAL;10026805;ABRAZADERA 3/4;SUMINISTROS;UND;3.73;1;1.58;COMERCIAL BCD E.I.R.L.;;
C;GENERAL;10025422;PIZARRA CORCHO CON MARCO DE METAL;SUMINISTROS;UND;0.12;1;25.05;DIMERC PERU S.A.C.;;
C;GENERAL;10008537;PAPEL TOALLA SCOTT PACK X 3 ROLLOS DE 54 HOJAS, ROLLO DE 23 X 22cm;SUMINISTROS;UND;0.12;1;9.08;DIMERC PERU S.A.C.;;
C;GENERAL;10010537;TACHO PARA BASURA OFICINA;SUMINISTROS;UND;0.12;1;1.67;DIMERC PERU S.A.C.;;
C;GENERAL;10025521;PLASTELINA FABER CASTELL;SUMINISTROS;PQT;0.12;1;0.56;DIMERC PERU S.A.C.;;
C;GENERAL;10026622;MINIRACK DE 05 NIVELES DE 2.08MT DE LARGO X 0.50 DE ANCHO Y;EQUIPOS E INSTRUMENTOS;UND;0.25;1;221.57;SAGAPI EIRL;;
C;GENERAL;10018079;Escalera Plataforma Metal 4 Pasos;SUMINISTROS;UND;0.37;1;66.88;HOMECENTERS PERUANOS S.A.;;
C;GENERAL;10025530;SILLA EUROSIT COLOR NEGRO;GASTOS ADMINISTRATIVOS;UND;0.62;1;57.93;HOMECENTERS PERUANOS S.A.;;
C;GENERAL;10025423;ARMARIO TITAN ALTO KETER;GASTOS DE GESTIÓN;UND;0.12;1;49.92;HOMECENTERS PERUANOS S.A.;;
C;GENERAL;10026149;"EXTRACTOR DE AIRE INDUSTRIAL DE 16"" 220V 150W  ULIX";REPUESTOS;UND;0.25;1;35.66;HOMECENTERS PERUANOS S.A.;;
C;GENERAL;10018654;RETEN PARA TAPA CON DOBLE LABIO 28 X 36 X 5.7;REPUESTOS;UND;0.99;1;16.86;RUCONSA S.A.C.;;
C;GENERAL;10023150;DASH  Ø EXTERIOR 76 X Ø INTERIOR 66.8 X 10.3;REPUESTOS;UND;0.12;1;13.66;RUCONSA S.A.C.;;
C;GENERAL;10019392;RETEN PARA EMBOLO 53 X 63 X 8;REPUESTOS;UND;0.5;1;10.55;RUCONSA S.A.C.;;
C;GENERAL;10012262;RETEN PARA TAPA 25 X 33 X 5 DOBLE LABIO;REPUESTOS;UND;0.25;1;3.8;RUCONSA S.A.C.;;
C;GENERAL;10007590;PISTON SEAL 40 X 29 X 4.2 K17;REPUESTOS;UND;0.25;1;4.92;RUCONSA S.A.C.;;
C;GENERAL;10013853;RETEN PARA EMBOLO 40 X 50 X 8;REPUESTOS;UND;0.25;1;2.27;RUCONSA S.A.C.;;
C;GENERAL;10014927;PISTON SEAL 75 X 90 X 6;REPUESTOS;UND;0.12;1;6.31;RUCONSA S.A.C.;;
C;GENERAL;10019320;PISTON SEAL 28 X 40 X 4;REPUESTOS;UND;0.25;1;5.91;RUCONSA S.A.C.;;
C;GENERAL;10021984;BUFFER 32 X 42 X 4;REPUESTOS;UND;0.25;1;5.28;RUCONSA S.A.C.;;
C;GENERAL;10022828;GUIA POM 36 X 41 X 5.5;REPUESTOS;UND;0.37;1;4.74;RUCONSA S.A.C.;;
C;GENERAL;10018872;RETEN HIDRAULICO 25 X 33 X 5;REPUESTOS;UND;0.37;1;5.37;RUCONSA S.A.C.;;
C;GENERAL;10018454;RETEN PARA EMBOLO 40 X 50 X 9.5;REPUESTOS;UND;0.25;1;5.28;RUCONSA S.A.C.;;
C;GENERAL;10022135;RETEN PARA TAPA 36 X 46 X 8 DOBLE LABIO;REPUESTOS;UND;0.25;1;4.64;RUCONSA S.A.C.;;
C;GENERAL;10018455;RETEN PARA TAPA 36 X 46 X 7.3 DOBLE LABIO;REPUESTOS;UND;0.25;1;5.06;RUCONSA S.A.C.;;
C;GENERAL;10012516;RETEN PARA TAPA 22 X 32 X 7.5 DOBLE LABIO;REPUESTOS;UND;0.25;1;3.8;RUCONSA S.A.C.;;
C;GENERAL;10020272;GUIA;REPUESTOS;UND;0.12;1;2.1;RUCONSA S.A.C.;;
C;GENERAL;10020620;PISTON SEAL ØEXT 50MM X 3.5 MM DE ALTURA;REPUESTOS;UND;0.12;1;3.68;RUCONSA S.A.C.;;
C;GENERAL;10012405;ORING 2.62 2-144 (63.17-68.41) VITON;REPUESTOS;UND;0.25;1;1.48;RUCONSA S.A.C.;;
C;GENERAL;10013860;PISTON SEAL 38 X 50 X 4;REPUESTOS;UND;0.12;1;3.15;RUCONSA S.A.C.;;
C;GENERAL;10023149;"RETEN PARA TAPA CON ORING INTERNO  1 1/2"" X 2"" X 3/8""";REPUESTOS;UND;0.12;1;3.15;RUCONSA S.A.C.;;
C;GENERAL;10013081;ORING 2.62 2-150 (72.69-77.93) VITON;REPUESTOS;UND;0.25;1;2.11;RUCONSA S.A.C.;;
C;GENERAL;10013071;ORING 2.62 2-138 (53.64-58.88) VITON;REPUESTOS;UND;0.25;1;0.42;RUCONSA S.A.C.;;
C;GENERAL;10019373;RETEN PARA TAPA DOBLE LABIO 28 X 38 X 6;REPUESTOS;UND;0.12;1;2.1;RUCONSA S.A.C.;;
C;GENERAL;10012154;ORING MM 2.70 x 47.00 NITRILO;REPUESTOS;UND;0.25;1;0.42;RUCONSA S.A.C.;;
C;GENERAL;10013703;PLANTILLA PARA ROTULACION;SUMINISTROS;UND;9.21;1;61.15;INVERSIONES MULTIGRAFIC E.I.R.L.;;
C;GENERAL;10010394;IMPRESION FORMATOS INTERNOS;SUMINISTROS;UND;0.12;1;16.81;INVERSIONES MULTIGRAFIC E.I.R.L.;;
C;GENERAL;10025273;IMPRESION DE PLANOS;GASTOS ADMINISTRATIVOS;UND;0.12;1;5.78;INVERSIONES MULTIGRAFIC E.I.R.L.;;
C;GENERAL;10026289;ALMOHADILLA PARA SELLO PRINTER S-826;REPUESTOS;UND;0.12;1;1.26;INVERSIONES MULTIGRAFIC E.I.R.L.;;
C;GENERAL;10023946;COLUMNA DE MAQUINA SOPLADORA;REPUESTOS;UND;0.12;1;104.47;CROMARSA EIRL;;
C;GENERAL;10004843;ESCARPIN DE CUERO CROMO P/SOLDADOR;SUMINISTROS;UND;0.12;1;2.05;HUAYAMBAL CASTILLO JUNIOR ARMANDO;;
C;GENERAL;10011515;VALVULA PRECOMANDADA;REPUESTOS;UND;0.12;1;148.87;IEX S.A.;;
C;GENERAL;10026480;VENTILADOR AXIAL FAN AC 110V 80W;REPUESTOS;UND;0.12;1;120.79;SERVICIO DE MANTENIMIENTO CNC MAN E.I.R.L.;;
C;GENERAL;10026482;REFLECTOR LED DE 115 V 50 W;REPUESTOS;UND;0.12;1;16.39;SERVICIO DE MANTENIMIENTO CNC MAN E.I.R.L.;;
C;GENERAL;10026481;PILA BATERIA LIR 2012 DE 3.6V;REPUESTOS;UND;0.12;1;4.31;SERVICIO DE MANTENIMIENTO CNC MAN E.I.R.L.;;
C;GENERAL;10017676;PEDESTAL PARA EXTINTOR;SUMINISTROS;UND;0.12;1;8.06;MYMOTIVOS CORP SAC;;
C;GENERAL;10017569;CORREAJE PARA EXTINTOR;SUMINISTROS;UND;0.12;1;0.5;MYMOTIVOS CORP SAC;;
C;GENERAL;10011200;PERFORADOR;SUMINISTROS;UND;0.12;1;0.93;CONTINENTAL S.A.C.;;
C;GENERAL;10008500;AMPERIMETRO DIGITAL CON BASE MARCA EMAS, MODELO RDA 1A;REPUESTOS;UND;0.12;1;29.42;ALLTRONICS PERU SAC;;
C;GENERAL;10026778;RETEN RADIAL 150 X 180 X 12;REPUESTOS;UND;0.25;1;69.72;VELASCO INGENIEROS E.I.R.L.;;
C;GENERAL;10027351;FAJA EN V C - 2050;REPUESTOS;UND;0.37;1;25.29;VELASCO INGENIEROS E.I.R.L.;;
C;GENERAL;10025968;ESMERIL ANGULAR INALAMBRICO DEWALT 20V DCG413B-K3 CON BATERIA Y CARGADOR;REPUESTOS;UND;0.12;1;63.05;LOPEZ VILELA LORENZO;;
C;GENERAL;10020011;LLAVE DE BOCA 30 - 32MM;SUMINISTROS;UND;0.25;1;7.39;LOPEZ VILELA LORENZO;;
C;GENERAL;10027025;BALDOSAS DE POLIPROPILENO ALTO IMPACTO COLOR AZUL;SUMINISTROS;UND;12.44;1;85.58;DIAZ COTERA ARTIDORO WILFREDO;;
C;GENERAL;10026519;COMPRESOR DE AIRE ACONDICIONADO MODELO  ASL 152DG - C7EU1 GAS R410A;REPUESTOS;UND;0.12;1;80.92;COLD IMPORT S A;;
C;GENERAL;10026466;PANTALLA + CAMARA RETROCESO;REPUESTOS;UND;0.12;1;68.2;HUNTER NEGOCIOS E INVERSIONES S.A.C.;;
C;GENERAL;10026467;CABLEADO ADICIONAL PARA CAMARA;REPUESTOS;UND;0.12;1;4.96;HUNTER NEGOCIOS E INVERSIONES S.A.C.;;
C;GENERAL;10026468;BOTONES ON OF;REPUESTOS;UND;0.12;1;3.72;HUNTER NEGOCIOS E INVERSIONES S.A.C.;;
C;GENERAL;10026469;TERMINALES + CABLE;REPUESTOS;UND;0.12;1;2.48;HUNTER NEGOCIOS E INVERSIONES S.A.C.;;
C;GENERAL;10026470;FUSIBLE AÉREO PARA CAMIÓN;REPUESTOS;UND;0.12;1;1.24;HUNTER NEGOCIOS E INVERSIONES S.A.C.;;
C;GENERAL;10021492;PORTA PARA AVELLANAR CFSPR041S16L TS4 CLAMP TORQUE 3.5N m (2.58FT.LBF);SUMINISTROS;UND;0.12;1;45.76;JULCA AROTUMA LUIS FERNANDO;;
C;GENERAL;10026268;TARGETS PARA ESCANEO 3D;EQUIPOS E INSTRUMENTOS;UND;0.37;1;1.56;FABRICACIONES DIGITALES DEL PERU S.A;;
C;GENERAL;10018298;TOMATODOS X 1LT;SUMINISTROS;UND;16.42;1;69.59;A Y M PLAST S.R.L.;;
C;GENERAL;10021059;"GARRUCHA GIRATORIA DE 4"" CON FRENO Y ESPIGA DE 1/2.";REPUESTOS;UND;0.99;1;59.03;TUYA MORENO MARISELA MERCEDES BELENITA;;
C;GENERAL;10024334;ESCALERA DE TIJERA DE 8 PASOS;ACTIVOS FIJOS;UND;0.12;1;68.31;INVERSIONES ESCALUMI S.A.C.;;
C;GENERAL;10025180;"TUBOS CUADRAROS DE 1 1/2"" X 1 1/2""";SUMINISTROS;UND;0.25;1;7.39;GRUPO CHEGAR SAC;;
C;GENERAL;10027162;MANGUITO CONICO DE FIJACION  3020 - DIAMETRO 50 MM;REPUESTOS;UND;0.25;1;17.42;CORPORACION RODASUR SAC;;
C;GENERAL;10026967;PESA DE LABORATORIO DE 20 KG;SUMINISTROS;UND;0.12;1;55.8;TEST & CONTROL SAC;;
C;GENERAL;10025658;Marcadores de tensión superficial;GASTOS ADMINISTRATIVOS;UND;0.12;1;49.97;LINE TECH E.I.R.L.;;
C;GENERAL;10024573;CALIBRADOR DE GALGAS;SUMINISTROS;UND;0.12;1;3.75;IMPORTACIONES INDUSTRIALES BENDEZU E.I.R.L.;;
C;GENERAL;10025761;LLAVE MIXTA 26;SUMINISTROS;UND;0.12;1;5.84;CORPORACION INDUSTRIAL TRADING S.A.C.;;
C;GENERAL;10007842;VIDRIO P / SOLDADOR # 12;SUMINISTROS;UND;0.25;1;0.5;CORPORACION INDUSTRIAL TRADING S.A.C.;;
C;GENERAL;10009904;VIDRIO OSCURO SOLDAR # 12;SUMINISTROS;UND;0.25;1;0.5;CORPORACION INDUSTRIAL TRADING S.A.C.;;
C;GENERAL;10026304;BICICLETA CONVENCIONAL;GASTO DE VENTAS;UND;0.12;1;40.98;KCORAHUA ZARATE WIBERT DANIEL;;
C;GENERAL;10025774;JEBE PARA MALLA DE SERIGERAFIA 3500 X 25 X 0.5  SH MEDIUM;REPUESTOS;RLL;0.12;1;38.97;REPRESENTACIONES ACTIVAS SOCIEDAD ANONIMA / REPRESENTACIONES ACTIVAS S.A.;;
C;GENERAL;10026408;PULUZ PHOTO CAJA PARA TOMAS DIGITALES  3D;SUMINISTROS;UND;0.12;1;38.88;DATA STORE PERU S.A.C.;;
C;GENERAL;10010041;EXTINTOR DE PQS DE 09 KG;SUMINISTROS;UND;0.12;1;10.27;MEGAESTRUCTURAS LENNON S.R.L.;;
C;GENERAL;10026471;CONOS DE SEGURIDAD DE 70 CM;SUMINISTROS;UND;0.25;1;9.27;MEGAESTRUCTURAS LENNON S.R.L.;;
C;GENERAL;10025973;PIEZAS DE RASTREADOR;MATERIALES AUXILIARES;UND;0.5;1;34.86;MOSQUERA MELENDEZ ERIKA BEATRIZ;;
C;GENERAL;10026030;"MANGUERA FLEXIBLE PARA GAS NATURAL 1.5mts. - 3/8"" X 1/2"" X 1/2""";REPUESTOS;UND;0.12;1;4.47;HUNTER PERU SAC;;
C;GENERAL;10026946;BALANZA ELECTRONICA COLGANTE CON PANTALLA DIGITAL;EQUIPOS E INSTRUMENTOS;UND;0.12;1;30.05;OFESSION E.I.R.L.;;
C;GENERAL;10025224;LICENCIA MICROSOFT OFFICE 2021 PROFESIONAL (versión perpetua);SUMINISTROS;UND;0.12;1;24.65;GROUP SYSTEM COMPANY PERU S.A.C.;;
C;GENERAL;10019585;POTENCIOMETRO DE PRECISION  10K MULTIVUELTA;REPUESTOS;UND;0.25;1;22.91;FELCO E.I.R.LTDA;;
C;GENERAL;10026752;PARLANTE ES INTERNOS PARA ACER R+L;SUMINISTROS;UND;0.12;1;22.32;LCRS IMPORTS & SOLUTIONS E.I.R.L.;;
C;GENERAL;10026748;TUBO DE 32 MM PPR;REPUESTOS;UND;0.12;1;0.74;JANA GROUP FERRETEROS S.A.C.;;
C;GENERAL;10026423;PAPEL KRAFT;SUMINISTROS;RLL;0.25;1;12.45;PSV GROUP PERU E.I.R.L.;;
C;GENERAL;10018760;"GARRUCHAS GIRATORIAS DE 4"" CON FRENO Y ESPIGA  M16";REPUESTOS;UND;0.25;1;10.02;MULTIREPUESTOS RAMOS PERU E.I.R.L.;;
C;GENERAL;10026745;"TEE MECANICA SALIDA ROSCADA  3"" X 1""";REPUESTOS;UND;0.37;1;5.69;SUAREZ AVILA CRISTIAN;;
C;GENERAL;10026746;"TEE MECANICA 2"" X 1"" RANURADO";REPUESTOS;UND;0.25;1;2.75;SUAREZ AVILA CRISTIAN;;
C;GENERAL;10025575;STIKERS DE IDENTIFICACION DE CARGAS Y DIFERENCIALES PARA TABLERO ELECTRICO;REPUESTOS;UND;3.11;1;9.01;GJK ESMAYDER ELECTRIC S.A.C.;;
C;GENERAL;10026739;PISO PARA JEBE NEGRO;SUMINISTROS;UND;0.12;1;5.25;GRIMALDO ZUBIETA ROBERT GIANCARLO;;
C;GENERAL;10025549;TOCAS DESCARTABLES PARA CABELLO;SUMINISTROS;UND;0.12;1;7.67;GLOBAL PERU NORTE S.A.C.;;
C;GENERAL;10021956;PIEDRA PARA ESMERIL A60 N5 V1 (152.4X19.05X31.8) ALCAR ABRASIVOS;REPUESTOS;UND;0.12;1;7.48;DEF PERU S.A.C.;;
C;GENERAL;10018181;TACO METALICO DE EXPANSION 3/8 X 3;REPUESTOS;UND;0.62;1;0.79;3M SOLUTIONS S.A.C.;;
C;GENERAL;10026402;UNION MIXTA PVC;REPUESTOS;UND;0.12;1;0.37;3M SOLUTIONS S.A.C.;;
C;GENERAL;10026047;MICROFONO CON CABLE;GASTOS ADMINISTRATIVOS;UND;0.12;1;4.2;CORPORACION AMERICANA DEL SONIDO E.I.R.L.;;
C;GENERAL;10026413;RETARDADOR VINILICO X LT;MATERIALES AUXILIARES;LT;0.12;1;2.78;CORPORACION GOLDEN ANKA S.A.C.;;
C;GENERAL;10026510;TAPAS DE APLICADOR DE ALUMINIO;SUMINISTROS;UND;0.37;1;1.12;CORPORACION GOLDEN ANKA S.A.C.;;
C;GENERAL;10019223;"CODE DE PVC DE 2"" X 45° PARA DESAGUE";REPUESTOS;UND;0.12;1;0.42;CAMASCA HIDRAULICOS E.I.R.L;;
C;GENERAL;10025366;PARES DE BALUNES PASIVOS HIKVISION DS-1H18S/E;SUMINISTROS;UND;0.25;1;3.17;SECURITY CORPORATE SUPPLY S.A.;;
C;GENERAL;10007094;VENTILADOR DE ALUMINIO PARA MOTOR ELECTRICO;REPUESTOS;UND;0.12;1;1.68;PAUCAR CASTELLARES GERTRUDIZ;;
C;GENERAL;10021908;VASO DESCARTABLE (GASTO);GASTOS ADMINISTRATIVOS;UND;62.21;1;1.34;COMPAÑIA HARD DISCOUNT S.A.C.;;
C;GENERAL;10026758;PIN DE EXPANCION 4 X 50 mm;REPUESTOS;UND;0.25;1;0.63;IMPORTACIONES CNR ROMERO SAC;;
C;INFLAMABLE;10023929;ALCOHOL ISOPROPILICO 70%;SUMINISTROS;UND;1.11;14;16.93;DISTRIBUIDORA DAMAFI E.I.R.L.;;
C;INFLAMABLE;10004656;SOLVENTE DIELECTRICO SQP-353;SUMINISTROS;BIDON;1.62;14;353.47;SOLUCIONES QUIMICAS DEL PERU S.A.;;
C;INFLAMABLE;10014456;DISOLVENTE;REPUESTOS;UND;2.99;6;106.28;DISTRIBUIDORA Y MATIZADOS VELSA ST S.A.C;;
C;INFLAMABLE;10025984;THINNER ACRILICO REFORZADO AC-350;SUMINISTROS;UND;0.25;2;3.8;DISTRIBUIDORA Y MATIZADOS VELSA ST S.A.C;;
C;QUIMICO;10010800;"RODILLO DE 9"" PARA PINTURA";SUMINISTROS;UND;0.36;13;2.74;DISTRIBUIDORA DAMAFI E.I.R.L.;;
C;QUIMICO;10004486;PINTURA LATEX;SUMINISTROS;UND;3.36;13;76.86;DISTRIBUIDORA Y MATIZADOS VELSA ST S.A.C;;
C;QUIMICO;10009329;"RODILLO DE 9"" PARA PINTURA EPOXICA";SUMINISTROS;UND;1.86;12;20.52;DISTRIBUIDORA DAMAFI E.I.R.L.;;
C;QUIMICO;10004034;DESENGRASANTE DISOLV-10 SQP-295-F X 5 GALONES;SUMINISTROS;BIDON;0.1;12;22.22;SOLUCIONES QUIMICAS DEL PERU S.A.;;
C;QUIMICO;10020633;GRASA ALHENA 2 EP - QUAKER 4.5 KG;SUMINISTROS;UND;1.99;10;475.75;RENTAL FLEET CAR SAC;;
C;QUIMICO;10005323;PINTURA ALTO TRAFICO;SUMINISTROS;UND;7.59;9;315.14;DISTRIBUIDORA Y MATIZADOS VELSA ST S.A.C;;
C;QUIMICO;10010752;PINTURA ESMALTE;SUMINISTROS;GL;13.06;8;442.81;DISTRIBUIDORA Y MATIZADOS VELSA ST S.A.C;;
C;QUIMICO;10011974;CARTUCHO 6001 PACK X 2- 3M- TRABAJOS DE PINTURA;SUMINISTROS;PAR;1.49;7;46.82;DISTRIBUIDORA DAMAFI E.I.R.L.;;
C;QUIMICO;10017585;SUPER GRASA SLIDE;SUMINISTROS;UND;0.75;7;44.89;DISTRIBUIDORA DAMAFI E.I.R.L.;;
C;QUIMICO;10006162;SILICONA PARA VIDRIO X300ml;SUMINISTROS;UND;1.24;6;10.54;QUISPE GUEVARA JOSE YOSMER;;
C;QUIMICO;10018561;RETEN LIMPIADOR;REPUESTOS;UND;1.12;5;14.24;NICOVAL IMPORTACIONES E.I.R.L.;;
C;QUIMICO;10025751;BOLSAS DE PEGAMENTO EXTRAFORTE PARA ENCHAPE;SUMINISTROS;UND;0.62;4;17.86;TIENDAS DEL MEJORAMIENTO DEL HOGAR SA;;
C;QUIMICO;10017730;GRASA LIQUIDA HAAS CON P/N 93-3168;SUMINISTROS;UND;0.74;4;616.08;SOLES RAMIREZ RAFAEL DANIEL;;
C;QUIMICO;10025910;SILICONA LIQUIDA;SUMINISTROS;LT;0.12;4;0.55;CONTINENTAL S.A.C.;;
C;QUIMICO;10010995;STICKER PAPEL AUTOADHESIVO;SUMINISTROS;UND;4.1;4;2.95;INVERSIONES NKM E.I.R.L.;;
C;QUIMICO;10011203;LUBRICANTE HIDROLINA;SUMINISTROS;LT;0.75;3;12.01;DISTRIBUIDORA DAMAFI E.I.R.L.;;
C;QUIMICO;10024396;PEGAMENTO PARA PVC ALTA PRESION OATEY AZUL 946mL;REPUESTOS;UND;0.37;3;5.69;DISTRIBUIDORA DAMAFI E.I.R.L.;;
C;QUIMICO;10025061;GUANTE GRASAS Y ACEITE G40 KIMBERLY KLARK;SUMINISTROS;PAR;0.62;3;4.73;GRUPO ALCA COMPANY S.A.C.;;
C;QUIMICO;10024872;PEGAMENTO SUPER GLUE;SUMINISTROS;UND;1.62;2;1.14;DISTRIBUIDORA DAMAFI E.I.R.L.;;
C;QUIMICO;10025271;ESPUMA LIMPIADORA;SUMINISTROS;UND;0.25;2;4.48;CLEAR FAST E.I.R.L.;;
C;QUIMICO;10014681;CARTUCHO SEPARADOR DE ACEITE P/COMPRESOR KAESER CSD100;REPUESTOS;UND;0.25;2;504.88;TECHNICAL SERVICE PERU S.A.C.;;
C;QUIMICO;10014814;RETEN LIMPIADOR 22 X 30 X 4.5/6;REPUESTOS;UND;0.87;2;2.21;NICOVAL IMPORTACIONES E.I.R.L.;;
C;QUIMICO;10018372;RETEN LIMPIADOR 25 X 33 X 4.5/6;REPUESTOS;UND;0.5;2;6.33;NICOVAL IMPORTACIONES E.I.R.L.;;
C;QUIMICO;10012080;RETEN LIMPIADOR 45 X 53 X 5/6.5;REPUESTOS;UND;0.5;2;8.44;NICOVAL IMPORTACIONES E.I.R.L.;;
C;QUIMICO;10018664;RETEN LIMPIADOR 35 X43 X 5.5/8.5;REPUESTOS;UND;0.5;2;6.33;NICOVAL IMPORTACIONES E.I.R.L.;;
C;QUIMICO;10013866;RETEN LIMPIADOR 25.4 X 34.93 X 4.46 / 7.15;REPUESTOS;UND;0.12;2;1.58;NICOVAL IMPORTACIONES E.I.R.L.;;
C;QUIMICO;10026214;GAS REFRIGERANTE  R404A;SUMINISTROS;GL;0.37;2;122.72;SIBERIAN COMPANY E.I.R.L.;;
C;QUIMICO;10026737;VENTOSA DE NBR MOD ESS - 20 - CS DE SILICONA  DE 3.5 FUELLES;REPUESTOS;UND;0.75;2;143.66;FOREST - ELECTROMECHANIC SOLUTION EIRL;;
C;QUIMICO;10008608;FILTRO DE ACEITE DE DIA. EXT. 50 mm DIA. INT. 25 mm LONG 206 mm;REPUESTOS;UND;0.12;2;16.69;MV INDUSTRIAL ELECTRONICS SOLUTIONS E.I.R.L.;;
C;QUIMICO;10011283;APLICADOR DE SILICONA;SUMINISTROS;UND;0.25;2;3.17;CAMASCA HIDRAULICOS E.I.R.L;;
C;QUIMICO;10026962;SILICONA LÍQUIDA VISTONY WHITE 300 ML;SUMINISTROS;UND;0.25;1;6.33;DISTRIBUIDORA DAMAFI E.I.R.L.;;
C;QUIMICO;10004651;SILICONA PLOMA;SUMINISTROS;UND;0.12;1;0.95;DISTRIBUIDORA DAMAFI E.I.R.L.;;
C;QUIMICO;10026113;PINTURA PARA TRÁFICO AMARILLO - PTM 2020;SUMINISTROS;GL;0.37;1;15.49;DISTRIBUIDORA Y MATIZADOS VELSA ST S.A.C;;
C;QUIMICO;10016839;ACEITE MINERAL 160P MARCA DANFOSS 2 LITROS;REPUESTOS;UND;0.37;1;86.93;CHINCHAY LUCA FRANCISCO DONATILO;;
C;QUIMICO;10022052;CABLE SILICONADO CON FORRO DE FIBRA DE VIDRIO Nº14 AWG;REPUESTOS;RLL;0.12;1;45.26;ALFA ELECTRIC SOLUTION S.A.C.;;
C;QUIMICO;10007691;GRASA PARA RODAMIENTO VKG 1/0.4 SKF;SUMINISTROS;UND;0.12;1;7.59;RODAMIENTOS FAB PERU S.A.C.;;
C;QUIMICO;10007618;DESTORNILLADOR PLANO DIELECTRICO 10 PULGA 1000V;SUMINISTROS;UND;0.12;1;6.57;ARL INDUSTRIAL SAC;;
C;QUIMICO;10007619;DESTORNILLADOR ESTRELLA DIELECTRICO 10 PULGADAS;SUMINISTROS;UND;0.12;1;6.57;ARL INDUSTRIAL SAC;;
C;QUIMICO;10006041;LUBRICANTE EN SPRAY;SUMINISTROS;UND;0.25;1;7.47;CLEAR FAST E.I.R.L.;;
C;QUIMICO;10018042;SODA CAUSTICA;SUMINISTROS;UND;0.12;1;6.57;CLEAR FAST E.I.R.L.;;
C;QUIMICO;10026212;ACEITE PARA COCINA;SUMINISTROS;GL;0.12;1;6.14;CLEAR FAST E.I.R.L.;;
C;QUIMICO;10025448;GALON DE SILICONA MULTIUSOS MARCA FRISS;SUMINISTROS;GL;0.12;1;6.08;CLEAR FAST E.I.R.L.;;
C;QUIMICO;10009911;PEGAMENTO 25 KG EXTRA FUERTE;SUMINISTROS;UND;0.12;1;1.86;CLEAR FAST E.I.R.L.;;
C;QUIMICO;10008610;VISOR DE ACEITE N°PARTE 02250081-779;REPUESTOS;UND;0.12;1;131.81;TECHNICAL SERVICE PERU S.A.C.;;
C;QUIMICO;10013882;ACEITERA MANUAL;SUMINISTROS;UND;0.12;1;1.62;DITTO PERU SAC;;
C;QUIMICO;10021360;VISOR DE NIVEL DE ACEITE HIDRAULICO ( LG6 - 05 );REPUESTOS;UND;0.12;1;23.19;JG HYDRAULIK S.A.C;;
C;QUIMICO;10012343;RETEN LIMPIADOR 40 X 48 X 4/7;REPUESTOS;UND;0.12;1;2.1;NICOVAL IMPORTACIONES E.I.R.L.;;
C;QUIMICO;10007788;LIMPIADOR 45 X53 X 6/8 K10;SUMINISTROS;UND;0.25;1;5.28;NICOVAL IMPORTACIONES E.I.R.L.;;
C;QUIMICO;10012423;LIMPIADOR 25 X 32 X 4.5/6 WR01 PU;REPUESTOS;UND;0.37;1;4.74;NICOVAL IMPORTACIONES E.I.R.L.;;
C;QUIMICO;10008263;LIMPIADOR 35 X 43 X 5/7;SUMINISTROS;UND;0.25;1;4.22;NICOVAL IMPORTACIONES E.I.R.L.;;
C;QUIMICO;10012278;RETEN LIMPIADOR 58 X 50 X 4/7;REPUESTOS;UND;0.25;1;4.22;NICOVAL IMPORTACIONES E.I.R.L.;;
C;QUIMICO;10022136;RETEN LIMPIADOR 36 X 44 X 4.5/ 6;REPUESTOS;UND;0.25;1;3.8;NICOVAL IMPORTACIONES E.I.R.L.;;
C;QUIMICO;10026323;LIMPIADOR  LH 20X30X4.5 / 5.5;REPUESTOS;UND;0.25;1;3.8;NICOVAL IMPORTACIONES E.I.R.L.;;
C;QUIMICO;10012520;LIMPIADOR ØINT 22 X 30 X 5 X 7.5;REPUESTOS;UND;0.25;1;3.17;NICOVAL IMPORTACIONES E.I.R.L.;;
C;QUIMICO;10020375;RETEN LIMPIADOR 70 X 80 X 6/8.5;REPUESTOS;UND;0.12;1;3.15;NICOVAL IMPORTACIONES E.I.R.L.;;
C;QUIMICO;10012541;LIMPIADOR 60 X 70 X 5 KASTAS;REPUESTOS;UND;0.12;1;2.94;NICOVAL IMPORTACIONES E.I.R.L.;;
C;QUIMICO;10012158;RETEN LIMPIADOR 45 X 53 X 4/7;REPUESTOS;UND;0.12;1;2.1;NICOVAL IMPORTACIONES E.I.R.L.;;
C;QUIMICO;10012702;LIMPIADOR KASTAS 28 - 36;REPUESTOS;UND;0.12;1;2.1;NICOVAL IMPORTACIONES E.I.R.L.;;
C;QUIMICO;10018869;RETEN LIMPIADOR 36 X 44 X 5/ 8.5;REPUESTOS;UND;0.12;1;2.1;NICOVAL IMPORTACIONES E.I.R.L.;;
C;QUIMICO;10022800;RETEN LIMPIADOR 28 X 36 X 5;REPUESTOS;UND;0.12;1;2.1;NICOVAL IMPORTACIONES E.I.R.L.;;
C;QUIMICO;10011380;ACEITE ECOLOGICO;SUMINISTROS;UND;0.25;1;69.72;SIBERIAN COMPANY E.I.R.L.;;
C;QUIMICO;10027257;DETERGENTE LÍQUIDO FACIAL AROMA FLORAL 4L;SUMINISTROS;UND;0.25;1;7.36;TIENDAS DEL MEJORAMIENTO DEL HOGAR SA;;
C;QUIMICO;10010747;DIELECTRICO - REFRIGERANTE PARA ELECTROEROSIONADORA (CILINDRO X 55 GALONES);SUMINISTROS;UND;0.12;1;425.44;PROMAK PERU SAC;;
C;QUIMICO;10023326;GRASA MOVIL XHP 322 CON NP 99 - 1792;SUMINISTROS;UND;0.12;1;163.41;UMP DE PERU SOCIEDAD ANONIMA CERRADA;;
C;QUIMICO;10025142;ACEITE MOBIL SHC 625 CON NP 93-4575 (1 GL);SUMINISTROS;UND;0.12;1;126.86;UMP DE PERU SOCIEDAD ANONIMA CERRADA;;
C;QUIMICO;10023328;ACEITE PARA GUIAS LINEALES CON NP 93 - 3584;SUMINISTROS;UND;0.12;1;126.86;UMP DE PERU SOCIEDAD ANONIMA CERRADA;;
C;QUIMICO;10018453;RETEN LIMPIADOR 36 X 44 X 4/7;REPUESTOS;UND;0.25;1;3.59;RUCONSA S.A.C.;;
C;QUIMICO;10012263;RETEN HIDRAULICO LIMPIADOR 25X33X4.5/6;REPUESTOS;UND;0.25;1;3.17;RUCONSA S.A.C.;;
C;QUIMICO;10022542;LIMPIADOR 60 X 70 X 4.5 KASTAS;REPUESTOS;UND;0.12;1;3.15;RUCONSA S.A.C.;;
C;QUIMICO;10017616;"RETEN LIMPIADOR 1 1/2"" X 1 7/8"" X 3/16";REPUESTOS;UND;0.12;1;2.63;RUCONSA S.A.C.;;
C;QUIMICO;10026490;ACEITE PARA BOMBA DE VACIO DE 950 ML;SUMINISTROS;UND;0.12;1;3.94;REFRIGERACION RENZO S.A.;;
C;QUIMICO;10010849;ACIDO MURIATICO;SUMINISTROS;UND;0.25;1;3.12;COMPAÑIA FOOD RETAIL S.A.C.;;
C;SENSIBLE_UV;10026701;CINTA ADHESIVA 3M SCOTCH 550/TRANSPARENTE /19MM X 33M;SUMINISTROS;UND;12.19;16;15.73;CONTINENTAL S.A.C.;;
C;SENSIBLE_UV;10025960;LAINA DE ALUMINIO SIN IMPRESION P/TAPA B38 DIAM 37.00MM - (ESP. 0.32);COMPLEMENTO PT;UND;12754.05;15;899.16;CASTAÑEDA PALZA HENRY MARTIN;;
C;SENSIBLE_UV;10007488;"DISCO DE CORTE DESBASTE DE 4 1/2 """;SUMINISTROS;UND;6.09;15;32.23;RENTAL FLEET CAR SAC;;
C;SENSIBLE_UV;10011435;BOBINA DE BOLSAS  12 X 17;EMPAQUES y EMBALAJES;UND;4.6;14;25.36;DISTRIBUIDORA DAMAFI E.I.R.L.;;
C;SENSIBLE_UV;10014507;LAINAS RESPIRABLES DE ALUMINIO PARA B38 DIAM 36.6 MM;COMPLEMENTO PT;UND;5675.2;14;2104.93;ASEPTIC SOLUTIONS PERU SAC;;
C;SENSIBLE_UV;10008807;CARTON PLAST.;SUMINISTROS;MT;5.9;14;64.97;PERUANA DE EMBALAJES SAJIM E.I.R.L.;;
C;SENSIBLE_UV;10008141;ESCOBA PLASTICA GRANDE ROJO;SUMINISTROS;UND;4.11;10;34.12;DISTRIBUIDORA DAMAFI E.I.R.L.;;
C;SENSIBLE_UV;10025912;ETIQUETA 16-00001742 GALONERA SH ULTRALUCENT X4L - B36 V01 (POSTERIOR);EMPAQUES y EMBALAJES;UND;2277.29;10;259.38;YAVENGRAF SOCIEDAD ANONIMA CERRADA;;
C;SENSIBLE_UV;10025911;ETIQUETA 16-00001742 GALONERA SH ULTRALUCENT X4L - B36 V01 (FRONTAL);EMPAQUES y EMBALAJES;UND;2152.88;10;202.59;LABEL PERU SAC;;
C;SENSIBLE_UV;10025796;LAINA DE ALUMINIO LIFE PARA SELLADO POR INDUCCION EASY PEEL PESTAÑA 83.5 MM - EMPAQUES Y SERVICIOS;COMPLEMENTO PT;UND;833.89;9;168.78;EMPAQUES Y SERVICIOS S.A.C;;
C;SENSIBLE_UV;10005167;FOLDER DE PLASTICO A4;SUMINISTROS;UND;1.1;8;4.67;DISTRIBUIDORA DAMAFI E.I.R.L.;;
C;SENSIBLE_UV;10005355;CINTA ADHESIVA 3/4X36 YD PEGAFAN;SUMINISTROS;RLL;0.24;8;0.29;DIMERC PERU S.A.C.;;
C;SENSIBLE_UV;10025597;"Cinta adhesiva 2"" x 100 metros";EMPAQUES y EMBALAJES;UND;35.83;8;64.87;SOLPACK S.A.C.;;
C;SENSIBLE_UV;10020956;BOLSAS  ZIPLOCK;SUMINISTROS;PQT;1.12;7;0.24;DISTRIBUIDORA DAMAFI E.I.R.L.;;
C;SENSIBLE_UV;10010510;DISCO CORTE 7X1/16X7/8;SUMINISTROS;UND;1.87;6;10.11;DISTRIBUIDORA DAMAFI E.I.R.L.;;
C;SENSIBLE_UV;10024936;LAINA DE ALUMINIO LIFE PARA SELLADO POR INDUCCION EASY PEEL 1 PESTAÑA 83.5 MM;COMPLEMENTO PT;UND;14058.8;5;2786.45;CASTAÑEDA PALZA HENRY MARTIN;;
C;SENSIBLE_UV;10008142;ESCOBA PLASTICA GRANDE AZUL;SUMINISTROS;UND;3.61;5;41.28;DISTRIBUIDORA DAMAFI E.I.R.L.;;
C;SENSIBLE_UV;10026806;LAINA DE ALUMINIO LIFE PARA SELLADO POR INDUCCION EASY PEEL PESTAÑA B74 DIAM 73MM;COMPLEMENTO PT;UND;24882.83;4;4381.87;CASTAÑEDA PALZA HENRY MARTIN;;
C;SENSIBLE_UV;10026871;LAINA DE ALUMINIO LIFE P/POTE HANNA PARA SELLADO POR INDUCCION EASY PEEL PESTAÑA 84 MM;COMPLEMENTO PT;UND;7464.85;4;1389.96;CASTAÑEDA PALZA HENRY MARTIN;;
C;SENSIBLE_UV;10025684;TABLERO ADOSABLE DE PLASTICO DE 4 POLOS;REPUESTOS;UND;0.5;4;5.49;ARL INDUSTRIAL SAC;;
C;SENSIBLE_UV;10019407;CINTILLO DE 150 MM X BOLSA DE 100 UNIDADES;REPUESTOS;CTO;0.62;4;3.8;DITTO PERU SAC;;
C;SENSIBLE_UV;10013999;DISCO DE CORTE DIAMETRO 355MM X INTERIOR 25.4MM X ESPESOR 3MM;REPUESTOS;UND;1.99;4;42.9;RENTAL FLEET CAR SAC;;
C;SENSIBLE_UV;10025997;LAINA DE ALUMINIO SIN IMPRESION DIAMETRO 47.4MM ESPESOR 0.32MM;COMPLEMENTO PT;UND;4230.08;3;400.17;CASTAÑEDA PALZA HENRY MARTIN;;
C;SENSIBLE_UV;10026196;LAINA DE ALUMINIO CON IMPRESION CANDEAGRO DIAMETRO 47.8MM;COMPLEMENTO PT;UND;1244.14;3;117.32;CASTAÑEDA PALZA HENRY MARTIN;;
C;SENSIBLE_UV;10025264;LAINAS DE ALUMINIO A SELLADO POR INDUCCION SIN RESPALDO 60MM IMPRESION FITOVOL;COMPLEMENTO PT;UND;3231.66;2;409.77;CASTAÑEDA PALZA HENRY MARTIN;;
C;SENSIBLE_UV;10026754;LAINA DE ALUMINIO CON IMPRESIÓN FERTILIZER PRO FOLL DIAMETRO 47.8MM;COMPLEMENTO PT;UND;2488.28;2;236.14;CASTAÑEDA PALZA HENRY MARTIN;;
C;SENSIBLE_UV;10025093;"BOLSAS PE 28""X50"" X 2.2MM NAT C/FUELLE 2.5""";EMPAQUES y EMBALAJES;UND;24.88;2;15.41;IVOM PLAST SAC;;
C;SENSIBLE_UV;10005192;TABLERO PLASTICO;SUMINISTROS;UND;0.5;2;3.12;DISTRIBUIDORA DAMAFI E.I.R.L.;;
C;SENSIBLE_UV;10014615;ORDENADOR DE PLASTICO PARA REPUESTOS;SUMINISTROS;UND;0.12;2;0.71;DISTRIBUIDORA DAMAFI E.I.R.L.;;
C;SENSIBLE_UV;10026055;Adaptador de disco duro  de 2.5 a 3.5 SSD, bandeja de disco duro 3.5 Caddy-HP PROLIANT GENv8;SUMINISTROS;UND;0.37;2;96.15;CONSULTORIA EN TECNOLOGIA INFORMATICA Y SERVICIOS GENERALES E.I.R.L.;;
C;SENSIBLE_UV;10025320;LAINA DE ALUMINIO PARA SELLADO POR INDUCCION 47.80MM ESPESOR 0.32 LOGO TAPITA;COMPLEMENTO PT;UND;2488.28;1;244.6;CASTAÑEDA PALZA HENRY MARTIN;;
C;SENSIBLE_UV;10026753;LAINA DE ALUMINIO C/IMPRESION NOVAGRO-AG DIAMETRO 47.8MM;COMPLEMENTO PT;UND;1866.21;1;179.34;CASTAÑEDA PALZA HENRY MARTIN;;
C;SENSIBLE_UV;10023600;LAINAS DE ALUMINIO IMPRESION ITAM  DIAMETRO 36.20MM;COMPLEMENTO PT;UND;1244.14;1;121.43;CASTAÑEDA PALZA HENRY MARTIN;;
C;SENSIBLE_UV;10025902;LAINA DE ALUMINIO SIN IMPRESION P/TAPA PRECINTO B36 35.80 MM Y FRASCO ITALIANO- TROQUELADOS MOZO;COMPLEMENTO PT;UND;1244.14;1;83.86;CASTAÑEDA PALZA HENRY MARTIN;;
C;SENSIBLE_UV;10025300;"BOLSAS DE 27.5"" X 50"" X 2.2MM NAT CF 2.5";EMPAQUES y EMBALAJES;UND;24.88;1;15.06;IVOM PLAST SAC;;
C;SENSIBLE_UV;10025584;CINTA SCOTH TRANSPARENTE 19 MM X 32.9 M (36 YD);SUMINISTROS;UND;0.87;1;16.24;DISTRIBUIDORA DAMAFI E.I.R.L.;;
C;SENSIBLE_UV;10026432;CINTA DE EMBALAJE DE COLORES;EMPAQUES y EMBALAJES;UND;0.25;1;1.27;DISTRIBUIDORA DAMAFI E.I.R.L.;;
C;SENSIBLE_UV;10016469;CINTA DE DOBLE CONTACTO  3M;REPUESTOS;UND;0.12;1;0.63;DISTRIBUIDORA DAMAFI E.I.R.L.;;
C;SENSIBLE_UV;10005288;ESPONJERO N.10 PLASTICO REDONDO;SUMINISTROS;UND;0.12;1;0.42;DISTRIBUIDORA DAMAFI E.I.R.L.;;
C;SENSIBLE_UV;10023392;CINTA METRICA;SUMINISTROS;UND;0.12;1;0.31;DISTRIBUIDORA DAMAFI E.I.R.L.;;
C;SENSIBLE_UV;10027396;CINTA VINILICA  BLANCA SIN HADESIVO;REPUESTOS;UND;0.37;1;3.73;ALFA ELECTRIC SOLUTION S.A.C.;;
C;SENSIBLE_UV;10004037;"DISCO DE FIERRO 4 1/2""";SUMINISTROS;UND;0.75;1;2.98;ALFA ELECTRIC SOLUTION S.A.C.;;
C;SENSIBLE_UV;10025508;TABLERO ADOSABLE DE PLASTICO DE 8 POLOS;REPUESTOS;UND;0.12;1;1.98;ALFA ELECTRIC SOLUTION S.A.C.;;
C;SENSIBLE_UV;10026427;LAINA DE INDUCCIÓN RESPIRABLE SIN IMPRESIÓN 60 MM CON RESPALDO DE CARTÓN;COMPLEMENTO PT;UND;497.66;1;191.2;ASEPTIC SOLUTIONS PERU SAC;;
C;SENSIBLE_UV;10025576;TABLERO ADOSABLE DE PLASTICO DE 12  POLOS;REPUESTOS;UND;0.12;1;3.68;ARL INDUSTRIAL SAC;;
C;SENSIBLE_UV;10026426;CINTA ADHESIVA MULTIUSO;SUMINISTROS;UND;0.37;1;27.98;CLEAR FAST E.I.R.L.;;
C;SENSIBLE_UV;10016414;CINTA REFLECTIVA 3M;SUMINISTROS;MT;0.12;1;4.84;CLEAR FAST E.I.R.L.;;
C;SENSIBLE_UV;10025380;DISCO EXT. 2TB ADVANCE V10 3.0 TOSHIBA NEGRO (HDTCA20XK3AA);GASTOS ADMINISTRATIVOS;UND;0.25;1;77.85;CONSULTORIA EN TECNOLOGIA INFORMATICA Y SERVICIOS GENERALES E.I.R.L.;;
C;SENSIBLE_UV;10026100;Clonnador discos Hdd  Docking Station Triple 2.5 3.5 Ide Sata Usb 3.0 Ms Sf/md;SUMINISTROS;UND;0.12;1;49.84;CONSULTORIA EN TECNOLOGIA INFORMATICA Y SERVICIOS GENERALES E.I.R.L.;;
C;SENSIBLE_UV;10026552;CINTA TAFETAN;SUMINISTROS;UND;0.25;1;1.9;N & A SECURITY S.A.C.;;
C;SENSIBLE_UV;10026496;CINTA DE ALUMINIO;REPUESTOS;UND;0.25;1;7.22;SIBERIAN COMPANY E.I.R.L.;;
C;SENSIBLE_UV;10026348;"CINTA MASKING TAPE 3/4""";EMPAQUES y EMBALAJES;UND;0.12;1;1.36;TIENDAS DEL MEJORAMIENTO DEL HOGAR SA;;
C;SENSIBLE_UV;10026860;ETIQUETA COUCHE PRECISA 40MM X 75MM;EMPAQUES y EMBALAJES;UND;248.83;1;42.52;LABEL PERU SAC;;
C;SENSIBLE_UV;10008041;DISPENSADOR P/CINTA SCOTCH DE 3/4;SUMINISTROS;UND;0.37;1;2.27;DIMERC PERU S.A.C.;;
C;SENSIBLE_UV;10025697;LAINAS DE ALUMINIO PARA SELLADO X INDUCCION 97 M;COMPLEMENTO PT;UND;124.41;1;35.74;EMPAQUES Y SERVICIOS S.A.C;;
C;SENSIBLE_UV;10025753;DISCO DIAMANTADO VERDE PARA PORCELANATO Y MAYOLICA DE 4 1/2;REPUESTOS;UND;0.12;1;3.29;CORPORACION INDUSTRIAL TRADING S.A.C.;;
C;SENSIBLE_UV;10024927;"BANDEJA EXTERNA PARA ROLLOS DE ETIQUETAS DE TUCO DE 3""";SUMINISTROS;UND;0.12;1;19.95;ITP SOLUCIONES EIRL;;
C;SENSIBLE_UV;10017689;PANTALON EN TELA DRILL CON CINTA REFLECTIVA COLOR AZUL MARINO TALLA: 40;SUMINISTROS;UND;0.37;1;12.64;YALAN MAZZA ROCIO ALEXANDRA;;
D;CORROSIBLE;10004598;RODAMIENTO DE BOLA 6205 LU;REPUESTOS;UND;0.12;0;1.97;RODAMIENTOS SALAS S.R.L;;
D;CORROSIBLE;10023748;TUERCA CON BRIDA M14;REPUESTOS;UND;0.5;0;4.7;IMPORTACIONES INDUSTRIALES BENDEZU E.I.R.L.;;
D;ELECTRONICO;10008686;MODULO DE COMUNICACION FATEK;SUMINISTROS;UND;0.12;0;40.08;A & S AUTOMATIZACION INDUSTRIAL S.A.C;;
D;ELECTRONICO;10019230;CABLE DE PROGRAMCION PARA PLC FATEK USB - RS232;REPUESTOS;UND;0.12;0;18.98;A & S AUTOMATIZACION INDUSTRIAL S.A.C;;
D;EPP;10004677;TAPON MACHO 1 GALV;REPUESTOS;UND;0.5;0;1.69;DITTO PERU SAC;;
D;FILO;10017250;PLACA CARB P/FRESAR 8 FILOS SNEG1205ANR-GR YBG-205;SUMINISTROS;CJA;0.12;0;3.1;KOVES PERU SAC;;
D;GENERAL;10011506;CANASTILLA;REPUESTOS;UND;1.49;0;18.98;DISTRIBUIDORA DAMAFI E.I.R.L.;;
D;GENERAL;10008795;ALAMBRE NEGRO N° 16;SUMINISTROS;KG;0.62;0;3.69;DISTRIBUIDORA DAMAFI E.I.R.L.;;
D;GENERAL;10027440;"LLAVE DE BOLA DE 1"" PVC";SUMINISTROS;UND;0.12;0;2.31;DISTRIBUIDORA DAMAFI E.I.R.L.;;
D;GENERAL;10004035;DESARMADOR DADO 7MM;SUMINISTROS;UND;0.12;0;2.1;DISTRIBUIDORA DAMAFI E.I.R.L.;;
D;GENERAL;10027314;"PERFIL DE FIERRO EN T DE 1 1/2 X 1 1/2 X 1 1/2""   ESPESOR 3/16""";SUMINISTROS;UND;0.12;0;20.49;CHINCHAY LUCA FRANCISCO DONATILO;;
D;GENERAL;10018236;ALICATE SEEGER INTERIOR;REPUESTOS;UND;0.12;0;6.2;ALFA ELECTRIC SOLUTION S.A.C.;;
D;GENERAL;10012175;RETEN RADIAL 95 - 120 - 12;REPUESTOS;UND;0.25;0;3.76;RODAMIENTOS FAB PERU S.A.C.;;
D;GENERAL;10027469;CASE NUEVO, CABLEADO E INSTALACION DE PARTES;SUMINISTROS;UND;0.12;0;24.68;SERMULTEC PACIFIC S.R.L.;;
D;GENERAL;10027468;TAPA LATERAL DE CPU;SUMINISTROS;UND;0.12;0;11.04;SERMULTEC PACIFIC S.R.L.;;
D;GENERAL;10027466;KIT DE DESARMADORES MULTIFUNCIONALES PARA PCS Y LAPTOP;SUMINISTROS;UND;0.12;0;8.06;SERMULTEC PACIFIC S.R.L.;;
D;GENERAL;10027467;PASTA TERMICA MAXTOR CTG8 4.GR CERTIFICADA (12.8WMK) SERIE HI010001589321;SUMINISTROS;UND;0.12;0;4.77;SERMULTEC PACIFIC S.R.L.;;
D;GENERAL;10017355;TEE HIDRAULICO;REPUESTOS;UND;0.75;0;30.35;DITTO PERU SAC;;
D;GENERAL;10020648;GUIA POM 35 X 40 X 6;REPUESTOS;UND;0.37;0;5.37;NICOVAL IMPORTACIONES E.I.R.L.;;
D;GENERAL;10019394;GUIA POM 35 X 40 X 7;REPUESTOS;UND;0.5;0;6.33;RUCONSA S.A.C.;;
D;GENERAL;10020649;GUIA POM 58 X 63 X 9.7;REPUESTOS;UND;0.25;0;4.22;RUCONSA S.A.C.;;
D;GENERAL;10012617;ORING 3.53 2-228 (56.74-63.80) VITON;REPUESTOS;UND;0.25;0;1.9;RUCONSA S.A.C.;;
D;GENERAL;10020651;ORING MM 4.00 x 56.00 VITON;REPUESTOS;UND;0.25;0;0.85;RUCONSA S.A.C.;;
D;GENERAL;10023533;TAPACANTO P/ MELAMINE;SUMINISTROS;UND;3.11;0;4.22;DISTRIBUIDOR AR SOCIEDAD ANONIMA CERRADA;;
D;QUIMICO;10019396;RETEN LIMPIADOR 35 X 43 X 4.5/6;REPUESTOS;UND;0.25;0;3.59;NICOVAL IMPORTACIONES E.I.R.L.;;
D;SENSIBLE_UV;10027352;LAINAS DE ALUMINIO IMPRESION FOLSVITA DIAMETRO  47.80MM;COMPLEMENTO PT;UND;622.07;0;58.29;CASTAÑEDA PALZA HENRY MARTIN;;
D;SENSIBLE_UV;10027213;MANIJA DE PLASTICO PARA PUERTA ABS;REPUESTOS;UND;0.25;0;8.71;CLEAR FAST E.I.R.L.;;
